Tile ID,Protein Sequence,Structure
P52339_106,DGREPLAKSVMNKIQHLTDLNVHDFSLSTLLSVFEEQVEDSAAIYDFSELLVEGNEQGFGILKCEETEHENEEPSLKKAR,---HHHHHHHHHHHHHHHH-------HHHHHHHHH--------EEHHHHHEE------EEEEEE----------------
P06492_042,STAPPTDVSLGDELHLDGEDVAMAHADALDDFDLDMLGDGDSPGPGFTPHDSAPYGALDMADFEFEQMFTDALGIDEYGG,----------------------------------------------------------------HHHHHHHH--------
Q2HR71_030,TPFSPEGPVPSHVSGLDDCLPMVDHIEGCLLDLLSDVGQELPDLGDLGELLCETASPQGPMQSEGGEEGSTESVSVLPAT,"-------------------HHHH-
HHHHHHHHHHHHH---------HHHHHH---------------------EEEE---"
Q69567_003,YRPDPMMEESIKEILEESLMCDTSFDDLIIPGLESFGLIIPESSNNIESNNVEEGSDGELKTLAAQSAGNCIQSIGASVK,------HHHHHHHHHHHH----------------------------------------HHHHHHHHHH--HHHHHH----
P03179_059,IQEEGASSPVPLDVDESMDISPSYELPWLSLESCLTSILSHPTVGSKEHLVRHTDRVSGGRVAQQPGVGPLDLPLADYAF,------------------------------HHHHHHHHHH---------HEEEEEEE---EEEE----------------
P08546_066,QDGVSPGSGSNSSSSVGVFSVGSGSSGGVGVSNDNHGAGGTAAVSYQGATVFEPEVGYYNDPVAVFDFASLYPSIIMAHN,-------E------HHHHHHHHHHH------------------------EEE----------EEEEE-----HHHHHH--
Q77PU6_001,MESAKDTTSTSMFILGKPSGNNMESNEERMQNYHPDPVVEESIKEILEESLKCDVSFESLLFPELEAFDLFIPESSNDIA,----------EEEEEE-----------HHH--------HHHHHHHHHHHH------------------------------
Q2HRD3_107,EVLSLLSTVGQAGVPWTAEGVASVIQDIIDDCELQFVGPEEPCLIQGQSVVEELFPSPGVPSLTVGKKRKIASLLSDLDL,-HHHHHHHHHH------HHHHHHHHH-------EEEE-----EE-----------------------HHHHHHH------
Q77Z83_003,YRPDPMMEESIKEILEESLMCDTSFDDLIIPGLESFGLIIPESSNNIESNNVEEGSDGELKTLAEQKCKQGNDNDVIQSA,------HHHHHHHHHHHH--------------------EE-----------------HHHHHHHHHH-------------
Q2HR92_029,PAFPCIPLRYGSPTSLDRASVQWDLFEPHILTHFDGIKRTSLADTVFGYDSLAISRECEDQYVWPTPVTDININLCTDSD,-----EEE---------------------EEE------------EEE---------------E-------E---------
F5HIC6_027,MDMLMRAMCDEDLFDLLGIPEDVIATSQPGGDTDASGVVTEGSIAASAVGAGVEDVYLAGALEAQNVAGEYVLEISDEEV,-HHHHHHH----HHHHH-----H--------------EE---------------HHHHH--HH------EEEEEE-----
fiducial_031,DPTRSPFPSQHLEAPEDKSFGSSLMESEVNLDRYQTALEEVLSWLLSAEDTLQAQGEISNDVEVVKDQFHTHEGYMMDLT,--------------------------EEEEHHHHHHHHHHHHHHHHHHHHHHH--------HHHHHHHHHHHHHHHH---
P06492_040,EAGLAAPRLSFLPAGHTRRLSTAPPTDVSLGDELHLDGEDVAMAHADALDDFDLDMLGDGDSPGPGFTPHDSAPYGALDM,--------------------------------------------------------------------------------
P08392_008,AGEDAGDAVSPRQLALLASMVEEAVRTIPTPDPAASPPRTPAFRADDDDGDEYDDAADAAGDRAPARGREREAPLRGAYP,-----------HHHHHHHHHHHHHHH------------------------------------------------------
Q69138_075,TQPINHGAPAAHFLHQPPMEGPWVPEQWMFQGAPPSQGTDVVQHQLDDLGYPLHDLNHPGVPVSPAVNQYHFSQAAFGLP,---------------------------EEE---------HHHHHHHHH--------------------------------
P08392_032,VSGEPWPGAGPPPPGRVLYGGLGDSRPGLWGAPEAEEARRRFEASGAPAAVWAPELGDAAQQYALITRLLYTPDAEAMGW,----------------EEE-------------HHHHHHHHHHH-----EEEEE-----HHHHHHHHHHHHH---------
P12977_072,NQGASAAHFLPQQPMEGPLVPEQWMFPGAALSQSVRPGVAQSQYFDLPLTQPINHGAPAAHFLHQPPMEGPWVPEQWMFQ,--------------------------------------------------------------------------------
P06492_039,LDLPDDDAPEEAGLAAPRLSFLPAGHTRRLSTAPPTDVSLGDELHLDGEDVAMAHADALDDFDLDMLGDGDSPGPGFTPH,-------------EE-------------------------------------------------EE--------------
F5HCV3_060,FALLDEAGPETWDVGSPLSPTDDALLSSILQGLYQLDTPPPLRSPSPASFGPESPADIPSPSGGEYTQLQPVRATSATPA,---HH-----------------HHHHHHHHHHHHH-------------------------------EEEE----------
P09265_008,IRDLDFSEGPRLLSCLETWNEDLFSCFPINEDLYSDMMVLSPDPDDVISTVSTKDHVEMFNLTTRGSVRLPSPPKQPTGL,---------HHHHHHHHHHHHHHHH-----HHHHHHHHE----HHHHHHH------------------------------
P03169_001,MESSAKRKMDPDNPDEGPSSKVPRPETPVTKATTFLQTMLRKEVNSQLSLGDPLFPELAEESLKTFERVTEDCNENPEKD,---------------------------HHHHHHHHHHHHHHHHHHHHH---------------HHHHHHHH---------
P09295_011,YIAPDFIRGLDKTEDDNTDNIDRLEDAVGPNIEHENHTWFGEDDEALLTQWMLTTHPPTSKYLQLQDLCVPTTIPTDMNQ,"----HHHHHHHHH-
HHHHHHHHH-------------------HHHHHHHHHHHH-------EEE----------------"
Q2HR71_017,AQREAARKQAAAVATPTTSSAAEVSSRSQSEDTESSDSENELWVGAQGFVGRDMHSLFFEEPEPSGFGSSGQSSSLLAPD,--HHHHHHHH-------------------------------EEEE----------EEE----------------------
P33479_001,MADDLFDFIETEGNFSQLLAAAAAAEEEGIASGPDGGSQGSRRRGSSGEDLLFGPGGLFSDDAAEAEAAVLAAAAGATRP,----HHHHHH----HHHHHHHHHHHH------------------------EEE-----------HHHHHHHHHH------
P03179_058,SPFFTVEFPPIQEEGASSPVPLDVDESMDISPSYELPWLSLESCLTSILSHPTVGSKEHLVRHTDRVSGGRVAQQPGVGP,----------------------------------------HHHHHHHHHH--------EEEEEEEEE---EEEE------
fiducial_023,AEEFVTLKDVGMDFTLGDWEQLGLEQGDTFWDTALDNCQDLFLLDPPRPNLTSHPDGSEDLEPLAGGSPEATSPDVTETK,"-----EEEEEEEEE-
HHHH-------HHHHHHHHHHHHHHEE--------EEEE--------------------------"
F5HCV3_061,TWDVGSPLSPTDDALLSSILQGLYQLDTPPPLRSPSPASFGPESPADIPSPSGGEYTQLQPVRATSATPANEVQESGTLY,------------HHHHHHHHHHHHH-------------------------------EEEE--------------------
P19893_001,MESSAKRKMDPDNPDEGPSSKVPRPETPVTKATTFLQTMLRKEVNSQLSLGDPLFPELAEESLKTFEQVTEDCNENPEKD,---------------------------HHHHHHHHHHHHHHHHHHHHH---------------HHHHHHHH---------
Q2HR71_020,EDTESSDSENELWVGAQGFVGRDMHSLFFEEPEPSGFGSSGQSSSLLAPDSPRPSTSQVQGPLHVHTPTDLCLPTGGLPS,-----------EEEE---------EEEEE--------------------------------EEEE---------------
Q69138_074,AQSQYFDLPLTQPINHGAPAAHFLHQPPMEGPWVPEQWMFQGAPPSQGTDVVQHQLDDLGYPLHDLNHPGVPVSPAVNQY,----EE-------------------------------EEE---------HHHHHHHHH----------------------
Q9WT45_020,DARASMRPIQSDSFGAKGPFCWPTEELLQPSAKKDVGGTVCMALSCQEDNSARHCTIYGLTKTPGIKIMLSRHTQTDRSE,-----------------------HHHHH-----------EEEEEEE-------EEEEEE------EEEEEE---------
P12977_077,QPINHGAPAAHFLHQPPMEGPWVPEQWMFQGAPPSQGTDVVQHQLDALGYTLHGLNHPGVPVSPAVNQYHLSQAAFGLPI,--------------------------EEE---------HHHHHHHHH--------------------HHH----------
Q2HR71_033,LDLLSDVGQELPDLGDLGELLCETASPQGPMQSEGGEEGSTESVSVLPATHPLESSAPGASVMGSGQELPDLGDLSELLC,-HHHHHHH--------HHHHHH--------------------EEEEE----------------------------HH---
Q2HR67_049,LGGSHPTPGVERGQKERSMGIGVQGLADVFAELGYGYLDAESAELDKNIFQSMYYTAVETSHNLVLEGQGVPFHGWEVSN,------HHHHHHH-------HHHHHHHHHHHHH------HHHHHHHHHHHHHHHHHHHHHHHHHHHH-------------
fiducial_035,EACNSHACQWDGGDCSLTMENPWANCSSPLPCWDYINNQCDELCNTVECLFDNFECQGNSKTCKYDKYCADHFKDNHCDQ,-----------------------------------------------------------------HHHHHHH--------
Q77PU6_006,LKCDVSFESLLFPELEAFDLFIPESSNDIASKNVSYSSNVEEGASDEFKTLVAQSVGNCIQSIGASVKAAMKQEQSNMED,---------HH---------------------------------HHHHHHHHHHHHHHHHHHHHHHHHHHHHH-------
fiducial_028,PRPELPLPEGWEEARDFDGKVYYIDHTNRTTSWIDPRDRYTKPLTFADCISDELPLGWEEAYDPQVGDYFIDHNTKTTQI,-----------EEEE-----EEEEE----EEEEE------------------------EEEE-----EEEEE----EE--
P09855_039,YVPRPDDPVLADAINGLFRDALAAGTTAEQLLMFDLLPPKDVPVGSDVQADSTALLRFIESQRLAVPGGVISPEHVAYLG,-------HHHHHHHHHHHHHHHHHHHHHHHHH-----------------HHHHHHHHHHHHHH---------HHHHHH--
F5H8Y5_014,VWYGSGSGLADFIPNLSELMDTGEFHTLLTPVGPMVQSVHSTFVTKVTSAMKGVGLARDEPRAHVGLTLPCDMLVDLDES,--------HHHHHHHHHHHHH-----------------------HHEEEEE---EE---------EEEEE----------
P12978_041,PTPGPSNAAPVCRNSHTATPNVSPIHEPESHNSPEAPILFPDDWYPPSIDPADLDESWDYIFETTESPSSDEDYVEGPSK,-------EEEEEE---------------------------------------------HHHHH-----------------
fiducial_034,GPNIILTGDSSPGFSKEIAAALAGVPGFEVSAAGLELGLGLEDELRMEPLGLEGLNMLSDPCALLPDPAVEESFRSDRLQ,---EEEE--------HHHHHHHH-------------------HHH------------------E-----HHHHHHH----
P06437_068,IDLNITMLEDHEFVPLEVYTRHEIKDSGLLDYTEVQRRNQLHDLRFADIDTVIHADANAAMFAGLGAFFEGMGDLGRAVG,-------------EEEEE--HHHHHH-----HHHHHHHHHHHHHHHHHHHH---------HHHHHHHHHHHHHHHHH---
Q3KSV2_039,AAPVCRNSHTATPNVSPIHEPESHNSPEAPILFPDDWYPPSIDPADLDESWDYIFETTESPSSDEDYVEGPSKRPRPSIQ,-----------------------------------------------------EE-------------------------
Q3KSV2_037,AGDSPTPGPSNAAPVCRNSHTATPNVSPIHEPESHNSPEAPILFPDDWYPPSIDPADLDESWDYIFETTESPSSDEDYVE,----------------------------------------------------------------EE--------------
P03186_304,YPAPFQALSFSQSVASPAPSSDQTTLLWNTPSVVTQFLSIEDIIREVVTGGSTSGDLVVPSGSPSSLSTAAPEQDLRYSL,"-----------------------EEEEE--HHHHH-
HHHHHHHHHHHH--------EEEE--------------------"
P09265_009,RLLSCLETWNEDLFSCFPINEDLYSDMMVLSPDPDDVISTVSTKDHVEMFNLTTRGSVRLPSPPKQPTGLPAYVQEVQDS,-HHHHHHHHHHHHHH-----HHHHHH-------HHHHHH---------EEE------------------HHHHHHHHH--
Q69138_070,INQGASAAHFLPQQPMEGPLVPERWMFQGATLSQSVRPGVAQSQYFDLPLTQPINHGAPAAHFLHQPPMEGPWVPEQWMF,--------------------------------------------------------------------------------
P89460_097,AIQEVMAHATEDAPPSPAADLVVLTNRHDLGAWGDYSLGPLGQPTVVPDSVDLSPQGLAATLSMDWLLINELLQVTDGVF,-HHHHHHH-------------EEEE-----------------------------HHHHHHHH--HHHHHHHHHHHH----
P03179_056,LNFVNDLASPVSTAEMMDDFSPFFTVEFPPIQEEGASSPVPLDVDESMDISPSYELPWLSLESCLTSILSHPTVGSKEHL,--HHH---------HH-------EEEE-------------------------------HHHHHHHHHHH-----------
random_set03_1236,FLQSAPNLGLEWSGGCDFPIALAANVLPDKPFGQSLLDEQLQIRRADPIPSWFLEGGIQLGNSKKLNQPSNFTFIDLPVS,-------------------HHHH----------HHHHHHHHHHH-------HHH------------------EEEE----
P03186_303,MYYPPSGSARYPAPFQALSFSQSVASPAPSSDQTTLLWNTPSVVTQFLSIEDIIREVVTGGSTSGDLVVPSGSPSSLSTA,---------------------------------HHHH---HHHHH--HHHHHHHHHHH--------EEEE----------
Q69022_037,GQGPENSPTPGPSTAGPVCRVTPSATPDISPIHEPESSDSEEPPFLFPSDWYPPTLEPAELDESWEGIFETTESHSSDEE,-------------------------------------------------------------------EE-----------
F5HCV3_063,DDALLSSILQGLYQLDTPPPLRSPSPASFGPESPADIPSPSGGEYTQLQPVRATSATPANEVQESGTLYQLHQWRNYFRD,-HHHHHHHHHHHH---------------------------------E------------------HHHHHHHHHHHH---
Q2HR71_027,LCLPTGGLPSPVIFPHETQGLLAPPAGQSQTPFSPEGPVPSHVSGLDDCLPMVDHIEGCLLDLLSDVGQELPDLGDLGEL,------------E-----------------------------------HHHHHHHHHHHHHHHHHHHH------------
Q2HR73_064,STYAGDRYAVGGYGPEQSLVPPPLGLPLTLSNLQGEDICTWEEGLGNILSELQEEPSSSTRQATDRRRPRSRSPHGRRTP,------EEEE------------------E---------EHHHHHHHHHHHHHH---------------------------
P36384_109,QQLQIEDWLALLEDEYLSEEMMEFTTRALERGHGEWSTDAALEVAHEAEALVSQLGAAGEVFNFGDFGDADDHAASFGGL,-----HHHHHH--HHHHHHHHHHHHHHHH--------HHHHHHHHHHHHHHHH---------------------------
Q2HR89_001,MDSSEGCTDMDEPSPGFILNMTSDAKVRSVVEQIDRLSNITTSPPEMGWYDLEFDPLEDEGPFLPFSAYVITGTAGAGKS,----------------EEE-------HHHHHHHHHHHHH----------------------------EEEEE--------
P06492_041,FLPAGHTRRLSTAPPTDVSLGDELHLDGEDVAMAHADALDDFDLDMLGDGDSPGPGFTPHDSAPYGALDMADFEFEQMFT,--------------------------------------------EEE---------------------------EE----
P03179_053,GRTVLQALGRACDMAGCQHYVLGSTVPLGGLNFVNDLASPVSTAEMMDDFSPFFTVEFPPIQEEGASSPVPLDVDESMDI,---HHHHHHHHH------EEEEE---------HH------------------EEEEE-----------------------
fiducial_024,DSLSGSSLYSTSANLPVMGHEKFPSDLDLDMFNGSLECDMESIIRSELMDADGLDFNFDSLISTQNVVGLNVGNFTGAKQ,---------------------------------------HHHHHHH----------------------------------
P06492_038,NNYGSTIEGLLDLPDDDAPEEAGLAAPRLSFLPAGHTRRLSTAPPTDVSLGDELHLDGEDVAMAHADALDDFDLDMLGDG,------HHHHH---------------------------------------------------------------EE----
Q3KSV2_036,PVLGLHQGQGAGDSPTPGPSNAAPVCRNSHTATPNVSPIHEPESHNSPEAPILFPDDWYPPSIDPADLDESWDYIFETTE,--------------------------------------------------------------------------HH----
P12977_071,YFDIPLTEPINQGASAAHFLPQQPMEGPLVPEQWMFPGAALSQSVRPGVAQSQYFDLPLTQPINHGAPAAHFLHQPPMEG,--------------------------------------------------------------------------------
P36384_110,LLEDEYLSEEMMEFTTRALERGHGEWSTDAALEVAHEAEALVSQLGAAGEVFNFGDFGDADDHAASFGGLAAAAAGAAGV,---HHHHHHHHHHHHHHHHH-------HHHHHHHHHHHHHHHH-------------------------------------
Q77Z83_002,MGSNDERMQDYRPDPMMEESIKEILEESLMCDTSFDDLIIPGLESFGLIIPESSNNIESNNVEEGSDGELKTLAEQKCKQ,----------------HHHHHHHHHHHH---------HH----------------------------HHHHHHHHHH---
P04296_109,QQLQIEDWLALLEDEYLSEEMMELTARALERGNGEWSTDAALEVAHEAEALVSQLGNAGEVFNFGDFGCEDDNATPFGGP,-----HHHHHH--HHHHHHHHHHHHHHHH--------HHHHHHHHHHHHHHH----------------------------
fiducial_042,EYGLTDNVERIVENEKINAEKSSKQKVDLQSLPTRAYLDQTVVPILLQGLAVLAKERPPNPIEFLASYLLKNKAQFEDRN,"-----HHHHHHH---------------------HHHHHHHHH-
HHHHHHHHHHHHH----HHHHHHHHHHH---------"
F5HCV3_055,PSTTTPGTSLGSITTPQDVHATDVATSEGPSEAQPPLLSLPPPLDVDQSLFALLDEAGPETWDVGSPLSPTDDALLSSIL,----------------------------------------------HHHHHHHHHH----------------HHHHHH--
Q69567_001,MEPAKPSGNNMGSNDERMQDYRPDPMMEESIKEILEESLMCDTSFDDLIIPGLESFGLIIPESSNNIESNNVEEGSDGEL,---------------HHHH-------HHHHHHHHHHHH------------------------------------------
Q4JQW9_073,CPEPTVEVLDDDNLLDITSHSDIDFYIENGELYTCVEENYTEDVWFFDTQTTSEVHTHADVSNNENLHETLPCNCKEKIG,-----EEEE--------------EEEEE---EEEEE-------EEEEE------EEE-----------------------
P09265_001,MECNLGTEHPSTDTWNRSKTEQAVVDAFDESLFGDVASDIGFETSLYSHAVKTAPSPPWVASPKILYQQLIRDLDFSEGP,"------------------HHHHHHHHHH-
HHHH------------EE---------------HHHHHHHHHH--------"
Q2HR71_021,ELWVGAQGFVGRDMHSLFFEEPEPSGFGSSGQSSSLLAPDSPRPSTSQVQGPLHVHTPTDLCLPTGGLPSPVIFPHETQG,---------------EEEE--------------------------------EEEE-----------------EEE-----
F5HCV3_058,SEAQPPLLSLPPPLDVDQSLFALLDEAGPETWDVGSPLSPTDDALLSSILQGLYQLDTPPPLRSPSPASFGPESPADIPS,----------------HHHHHHHHHH----------------HHHHHHHHHHHHH-------------------------
P12977_076,QSQYFDLPLTQPINHGAPAAHFLHQPPMEGPWVPEQWMFQGAPPSQGTDVVQHQLDALGYTLHGLNHPGVPVSPAVNQYH,---EE-------------------------------EEE---------HHHHHHHHH-----------------------
Q69567_002,MGSNDERMQDYRPDPMMEESIKEILEESLMCDTSFDDLIIPGLESFGLIIPESSNNIESNNVEEGSDGELKTLAAQSAGN,----------------HHHHHHHHHHHH---------HH-----------------------------HHHHHHH-----
Q77PU6_004,QNYHPDPVVEESIKEILEESLKCDVSFESLLFPELEAFDLFIPESSNDIASKNVSYSSNVEEGASDEFKTLVAQSVGNCI,--------HHHHHHHHHHHH--------------------------------------------HHHHHHHHHH------
Q3KST0_076,YQGYQEQPAPQAPYQGYQEQPPPQAPYQGYQEQPAPQAPYQGYQEPPAHGLQSSSYPGYAGPWTPRSQHPCYRHPWAPWS,--------------------------------------------------------------------------------
P03209_054,VIPQKEEAAICGQMDLSHPPPRGHLDELTTTLESMTEDLNLDSPLTPELNEILDTFLNDECLLHAMHISTGLSIFDTSLF,---------EEE------------HHHHHHHHHH------------HHHHHHHHHHH--HHHHHHHHHHH---H------
P52357_053,LSEFTTSEVMTEIRKIKLPNIDFLQTMTAEVSLQTFDESDEYYDLHIAPTDEEMLASDPCPDPFFLKYKQLPLTNVLTFE,------HHHHHHHH--------------EEEE--------EE--------------------------------------
Q2HRC9_015,GDLPPGAEEPETLHSAEAPLPSRETLVTGQLRSTSPRTYTGYFHSPVPLSFLDLLTFESMGCENVEGDPEPLTPKYLTFT,------------------------EEEEEE-------------------------EEEE-----------------EE--
Q2HR73_061,NPEVSHLPTELERRECVCPGSGERPRVPLVSTYAGDRYAVGGYGPEQSLVPPPLGLPLTLSNLQGEDICTWEEGLGNILS,----------------E---------EEEEE------EEE------------------E---------EEHHHHHHH---
Q6SW65_014,LYSRHDAITGPVAAPSDAVAASAAAGASSTWLAQCAEQPLPGNVPNYFGITQNDPFIRFHTDFRGEVVNTMFENASTWTF,----------------------------------------------EEEEEE----EEEE-----HHHHHH---------
P68336_008,AGPALCTMLDTWNEDLFSGFPTNADMYRECKFLSTLPSDVIDWGDAHVPERSPIDIRAHGDVAFPTLPATRDELPSYYEA,--HHHHHHHHHHHHHHHH------HHHHH-------HHHHHHHHH----------------------------HHHHH--
P10230_062,SIYETVSEDGGRVYEEIPWMRVYENVCVNTANAAPASPYIEAENPLYDWGGSALFSPPGRTGPPPPPLSPSPVLARHRAN,---EE-------EEE----HHHHHHH------------------------------------------------------
P68336_042,STTAPITDVSLGDELRLDGEEVDMTPADALDDFDLEMLGDVESPSPGMTHDPVSYGALDVDDFEFEQMFTDAMGIDDFGG,---------------------------------------------------------------HHHHHHHHH--------
random_set03_0389,ELSSLVPERSPSSSEDWLLPRAGKIRWTACNEERITLDGQVDLPLLNLKDGELFPDLFSFAEHRLECRSAPISQQFPSHT,------------------------EEEE-----EEEE--------EE---------HHHHHHHHH---------------
P12978_039,SMPELSPVLGLHQGQGAGDSPTPGPSNAAPVCRNSHTATPNVSPIHEPESHNSPEAPILFPDDWYPPSIDPADLDESWDY,--------------------------------------------------------------------------------
Q2HR71_028,PVIFPHETQGLLAPPAGQSQTPFSPEGPVPSHVSGLDDCLPMVDHIEGCLLDLLSDVGQELPDLGDLGELLCETASPQGP,--------------------------------EE-----HH---HHHHHHHHHHHHH---------HHHHHHH-------
Q2HR71_029,LLAPPAGQSQTPFSPEGPVPSHVSGLDDCLPMVDHIEGCLLDLLSDVGQELPDLGDLGELLCETASPQGPMQSEGGEEGS,----------------------------HHHHHHHHHHHHHHHHHHHH------HHHHHHHH------------------
P09310_001,MDTPPMQRSTPQRAGSPDTLELMDLLDAAAAAAEHRARVVTSSQPDDLLFGENGVMVGREHEIVSIPSVSGLQPEPRTED,"-------------------HHHHHHHHHHHHHHHH-
EEEEE-------EE----EEE-----EEE---------------"
P03186_071,SLESGSSAPTSPITLDTARSQYYQTTFDIETPEMDFVPLESNIARIAGHTYQEQAIVYDPASNREVPEADALSMIDYLLV,------------EEE-------EEE-----------------HHHH--------EEEE-----------HHHHHHHHH--
P19893_004,KATTFLQTMLRKEVNSQLSLGDPLFPELAEESLKTFEQVTEDCNENPEKDVLAELGDILAQAVNHAGIDSSSTGPTLTTH,-HHHHHHHHHHHHHH-EE--------------HHHHHHHHH-----HHHHHHHHHHHHHHHHHHH----------EEE--
fiducial_043,HMNWDDLLAWRVDPPFRPCLQSEEDVSQFDTRFTRQTPVDSPDDTALSESANQAFLGFTYVAPSVLDSIKEGFSFQPKLR,---HHHHHH-------------------------------------------------------HHHH------------
fiducial_044,VEVQEHYDSFFEEVFTELQEKYGEIEEMNVCDNLGDHLVGNVYVKFRREEDGERAVAELSNRWFNGQAVHGELSPVTDFR,---HHHHHHHHHHHHHHHH-----EEEEEEEE-------EEEEEEE--HHHHHHHHHHH--------EEEEEEE------
P12977_078,HFLHQPPMEGPWVPEQWMFQGAPPSQGTDVVQHQLDALGYTLHGLNHPGVPVSPAVNQYHLSQAAFGLPIDEDESGEGSD,----------------EEE---------HHHHHHHHH---------------------HH--------------------
Q2HR73_063,SGERPRVPLVSTYAGDRYAVGGYGPEQSLVPPPLGLPLTLSNLQGEDICTWEEGLGNILSELQEEPSSSTRQATDRRRPR,------EEEEE------EEE------------------E---------EHHHHHHHHHHHHHH-----------------
random_set03_0705,ETYPLGGSPLPFLWALDTDIGMQNSLEDIMTLALSDDNWKLQDQRACQYDERPAALGEGITIDEPVQLQFAQNITHMPQH,------------HH----------HHHHHHHHHH--------------------------------HHHHHHHH------
P68336_039,LPDDDDAPAEAGLVAPRMSFLSAGQRPRRLSTTAPITDVSLGDELRLDGEEVDMTPADALDDFDLEMLGDVESPSPGMTH,--------------------------------------------E--------------------EE-------------
fiducial_051,MYTKKNVPSKSKAAASATREWTEQETLLLLEALEMYKDDWNKVSEHVGSRTQDECILHFLRLPIEDPYLEDSEASLGPLA,----------------------HHHHHHHHHHHHH----HHHHHHHH----HHHHHHHHHHH------------------
Q69138_076,AHFLHQPPMEGPWVPEQWMFQGAPPSQGTDVVQHQLDDLGYPLHDLNHPGVPVSPAVNQYHFSQAAFGLPIDEDESGERS,-----------------EEE---------HHHHHHHHH------------------------------------------
fiducial_037,RHGHSSSDPVYPCGICTNEVNDDQDAILCEASCQKWFHRICTGMTETAYGLLTAEASAVWGCDTCMADKDVQLMRTRETF,-------------------------EEEEE-----EEEEEE-----HHH----------EE-------------------
P12977_073,PQQPMEGPLVPEQWMFPGAALSQSVRPGVAQSQYFDLPLTQPINHGAPAAHFLHQPPMEGPWVPEQWMFQGAPPSQGTDV,--------------E-----------------------------------------------------------------
P03179_057,VSTAEMMDDFSPFFTVEFPPIQEEGASSPVPLDVDESMDISPSYELPWLSLESCLTSILSHPTVGSKEHLVRHTDRVSGG,------------EEEE----------------------------------HHHHHHHHHH------HHHHEEEEE-----
P36384_108,ATVKSLGPRTQQLQIEDWLALLEDEYLSEEMMEFTTRALERGHGEWSTDAALEVAHEAEALVSQLGAAGEVFNFGDFGDA,-HHHHHHHH------HHHHHH---HHHHHHHHHHHHHHH--------HHHHHHHHHHHHHHH------------------
P10205_039,YVPRPDDPVLADAINGLFRDALAAGTTAEQLLMFDLLPPKDVPVGSDVQADSTALLRFIESQRLAVPGGVISPEHVAYLG,-------HHHHHHHHHHHHHHHHHHHHHHHHH-----------------HHHHHHHHHHHHHH---------HHHHHH--
fiducial_077,LMDSLPGNFEITTSTGFLTDLTLDDILFADIDTSMYDFDPCTSSSGTASKMAPVSADDLLKTLAPYSSQPVTPSQPFKMD,---------E----------------------------------------------------------------------
random_set04_0398,KLETEIPINYHEMTPFADFPPLSNSIRLSDPPQSETGVSTFLIEEGVLRSTPSPDPLPGFNCGGPFFLLDVQNLDTLSVG,-------------------------EE----------EEEEE-----E-----------------EEEEE----------
Q77PU6_005,ESIKEILEESLKCDVSFESLLFPELEAFDLFIPESSNDIASKNVSYSSNVEEGASDEFKTLVAQSVGNCIQSIGASVKAA,-HHHHHHHHH---------HH---------------------------------HHHHHHHHHHHHHHHHHHHH------
P12977_075,LSQSVRPGVAQSQYFDLPLTQPINHGAPAAHFLHQPPMEGPWVPEQWMFQGAPPSQGTDVVQHQLDALGYTLHGLNHPGV,-------------EE-------------------------------EEE---------HHHHHHHHH-------------
P09265_002,STDTWNRSKTEQAVVDAFDESLFGDVASDIGFETSLYSHAVKTAPSPPWVASPKILYQQLIRDLDFSEGPRLLSCLETWN,---------HHHHHHHHH---------------------------------HHHHHHHHHHHH------HHHHHHHH---
P09246_108,ATVVRAVGARAQHMAFDDWLSLTDDEFLARDLEELHDQIIQTLETPWTVEGALEAVKILDEKTTAGDGETPTNLAFNFDS,HHHHHHHHHH-----HHHHHHH---HHHHHHHHHHHHHHHH-------HHHHHHHHHHHHHHH----------EEE----
P06492_008,FSAGPALCTMLDTWNEDLFSALPTNADLYRECKFLSTLPSDVVEWGDAYVPERTQIDIRAHGDVAFPTLPATRDGLGLYY,----HHHHHHHHHHHHHHHH-----HHHHHHHHE----HHHHHHHHH---------------------------------
Q2HRC9_014,REMTTYVFKGGDLPPGAEEPETLHSAEAPLPSRETLVTGQLRSTSPRTYTGYFHSPVPLSFLDLLTFESMGCENVEGDPE,---EEEEE--------------------------EEEEEE--------------------HH----EEE-----------
Q69022_038,GPSTAGPVCRVTPSATPDISPIHEPESSDSEEPPFLFPSDWYPPTLEPAELDESWEGIFETTESHSSDEENVGGPSKRPR,----------------------------------------------------------E---------------------
fiducial_027,SQPGALIPGDPQAMSQPNRGPSPFSPVQLHQLRAQILAYKMLARGQPLPETLQLAVQGKRTLPGLQQQQQQQQQQQQQQQ,-------------------------HHHHHHHHHHHHHHHHHH------HHHHHHHH-----------------------
F5HIC6_020,TRHSASGVQPVDDANADSPGSGDEGPSTRHSDSQPPPADETTVHTDNVEDDLTLLDKESACALMYHVGQEMDMLMRAMCD,-----------------------------------------EE--------EEE-----HHHHHHHHHHHHHHHHHHH--
P19893_005,RKEVNSQLSLGDPLFPELAEESLKTFEQVTEDCNENPEKDVLAELGDILAQAVNHAGIDSSSTGPTLTTHSCSVSSAPLN,--HHHHEE---------------HHHHHHHH-----HHHHHHHHHHHHHHHHHHH-------------------------
Q69138_071,LPQQPMEGPLVPERWMFQGATLSQSVRPGVAQSQYFDLPLTQPINHGAPAAHFLHQPPMEGPWVPEQWMFQGAPPSQGTD,---------------E----------------------------------------------------------------
Q77Z83_001,MEPAKPSGNNMGSNDERMQDYRPDPMMEESIKEILEESLMCDTSFDDLIIPGLESFGLIIPESSNNIESNNVEEGSDGEL,---------------HHHH-------HHHHHHHHHHHH------------------------------------------
fiducial_040,AMQHFSQRFLYQSSSASTDHDPLGPLPPGWEKRQDNGRVYYVNHNTRTTQWEDPRTQGMIQEPALPPGWEMKYTSEGVRY,------------------------------EEEE----EEEEE----EEEE------------------EEEE-------
P10220_182,RDYERLPAKYQGVLGAKSAERAGAVEELGGRVAQHADLSARLRDEVVPRVAWEMNFDTLGGLLAEFDAVAGDLAPWAVEE,--------EEEEE---HHHHHHHHHHHHHHHHHHHHHHHHHHHHHHHHH-------HHHHHHHHHHHHHHH---HHHH--
Q8AZJ5_030,RAEEGWVCDVLLEPGPPTAREGCSLSMDPGLVTLKDAWTLFPLHPEHDAVVPPKEEIHVMAQGHLQGGTPSLWGFTFQEA,-----EEEEEEE------------E-----EEEE---EEEEE-------------EEEEEEEEEE---------EEE---
Q9QJ12_001,MSSNLEDLLWQQILSMDPAELLSDNAISSTCDENIAAGHHFTQSPHVEMSVQSTTSAGHTGVMTTQSQFSNGVRDQNRES,------HHHHHHHH----------------------------------EEEE-------EEEEE----------------
random_set04_0037,HTIHGVGDELPAGPKVPALGGLEADSPCNMSIECFMDWFYEPDRCDKQTHEWVELADLERGENSEALRKQSDKQSQLQDV,------------------------------EEHHHHH-------------HHEE----------HHHHH-----------
P68336_040,AGLVAPRMSFLSAGQRPRRLSTTAPITDVSLGDELRLDGEEVDMTPADALDDFDLEMLGDVESPSPGMTHDPVSYGALDV,--------------------------------------------------------------------------------
Q77Z83_004,IKEILEESLMCDTSFDDLIIPGLESFGLIIPESSNNIESNNVEEGSDGELKTLAEQKCKQGNDNDVIQSAMKLSGLYCDA,--HHHHHH----------------------------------------HHHHHHHH--------HHHHHHHHH-------
Q77PU6_002,SMFILGKPSGNNMESNEERMQNYHPDPVVEESIKEILEESLKCDVSFESLLFPELEAFDLFIPESSNDIASKNVSYSSNV,--EEE------------HHH--------HHHHHHHHHHHH----------------------------------------
P52450_053,CSEFTTPEVLMEIKNIKMPSIEFLESEMSRMSRDVQTVETDERYDFGLVDDGLSDMDLLEIDPCGDPFFTRYSKLPLTNS,------HHHHHHHH-------------HHHEE----------EEE-----------HHHH--------------------
P68336_007,NRLLDDLGFSAGPALCTMLDTWNEDLFSGFPTNADMYRECKFLSTLPSDVIDWGDAHVPERSPIDIRAHGDVAFPTLPAT,--HHH-------HHHHHHHHHHHHHHHH-----HHHHHHHHE----HHHHHHHHHH------------------------
Q69022_036,QLSPVVSLHQGQGPENSPTPGPSTAGPVCRVTPSATPDISPIHEPESSDSEEPPFLFPSDWYPPTLEPAELDESWEGIFE,--------------------------------------------------------------------------------
fiducial_048,KENLLAGPSENDPNLFVALYDFVASGDNTLSITKGEKLRVLGYNHNGEWCEAQTKNGQGWVPSNYITPVNSLEKHSWYHG,-------------EEEEEEE-----------E----EEEEEE------EEEEE-----EEE----EEE------------
random_set04_0827,ETGSQALETTLRNELASSRGAKTHLEPVGRVSELLYGSGENESHAFSVAHCNLVSIAMGCGFDGMWLNDCLEPDFQDLLT,---HHHHHHHHHHHHH-----------HHHHHHHH----------EEEE---EEEEE-----------------HHHH--
Q2HR71_026,GPLHVHTPTDLCLPTGGLPSPVIFPHETQGLLAPPAGQSQTPFSPEGPVPSHVSGLDDCLPMVDHIEGCLLDLLSDVGQE,----------------------E-----------------------------------HHHHHHHHHHHHHHHHHH----
P19893_003,KVPRPETPVTKATTFLQTMLRKEVNSQLSLGDPLFPELAEESLKTFEQVTEDCNENPEKDVLAELGDILAQAVNHAGIDS,"-------HHHHHHHHHHHHHHHHHHHH---------------HHHHHHHHH-----HHHHHHH-
HHHHHHHHHHH-----"
P12978_042,AAPVCRNSHTATPNVSPIHEPESHNSPEAPILFPDDWYPPSIDPADLDESWDYIFETTESPSSDEDYVEGPSKRPRPSIQ,-----------------------------------------------------EE-------------------------
Q3KSV2_038,NAAPVCRNSHTATPNVSPIHEPESHNSPEAPILFPDDWYPPSIDPADLDESWDYIFETTESPSSDEDYVEGPSKRPRPSI,----EEE---------------------------------------------HHHHH-----------------------
Q69138_072,VPERWMFQGATLSQSVRPGVAQSQYFDLPLTQPINHGAPAAHFLHQPPMEGPWVPEQWMFQGAPPSQGTDVVQHQLDDLG,------------------------EE-------------------------------EEE---------HHHHHHH----
fiducial_029,ASMPPTPEAQGPILFEDLAVYFSQEECVTLHPAQRSLSKDGTKESLEDAALMGEEGKPEINQQLSLESMELDELALEKYP,-------------EEEEEEE---HHHHHHHHHHHHHHHHHHHHHH-----------------------------------
P11870_108,WRAIVDDEFLAAALAEINGRVADRDGRWSVEAAAELVRDLEGQTGADGGEETAFDFGACGAGGDVAGLAPASLVPAELGG,-------HHHHHHHHHHHHHHH-------HHHHHHHHHHHHHHHH--------E--------------------------
Q2HR71_031,SHVSGLDDCLPMVDHIEGCLLDLLSDVGQELPDLGDLGELLCETASPQGPMQSEGGEEGSTESVSVLPATHPLESSAPGA,--------HHHHHHHHHHHHHHHHHHHH--------HHHHHH--------------------EEEEE-------------
P16793_007,QWHSDLTTELLWHAHPRQVPMDEALAAAAAASYQVNPQHPANRYRHYEFQTLSLGTSEVDELLNCCAEETTCGGTQSTVL,------HHHHHHH---------HHHHHHH----------------EEEEEEEE-----HHHHHHHH--------------
fiducial_039,DLAPPRKALFTYPKGAGEMLEDGSERFLCESVFSYQVASTLKQVKHDQQVARMEKLAGLVEELEADEWRFKPIEQLLGFT,--------EEE--------------HHHHHHHHHHHHHHHHHHHHHHHHHHHHHHHHHHHHHHH------HHHHHHH---
P10230_060,RKATHAASARERHAPYEDDESIYETVSEDGGRVYEEIPWMRVYENVCVNTANAAPASPYIEAENPLYDWGGSALFSPPGR,----------------------EEEE------EEE-----HHHHHH----------------------------------
F5HCV3_056,GSITTPQDVHATDVATSEGPSEAQPPLLSLPPPLDVDQSLFALLDEAGPETWDVGSPLSPTDDALLSSILQGLYQLDTPP,------------------------------------HHHHHHHHHH----------------HHHHHHHHHHHHH-----
F5HCV3_057,ATDVATSEGPSEAQPPLLSLPPPLDVDQSLFALLDEAGPETWDVGSPLSPTDDALLSSILQGLYQLDTPPPLRSPSPASF,--------------------------HHHHHHHHHH----------------HHHHHHHHHHHHH---------------
P68336_037,AYSRGRTRNNYGSTIEGLLDLPDDDDAPAEAGLVAPRMSFLSAGQRPRRLSTTAPITDVSLGDELRLDGEEVDMTPADAL,--------------HHHHH-------------------------------------------------------------
P12978_040,LHQGQGAGDSPTPGPSNAAPVCRNSHTATPNVSPIHEPESHNSPEAPILFPDDWYPPSIDPADLDESWDYIFETTESPSS,----------------------------------------------------------------------EE--------
Q2HRD3_106,GDEVLSLLSTVGQAGVPWTAEGVASVIQDIIDDCELQFVGPEEPCLIQGQSVVEELFPSPGVPSLTVGKKRKIASLLSDL,--HHHHHHHHHHH------HHHHHHHHH--------EEE-----E----------H--------H---HHHHHHHH----
fiducial_036,SGGEEANLLLPELGSAFYDMASGFTVGTLSETSTGGPATPTWKECPICKERFPAESDKDALEDHMDGHFFFSTQDPFTFE,----------------HHE-----------------------EE-------------HHHHHHHHHH--EEE--------
P03179_054,ACDMAGCQHYVLGSTVPLGGLNFVNDLASPVSTAEMMDDFSPFFTVEFPPIQEEGASSPVPLDVDESMDISPSYELPWLS,--------EEEEE--------HHH------------------EEEEE---------------------------------
P12977_074,PEQWMFPGAALSQSVRPGVAQSQYFDLPLTQPINHGAPAAHFLHQPPMEGPWVPEQWMFQGAPPSQGTDVVQHQLDALGY,-----------------------EE-------------------------------EEE---------HHHHHHHH----
fiducial_041,LEYSLLGEHWDYDALFETQPGLVTIKNLAVDFRQQLHPAQKNFCKNGIWENNSDLGSAGHCVAKPDLVSLLEQEKEPWMV,-----------------------EEEEEEEEE--------HHHH--------HHHH------------EEE---------
Q6SWD5_007,ARQHLYGQTQPQLHAYPNANPQESAHFRTENQHQLTNLLHNIGEGAALGYPVPRAEIRRGGGDWADSASDFDADCWCMWG,-------------E-----------------HHHHHHHHH-------------HHHH-----------------------
fiducial_038,LVGSSLEGAVTPQTSAWLPPTSAEHDHSLSCVVTPQDGETSAQMIEENLNCLGHLSTIIHEANEEQGNSMMNLDWSWLTE,---------------------------------------HHHHHHHHHHHHHHHHHHHHHHHHHHHH--HHH---HHH--
F5HCV3_054,ALTVPEADTTPSTTTPGTSLGSITTPQDVHATDVATSEGPSEAQPPLLSLPPPLDVDQSLFALLDEAGPETWDVGSPLSP,---------------------------------------------------------HHHHHHHH---------------
Q2HR92_030,GSPTSLDRASVQWDLFEPHILTHFDGIKRTSLADTVFGYDSLAISRECEDQYVWPTPVTDININLCTDSDTMAIVREPSG,------------------EEEE------------EEE--------------EE------EE---------EEEEEE----
Q77PU6_003,NNMESNEERMQNYHPDPVVEESIKEILEESLKCDVSFESLLFPELEAFDLFIPESSNDIASKNVSYSSNVEEGASDEFKT,-------HHH--------HHHHHHHHHHHH--------------------------------------------------
P90493_038,EPWPGAGPPPPGRVLYGGLGDSRPGLWGAPEAEEARARFEASGAPAPVWAPELGDAAQQYALITRLLYTPDAEAMGWLQN,-------------EEE-------------HHHHHHHHHHH-----EEEEE-----HHHHHHHHHHHHH----HHHHHH--
P52339_104,AEVMKDRDSKPTMDDMLFYVDGREPLAKSVMNKIQHLTDLNVHDFSLSTLLSVFEEQVEDSAAIYDFSELLVEGNEQGFG,---------------EEEEE---HHHHHHHHHHHHHHHH------HHHHHHHHHH---------EE--------------
P68336_041,LSAGQRPRRLSTTAPITDVSLGDELRLDGEEVDMTPADALDDFDLEMLGDVESPSPGMTHDPVSYGALDVDDFEFEQMFT,---------------------------------------------EEE--------------------------EE----
P52339_107,GREPLAKSVMNKIQHLTDLNVHDFSLSTLLSVFEEQVEDSAAIYDFSELLVEGNEQGFGILKCEETEHENEEPSLKKARL,---HHHHHHHHHHHHHHH---------HHHHHHHHH--------HHHHHHEE-----EEEEEE-----------------
P09310_002,PQRAGSPDTLELMDLLDAAAAAAEHRARVVTSSQPDDLLFGENGVMVGREHEIVSIPSVSGLQPEPRTEDVGEELTQDDY,"---------HHHHHHHHHHHHHHHH-
EEEEE-------EE----EEE-----EEE-------------------------"
P03179_055,VLGSTVPLGGLNFVNDLASPVSTAEMMDDFSPFFTVEFPPIQEEGASSPVPLDVDESMDISPSYELPWLSLESCLTSILS,--------------------------------EEEEE------------------------------EEHHHHHHHHH--
P68336_038,YGSTIEGLLDLPDDDDAPAEAGLVAPRMSFLSAGQRPRRLSTTAPITDVSLGDELRLDGEEVDMTPADALDDFDLEMLGD,-----H------------------------------------------------E--------------------E----
P09260_055,TAAHATQAALNIQEGLAYLNPSKHMFTIPNVYSPCMGSLRTDLTEEIHVMNLLSAIPTRPGLNEVLHTQLDESEIFDAAF,--HHHHHHHHHHHHHHHH-------EEE-----HHHHHHHHH------HHHHHH--------HHHHH----HHHHH----
P03220_006,SNILPQDNRPWHEARSSGRVAEDDYDFSSLALELLPLNPRLPEEWQFGGQGWSSRMEPSQPEMGMGLCFEVFDGDLMRIA,-----------------------------EEEEE-------------------------------EEEEEE-----EEE-
P19893_002,PDNPDEGPSSKVPRPETPVTKATTFLQTMLRKEVNSQLSLGDPLFPELAEESLKTFEQVTEDCNENPEKDVLAELGDILA,-----------------HHHHHHHHHHHHHHHHHHHHH----------------HHHHHHHH----HHHHHHHHHHHH--
fiducial_030,GSPSYGSPEDTDSFWNPNAFETDSDLPAGWMRVQDTSGTYYWHIPTGTTQWEPPGRASPSQGSSPQEESQLTWTGFAHGE,------------------------------EEEEE----EEEEE---EEE------------------------------
P04296_108,ATVKSLGPRTQQLQIEDWLALLEDEYLSEEMMELTARALERGNGEWSTDAALEVAHEAEALVSQLGNAGEVFNFGDFGCE,-HHHHHHHH------HHHHHH---HHHHHHHHHHHHHHH--------HHHHHHHHHHHHHHH------------------
fiducial_050,PEPAAAPVSTSELKKVVALYDYMPMNANDLQLRKGDEYFILEESNLPWWRARDKNGQEGYIPSNYVTEAEDSIEMYEWYS,-------------EEEEEEE----------------EEEEEE------EEEEE----EEEE----EEE------------
P03234_032,YAAPLPPFSHQAIATAPSYGPGAGAVAPAGGYFTSPGGYYAGPAGGDPGAFLAMDAHTYHPHPHPPPAYFGLPGLFGPPP,----------H--------------------------------------EEEEE--------------------------
F5HCV3_059,PPPLDVDQSLFALLDEAGPETWDVGSPLSPTDDALLSSILQGLYQLDTPPPLRSPSPASFGPESPADIPSPSGGEYTQLQ,------HHHHHHHHHH---------------HHHHHHHHHHHH--------------------------------EEE--
fiducial_032,ECSEAGLLQEGVQPEEFVAIADYAATDETQLSFLRGEKILILRQTTADWWWGERAGCCGYIPANHVGKHVDEYDPEDTWQ,--------------EEEEEEE----------------EEEEEE-----EEEEEE--EEEEE-----E-------------
fiducial_026,PFGSSPDDLLCPHPAAESPSDEGALLDQLYLALRNFDGLEEIDRALGIPELVSQSQAVDPEQFSSQDSNIMLEQKAPVFP,--------------------HHHHHHHHHHHHH---HHHHHHHHH-----------------------------------
fiducial_033,AGEDSKSENGENAPIYCICRKPDINCFMIGCDNCNEWFHGDCIRITEKMAKAIREWYCRECREKDPKLEIRYRHKKSRER,--------------EEEEE--------EEEE--------EEE--------------------------------------
fiducial_049,YYDLISGASQWEKPEGFQGDLKKTAVKTVWVEGLSEDGFTYYYNTETGESRWEKPDDFIPHTSDLPSSKVNENSLGTLDE,--------EEE------------------EEEEE-----EEEEE----EEEEE---------------------------
P11870_107,ARTQHLEPDDWRAIVDDEFLAAALAEINGRVADRDGRWSVEAAAELVRDLEGQTGADGGEETAFDFGACGAGGDVAGLAP,--------HHHHHH---HHHHHHHHHHHHHHH-------HHHHHHHHHHHHHH---------EEE---------------
P03186_124,SFEESIDHLYRDLPVLDPEVQDGIDRILDPMVSEALHTFEMGNRLTLEPARLVALQNFATHSTLKETAAAVNLLPGLLAV,----HHHHHHH-------HHHHHHHHH--HHHHHHHHHHH---------HHHHHHH--------H--HHHHHHHHHHH--
P52450_054,MEIKNIKMPSIEFLESEMSRMSRDVQTVETDERYDFGLVDDGLSDMDLLEIDPCGDPFFTRYSKLPLTNSLSFEEISLLY,-----------------HHHH-----------EE--------------------------------------HHHHHH--
random_set04_0281,IDRYDFLCEKSIGEELSLPVHENQSCEMCPEEMLPAELPSVCYGEAKSELALGLLQKNDEVCQLNRGKEVVLLKYKRPVE,---HHHHH--------------------------------------HHHHHHHHHH---HHE------EEEEEE------
P03186_123,TFYTIDNYIASFEESIDHLYRDLPVLDPEVQDGIDRILDPMVSEALHTFEMGNRLTLEPARLVALQNFATHSTLKETAAA,--HHHHHHHHHHHHHHHHHHH-------HHHHHHHHH--HHHHHHHHHHH---------HHHHHHH--------------
P03169_002,PDNPDEGPSSKVPRPETPVTKATTFLQTMLRKEVNSQLSLGDPLFPELAEESLKTFERVTEDCNENPEKDVLAELVKQIK,-----------------HHHHHHHHHHHHHHHHHHHHH---------------HHHHHHHH-----HHHHHHHHHHHH--
Q2HR73_062,LERRECVCPGSGERPRVPLVSTYAGDRYAVGGYGPEQSLVPPPLGLPLTLSNLQGEDICTWEEGLGNILSELQEEPSSST,----EEE---------EEEEE------EEE------------------E---------EHHHHHHHHHHHHHH-------
P08392_006,HPHDLDDARRDGRAPAAGTDAGEDAGDAVSPRQLALLASMVEEAVRTIPTPDPAASPPRTPAFRADDDDGDEYDDAADAA,-------------------------------HHHHHHHHHHHHHHHH---------------EE----------------
P09265_007,ASPKILYQQLIRDLDFSEGPRLLSCLETWNEDLFSCFPINEDLYSDMMVLSPDPDDVISTVSTKDHVEMFNLTTRGSVRL,--HHHHHHHHHHH------HHHHHHHHHHHHHHHH-----HHHHHHHHE----HHHHHHH--------EEE---------
Q2HR71_018,AAVATPTTSSAAEVSSRSQSEDTESSDSENELWVGAQGFVGRDMHSLFFEEPEPSGFGSSGQSSSLLAPDSPRPSTSQVQ,-------------------------------EEEE----------EEEE-------------------------------
P09265_003,EQAVVDAFDESLFGDVASDIGFETSLYSHAVKTAPSPPWVASPKILYQQLIRDLDFSEGPRLLSCLETWNEDLFSCFPIN,-HHHHHHHHHH------------------------------HHHHHHHHHHHH------HHHHHHHHHHHHHHHH-----
Q2HR73_032,CFPWGDLPVTGWWPQGASGLPEKVHPPTTGQFDPLSPRWTYTGIPSSQLNPAAPSWIPPHAQAGTFVGEFSQGAPLAPQG,---------------------------------------EE------------------------EE-------------
Q69138_073,TLSQSVRPGVAQSQYFDLPLTQPINHGAPAAHFLHQPPMEGPWVPEQWMFQGAPPSQGTDVVQHQLDDLGYPLHDLNHPG,--------------EE-------------------------------EEE---------HHHHHHHHH------------
Q2HR71_032,PMVDHIEGCLLDLLSDVGQELPDLGDLGELLCETASPQGPMQSEGGEEGSTESVSVLPATHPLESSAPGASVMGSGQELP,----HHHHHHHHHHHHHH--------HHHHHH--------------------EEEEE-----------------------
F5HIC6_026,CALMYHVGQEMDMLMRAMCDEDLFDLLGIPEDVIATSQPGGDTDASGVVTEGSIAASAVGAGVEDVYLAGALEAQNVAGE,--HHHHHHHHHHHHHHHH----HHHHH----HHH-------------EE---------------HHHHH--HH-------
Q89882_001,MSAHPDDLFWQQILNMDPTELLSDDVISSTCDENTAAGTDIMQPLCVDMSVQPTTSGCHTGAMMSDSYFSNDTPDQNCQS,------HHHHHHHH----------------------------------EEEE-------EEEEE----------------
fiducial_025,FYIPVQIPGYQYVSPEGNCIEHVQPTSAFIQQPFIDEDPDKEKKIKELEMLLMSAENEVRRKRIPSQPGSFSSWSGSFLM,------------------EE--------------------HHHHHHHHHHHHHHHHHHHH-----------------E--
P09246_109,AQHMAFDDWLSLTDDEFLARDLEELHDQIIQTLETPWTVEGALEAVKILDEKTTAGDGETPTNLAFNFDSCEPSHDTTSN,-----HHHHHHH---HHHHHHHHHHHHHHHH-------HHHHHHHHHHHHHHH----------EEEE-------------
P08392_007,DGRAPAAGTDAGEDAGDAVSPRQLALLASMVEEAVRTIPTPDPAASPPRTPAFRADDDDGDEYDDAADAAGDRAPARGRE,--------------------HHHHHHHHHHHHHHHHH---------------EE--------------------------
P03220_005,ETPLKSFLLVSNILPQDNRPWHEARSSGRVAEDDYDFSSLALELLPLNPRLPEEWQFGGQGWSSRMEPSQPEMGMGLCFE,-----HEEEE----------HHHH---------------EEEEE------------------------------------
P09265_010,EDLFSCFPINEDLYSDMMVLSPDPDDVISTVSTKDHVEMFNLTTRGSVRLPSPPKQPTGLPAYVQEVQDSFTVELRAREE,---------HHHHHHHHHE----HHHHHH------------------------------HHHHHHHHHHHHHHHHHHH--
P16793_006,RYSGWSTEYTQWHSDLTTELLWHAHPRQVPMDEALAAAAAASYQVNPQHPANRYRHYEFQTLSLGTSEVDELLNCCAEET,-------------HHHHHHHHHHH------------------EE--------------EEEEE----HHHHHHHHH----
P89460_096,FASSADQRTAAIQEVMAHATEDAPPSPAADLVVLTNRHDLGAWGDYSLGPLGQPTVVPDSVDLSPQGLAATLSMDWLLIN,----HHHHHHHHHHHHHH------------EEEEE-----------------------------HHHHHHHHHHHHHH--
P03209_053,EMADTVIPQKEEAAICGQMDLSHPPPRGHLDELTTTLESMTEDLNLDSPLTPELNEILDTFLNDECLLHAMHISTGLSIF,---HHHHHHHHH-----------------HHHHHHHHHH------------HHHHHHHHHHH--HHHHHHHHHHH-----
P90493_006,PPPTPNPDRRPAARPGFGWHGGPEENEDEADDAAADADADEAAPASGEAVDEPAADGVVSPRQLALLASMVDEAVRTIPS,-----------------------------------------HHHHHH--------------HHHHHHHHHHHHHHH----
P08318_028,LIEDFDIYVDSFPQSAHTFLGARSPSLEFDDDANLLSLGGGSAFSSVPKKHVPTQPLDGWSWIASPWKGHKPFRFEAHGS,----EEEE-----------------------HHHHHHH----------------------EEEE--------EEEE----
P09273_017,HIYFYVMMLGTGLGGLLTVILYMYVSKYEVLIGLCISIVTLVSIVDAATDLQDTCIYRKNRHKQLNTYTDLGFAVVYTQN,--HHHHHHH-----HHHHHHHHHHHH----HHHHHHHHHHHHHHHHHHHHHHHHHHHHH-------HHHH---EEEEE--
Q69138_069,QYFDIPLTEPINQGASAAHFLPQQPMEGPLVPERWMFQGATLSQSVRPGVAQSQYFDLPLTQPINHGAPAAHFLHQPPME,--------------------------------------------------------------------------------
P04485_017,PTPSAPSPNAMLRRSVRQAQRRSSARWTPDLGYMRQCINQLFRVLRVARDPHGSANRLRHLIRDCYLMGYCRARLAPRTW,------------HHHHHHHH------------HHHHHHHHHHHHHH--------HHHHHHHHHHHHHHHHHHHH------
Q9QJ16_065,CPTQETPSTMNRNCASKKHSAGANKNLTDNSPIRSHSNPSSFTAFNKSNSGNSTMNSTSNGDECTDKKPNCSSTENKSET,-------------------------------------------E------------------------------------
fiducial_045,SGLIIPLTISGGSGPRPLNPVTQAPLPPGWEQRVDQHGRVYYVDHVEKRTTWDRPEPLPPGWERRVDNMGRIYYVDHFTR,------------------------------EEEE-----EEEEE----EEEEE---------EEEE-----EEEEE----
P06437_001,MHQGAPSWGRRWFVVWALLGLTLGVLVASAAPTSPGTPGVAAATQAANGGPATPAPPPLGAAPTGDPKPKKNKKPKNPTP,----------HHHHHHHHHHHHHHHHH-------------EE--------------------------------------
P04292_053,VNIDMYGIITDKIKLSSYKLNAVAEAVLKDKKKDLSYRDIPAYYATGPAQRGVIGEYCIQDSLLVGQLFFKFLPHLELSA,----HHHHHHHH-------HHHHHHHHH----------HHHHHH------HHHHHHHHHHHHHHHHHHHHHHHHHHH---
P08392_005,GGDDPDHDPDHPHDLDDARRDGRAPAAGTDAGEDAGDAVSPRQLALLASMVEEAVRTIPTPDPAASPPRTPAFRADDDDG,-----------------------------------------HHHHHHHHHHHHHHHH----------------E------
P08318_026,RNILKHAVENGDSADTLLELLIEDFDIYVDSFPQSAHTFLGARSPSLEFDDDANLLSLGGGSAFSSVPKKHVPTQPLDGW,----HH-------HHHHHHHHHHHHHHHHHH----HHHH---------E-----EEE-----------------------
F5HIC6_021,VDDANADSPGSGDEGPSTRHSDSQPPPADETTVHTDNVEDDLTLLDKESACALMYHVGQEMDMLMRAMCDEDLFDLLGIP,-------------------------------EE--------EEE------HHHHHHHHHHHHHHHHHH----HHHH----
fiducial_099,QEENVRDTQQVTTLQLPPSRVSPFKDMILCFSEEDWSLLDPAQTGFYGEFIIGEDYGVSMPPNDLAAQPDLSQGEENEPR,-------------------------EEEEEE--H-H-------HH---HEEE----EEE---------------------
F5HIC6_042,MSLEVERKVFILCSQNPLADISHSCLHSRKGLRVLLPKPDDNNTGPGDVNLLAAVLRSFASGLVIVSLRSGIYVKNLCKS,--EEEEEEEEEEE------------------EEEEEE-----------HHHHHHHHHHHH--EEEEE---HHHHHHH---
random_set04_0304,DPTIRKEPEPMPIPEPWFSVGDGLEGPPQLQIVDLRPALQLDDLRATRMAEVPFGLEGLIKPYRNNSAYLRWQAQKEPPE,-----------------------------EEEEE---------HHHHHH---------HHHH------HEEHHH------
P03186_097,EEDVRFLALLTAIEYGAPPAASVPPFVHNVAVRSKNAALHVRRCTADIRDKVASAASDYLSYLEDPSLPTVMDFDDLLTH,"---EHHHHHHHHHH------------HHHHHHH-
HHHHHHHHHHHHHHHHHHHHHHHHHHH---------EEE-------"
P03204_075,PAPQAPYQGYQEPPAPQAPYQGYQEPPPPQAPYQGYQEPPAHGLQSSSYPGYAGPWTPRSQHPCYRHPWAPWSQDPVHGH,--------------------------------------------------------------------------------
F5HIC6_022,SGDEGPSTRHSDSQPPPADETTVHTDNVEDDLTLLDKESACALMYHVGQEMDMLMRAMCDEDLFDLLGIPEDVIATSQPG,---------------------EE--------EEE------HHHHHHHHHHHHHHHHHH----HHHHH-----H-------
Q2HR92_028,EEGTAFAPLLPAFPCIPLRYGSPTSLDRASVQWDLFEPHILTHFDGIKRTSLADTVFGYDSLAISRECEDQYVWPTPVTD,---------------EEEE--------EEEE-------EEEE------------EEE-----------------------
F5HIC6_023,SDSQPPPADETTVHTDNVEDDLTLLDKESACALMYHVGQEMDMLMRAMCDEDLFDLLGIPEDVIATSQPGGDTDASGVVT,-----------EE---------EE-------HHHHHHHHHHHHHHHHH----HHHHH----HHH----------------
P24434_019,IEFISHKNVYISRILLCGNLLILKANYENDYLLDDNFYPEQLAIQISLTPQTADITLSQNQETLLKCNTHSITVCATKNI,---------HHHHHHH---EEEEEEE---------------EEEEEEE----HEEEEE-----EEEE---EEEEE-----
P90493_039,PGRVLYGGLGDSRPGLWGAPEAEEARARFEASGAPAPVWAPELGDAAQQYALITRLLYTPDAEAMGWLQNPRVAPGDVAL,---EEE-------------HHHHHHHHHHHH----EEEEE-----HHHHHHHHHHHHH----HHHHHHH-----------
random_set04_0116,LKLADLEMRMWMPWLNCGLDMPCENTLTASQSKDLLMHYHIPERMQSPGHDHGIADQQMFSCEDPVLDERISPEESINPL,----HHHHHHHHHHH------------------HHHHHH------------------HHH--------------------
P09260_057,PSKHMFTIPNVYSPCMGSLRTDLTEEIHVMNLLSAIPTRPGLNEVLHTQLDESEIFDAAFKTMMIFTTWTAKDLHILHTH,----HHHHHH----HHHHHHHHH----HHHHHHHHH------HHHHHH---HHHHHHHHHHHHHHH--------HHE---
P03227_027,TISHPDSGALMIVDSAACELAVSYAPAMLEASHETPASLNYDSWPLFADCEGPEARVAALHRYNASLAPHVSTQIFATNS,------HHHHHHHHHHHHHHHHHHHHH-------------------------HHHHHHHHHHHHHHHHHHHHHHHH----
P03186_205,LNYIPVYHNFLEYVMPTVLENPEAFSLTPAGRPQAIGPPQDDQERRRRTLASVASARLSAAAADSYWDTWPDVESNAGEL,---HHHHHHHHHHHHHHH------------------------------HHHHHHHHHHHHH-------------------
P09263_058,GGMLNWICRATAMYLAAPYHSRSAYIAVCESLPYYYIPVNSDLLCDLEVLLLGEVDLPTVCESYATIAHELTGYEAVRTA,---HHHHHHHHHH-------HHHHHHHHHHH----E-------HHHHHHHHH-----------HHHHHHHHH--HHHH--
P03200_026,VATPIPGTGYAYSLRLTPRPVSRFLGNNSILYVFYSGNGPKASGGDYCIQSNIVFSDEIPASQDMPTNTTDITYVGDNAT,---------EEEEEEE-------------EEEEEE-----------EEEE---EE---------------EEEEE-----
F5HIM6_024,CDFNTVTIMERANNSITFLPKLKLNRLQHLFLKHVLLRSMGLENIVSCFSSLYGAELAPAKTHEREFFGALLERLKRRVE,----EHHHHHHH-------------HHHHHHHHHHHHHH---HHHHHHHHHH---------HHHHHHHHHHHHHHHH---
P52468_027,LEKNKFIKYSQLTSYDPTRSDTSQCQENMYILGNSLHSDLISIMKQYFNEDSYFQNYVEIKRMLNNKFQMQQYVYDINSN,--HHHHHHHHHHH----------HHHHHHHHHHHHHHHHHHHHHHHH----------EEEEE------------EE----
P52359_021,VVFDMISCNNKHCVFCKDHSKHVEQTGKTVGCTDNQETCFCYTPCKKKMAKISNQDLSSLLCDQELDLLDLIYPEKPTSL,--HHHHH------EEE------------EEEE-----EEEEEE-------------------------EEEEEE------
Q6SWD3_005,LTTKWKTVFGNNGDQWLCNVTGIGNATVNGNATICVSSCGHNTLDLCNLKSGDSGFFDLSRWFGENMDEYSGDVWHLEVS,---EEEEEE------EEEEEE----EEE----EEEEE------EEEEEE------EEEEEE------------EEEEEE-
P89437_010,LTAHRRYLDPALSERLDAADDRLADQEEQLEEAAANASLWGDGDLADGWMSPGDSDLLVMWQLTSAPKVHTDAPSRPGSR,----------HHHHHHHHHHHHHHHHHHHHHHHHH------------------HHHHHHHHHHH----------------
P52379_039,KCLSAQNYLSNSMIKQFFRIRHYIEKTTLLNLPDSLYLLCLLLDSNSIKVHIDGDVFPIAKEKFYAFTKMLVQGCHFFEK,"----HHHHHH--EEEHHHHHHHHHHHHHHH-
HHHHHHHHHHHHH---EEEEEE--------HHHHHHHHHHHHH-HHH--"
P68336_005,LSQAQLMPSPPMPVPPAALFNRLLDDLGFSAGPALCTMLDTWNEDLFSGFPTNADMYRECKFLSTLPSDVIDWGDAHVPE,"----EE---------HHHHHHHHHHH------HHHHHHHHHHHHHHHH-----HHHHHH-
HE-----HHHHHH-------"
P89459_088,GQPLDAPEDLAAWLSVLTDAATQGLIERKPLEELARSIHGINDQQARRSSGLAELQRFDALDAALAQQLDSDAAFVPATG,--------HHHHHHHHHHHHHH--HHHHHHHHHHHHHHHHHH--HHHHHHHHHHHHHHHHHHHHHHHHH-----------
P09250_019,LSRVSKRARPGETVNLPFVMVLRNVYIMLINTIIFLKTNNWHAGWNTLSFCNDVFKQKLQKSECIKLREVPGIEDTLFAV,-HHHHH---------HHHHHHHHHHHHHHHHHHHHHH----HHHH-------HHHHH-----------------------
P89459_243,PVAVLWEAPEPPGPPDVRFVGSEATEELPFVATAGDVLAASAADADPFFARAILGRPFDASLLTGELFPGHPVYQRPLAD,---EE-----------EEE---------------------------HHHHHHHH--------------------------
P08392_004,ALGWGAETEEGGDDPDHDPDHPHDLDDARRDGRAPAAGTDAGEDAGDAVSPRQLALLASMVEEAVRTIPTPDPAASPPRT,-------------------------HHHHH------HHHHH----------HHHHHHHHHHHHHHHH-------------
Q2HRD3_025,SERQFVHDQYKIPKLVQAKDFPQCASRGTDGSTLMVIDSLVAELGMSYGLSFIEGPQDSCEVLNYDTWPIFENCETPDAR,---EEEE--EEEEEE-----------------HHHHHHHHHHHHHHHH--------------------------------
P09248_059,DLPWCTLRDDICAYGLYNSQFLALMPTVSSAQVTECSEGFSPIYNNMFSKVTTSGELLRPNLDLMDELRDMYSCEEKRLE,"---HHHHHHHHHHH------EE------HHHHHHH-------EH-
HEEEEEE----EEEE--HHHHHHHHH----HHH--"
P90493_015,EAARSPSPPRTPSMRADYGEENDDDDDDDDDDDRDAGRWVRGPETTSAVRGAYPDPMASLSPRPPAPRRHHHHHHHRRRR,------------------------------------------------E----------------------HHHHH----
P09245_124,MLYMGDRDADIEAIMFDHTQSDVAYTDRATLNPWASQKHSYGDRLYNGTYNLTGASPIYSPCFKFFTPAEVNTNCNTLDR,-------HHHHHHHHH--------------------------EEEE-----EE--------------HHHHHHH------
P03179_052,TVRQRGEKINGRTVLQALGRACDMAGCQHYVLGSTVPLGGLNFVNDLASPVSTAEMMDDFSPFFTVEFPPIQEEGASSPV,------------HHHHHHHHHHH-----EEEEE---------HH------------------EEEEE-------------
P12977_067,AMQPQYFDLPLIQPISQGAPVAPLRASMGPVPPVPATQPQYFDIPLTEPINQGASAAHFLPQQPMEGPLVPEQWMFPGAA,----------------------------------------EEE-------------------------------------
Q69549_002,TFNIPTFVLDENCNFIPEVLSRANAKYIKDVLIQDSYNTVCLANSFIPMTIQTAEQIMVIITKFKFSRARDLFEKVLRLG,------EEE------------HHHHHHHHHHHH---HHHHHHHH-----HHHHHHHHHHH-------HHHHHHHHHH---
random_set04_0515,PLYYIGAEAEKYTCEQLYKVSVLTDEGLMLDEASRGEMQTSADNYVHDPCDLLETVLNSAEVDNQLLSSEPGLTYDVHRL,---EE------H-HHHHHEEEEE--------------------------HHHHHHHH-------HH--------EEEE--
P52339_105,PTMDDMLFYVDGREPLAKSVMNKIQHLTDLNVHDFSLSTLLSVFEEQVEDSAAIYDFSELLVEGNEQGFGILKCEETEHE,-----EEEEE---HHHHHHHHHHHHHHHH-------HHHHHHHHH---------EE--------------EEEE------
Q2HRA7_058,PREFQESRGAQFDAVTNMTHVIDQLTIDVIQETAFDPAYPLFCYVIEAMIHGQEEKFVMNMPLIALVIQTYWVNSGKLAF,---HHHHHHHHHHHHH-------HHHHHHHHHHH-----HHHHHHHHHHH---HHHHHHHHHHHHHHHHHHHHH------
Q9QJ39_041,GLIFRKNVYQYSMIPHVPLYCGGDFLDVLPVRDGINTCLRMLLNVVHFLGDEVSDELTEEIDFVRLQCKFFMFNELRRVV,---E---------------------EEEEE---HHHHHHHHHHHHHHHHHH--HHHHHH---HHHHHHHHHHHHH-----
P13287_001,MACRKFCGVYRRPDKRQEASVPPETNTAPAFPASTFYTPAEDAYLAPGPPETIHPSRPPSPGEAARLCQLQEILAQMHSD,--HHHHHHH-----------------------------------------------------HHHHHHHHHHHHHHH---
F5HGI9_003,DVQDDVDSPVPTRPLVIDEDAEPAAGTSGGLEGGGGDDEDGEDGHALPDLDDDLLLQFEPMLPRVYDLLLPSLDARLNFV,--------------EEEE----------------------HHHHH---------EEEE----HHHHHHH---HHH-----
Q9WT45_022,CWPTEELLQPSAKKDVGGTVCMALSCQEDNSARHCTIYGLTKTPGIKIMLSRHTQTDRSEAMCDAATQTEDVVDNSSETL,----HHH------------EEEEEEE-------EEEEEE------EEEEEE--------HHHH-----------------
P04296_110,LLEDEYLSEEMMELTARALERGNGEWSTDAALEVAHEAEALVSQLGNAGEVFNFGDFGCEDDNATPFGGPGAPGPAFAGR,---HHHHHHHHHHHHHHHHH-------HHHHHHHHHHHHHHHH-------------------------------------
Q2HR89_002,DEPSPGFILNMTSDAKVRSVVEQIDRLSNITTSPPEMGWYDLEFDPLEDEGPFLPFSAYVITGTAGAGKSTSVSALHQNL,-----HHHH-----HHHHHHHHHHHHHHH----------------------------EEEEE------HHHHHHHHHH--
random_set03_1268,SCISSSGEGQKNSQVDPGKKEPMYKVGLEIESATEPLYGEGEVDLGLVDGFDAVVLPLLYGDLITVGGNFPLMCGEEEHQ,-----------------------EEEEEEE-----------EEEEEEE-----EEHHHHH----E------EE-------
Q2HR89_051,YNAMYSFYAHGVKQGHEEFLRDLRELPVSQELISEMSSEDVLGQEGDTDAFYLTASLPPSPTHAALPTLVAYYSGAKELF,--HHHHHHHHHHH--HHHHHHHHHH------------------------HEEEEE----------HHHHHHHHHHHHH--
F5HGI9_004,PTRPLVIDEDAEPAAGTSGGLEGGGGDDEDGEDGHALPDLDDDLLLQFEPMLPRVYDLLLPSLDARLNFVNAGQKYAAFL,----EEE-------------------------------------EEEH----HHHHHHHHH-------HHHHHHHHH---
random_set02_0069,LTSLAVKDALLMKISRNSQSKSYDNMNYHAGSALGQKEHFFFKVSTADEVTAPAEEYGLVLLYECHFPTYSIRIKALRAR,--HHHHHHHHHHHHH-----------------------EEEEEEE------------EEEEEEE------EEEEEHH---
P52359_009,ATNSIKLKKIIITNDLVYYILELGSLTVTDLHFIPKYNSEHVLNVRPITPNLIYDTCSIVSYDEAKLLTVKGPGENKLIP,---EEEEEEEE-----EEEEEE-----EEEEEEE---------------HHHHHHHH---------EEEEE---------
F5HGU6_019,KHDPENVIYFRKDGNLDTSFVNPNYGRGSPLTIESHLSDNEEDPIRYYVSVYDELTASEMEEPSNSTSWQIPKLMKVAMQ,------EEEEE----EEEEEE---------EEEEE---------EEEEEEEHHHHHHHHH-----------HHHHHH---
P03198_079,HTTRSLFVAPISLEAEKTFSCLMLITKKRYVGVLTDGKTLMKGVELVRKTACKFVQTRCRRVLDLVLADARVKEAASLLS,-------------HHHHHHHHHHHH----EEEEEE----EEEEEEEEE---HHHHHHHHHHHHHHHH----HHHHHHH--
F5HIC6_024,TTVHTDNVEDDLTLLDKESACALMYHVGQEMDMLMRAMCDEDLFDLLGIPEDVIATSQPGGDTDASGVVTEGSIAASAVG,---E--------EE-------HHHHHHHHHHHHHHHHH----HHHHH----HHH-------------EEE----------
random_set04_0714,ASRKVILDPGARDAAVACGFTKDDVELLQTESEQALLLQSSVVGYHDLDHFNYDLTWPVPGEFAAVPTDEEFRFCKRKSG,---EEE---------EE-------HHHHH---HHHHHHH-----------------------EE-------HHHHH----
Q2HRD2_029,LIYWSSGHSDATCDGDRDCSHLASLFTHEADMHKRRVDLAGCLGERGTPKHFFDCFRPDSLETLFCGGLFSSVEDTIESL,-------------------HHHHHHHHHHHHHHHHHHHHHHHH--------EEEE-----HHHHH-----H-HHHHHH--
P68336_002,DADGVSPPPPRPAGGPKNTPAAPPLYATGRLSQAQLMPSPPMPVPPAALFNRLLDDLGFSAGPALCTMLDTWNEDLFSGF,--------------------------------------------HHHHHHHHHHHH------HHHHHHHHHHHHHHH---
Q9J3N2_006,DPPTFKLNNMSHHYDTETFTPVSSQLDSVEVFSKFNISPEWYDLLSDELKEPYAKGIFLEYNRLLNSGEEILPSTGDIFA,----EEEE----EEEE-----------HHHHHHH------HHHHHHHHHHHHHHHHHHHHHHHHHH--------------
P52442_027,TFALTTVLKRSLTSSIISLPVLCFCKTKCLRYAKIDSYLTVICSKCGHCLNSGKERLKGKQTFSLSSMFYYRDRQEKNII,-HHHHHHHHH---EEEE-------HHHHHHHH-----EEEEEE-----EE------------------------HH----
Q9QR70_013,LGLQEWARVEVGRHLVSKITQTLLEPHPPQFIRAFTQNTDLVPYEGLEVPEGPQPVARPHIEDDVIMQAVMISLGADLLP,------HHHHHHHHHHHHHHHHHH----HHHHHHHH-------------------------HHHHHHHHHHH--------
P16784_089,AGTGVAAAAEADRALREFLEAPWESAPQPPRLRMTPDTDHEESTAGATSVPEVLGARYEPAHLAASDLLNWYIVPVSQAQ,----------HHHHHHHHHH-----------EE--------------------------------------E--------
random_set04_0613,LYPCLDLAFQFDEASNRKDDEDPINFQPDPCIPSVIQFTAEDLLLEDTNICKPRHDVFDKDHLHPTAAKKVGILSEFAFM,----HHHHHHH-----------------------HHHHHHHHHHH--------------------------EEE------
Q69140_081,VGDYGFVQIPSAQWEPHPSQGTYQGHIDPQLPAALDLGPEQPRFPQDPYVYSGGQLSSCPGYAGPWPSRPQHPRYRHTLA,------EEE-----------------------------------------------------------------------
Q2HRD3_026,KIPKLVQAKDFPQCASRGTDGSTLMVIDSLVAELGMSYGLSFIEGPQDSCEVLNYDTWPIFENCETPDARLRALEVWHAE,----------------------HHHHHHHHHHHHHHHH----------------------------HHHHHHHHHHH---
Q9QJ45_026,WLGAEGEFAVCEYSGWGVSKLGKIEIFAEEPLTFDMVWKTVKMRSSGAYTSLFRDDVTWGLISLDKWVGDKYFCMCTNKE,"-------EEEEEEE--------EEEEE----------EEEEEE--------------EEEEEEEE-
EE--EEEEEE----"
P10230_061,ERHAPYEDDESIYETVSEDGGRVYEEIPWMRVYENVCVNTANAAPASPYIEAENPLYDWGGSALFSPPGRTGPPPPPLSP,------------EEEE------EEE-----HHHHHH--------------------------------------------
P03186_305,SQSVASPAPSSDQTTLLWNTPSVVTQFLSIEDIIREVVTGGSTSGDLVVPSGSPSSLSTAAPEQDLRYSLTLSQASRVLS,"-------------EEEEE--HHHHH-
HHHHHHHHHHHH--------EEEE-----------------EEEEE--HH----"
Q4JQW9_071,LFPKAVVNPNKDPCYFYKTACPEPTVEVLDDDNLLDITSHSDIDFYIENGELYTCVEENYTEDVWFFDTQTTSEVHTHAD,--------------EEEE-------EEE---------------EEEE----EEEEE-------EEEEE-----HHH----
P52468_044,KNMGFDQVMQFLPNEYISDESLTSTFWLQDTTFLSDEIEKQFYVTRHEIFNEYLPVTNYIGDLDLPLQDSAIITESLFFS,"-------HH---------HHHHHHHH-----------HHHHHHHH----------EEEEEEEE-
EE--------------"
random_set04_0120,GCARGSHRWATLDIVGWDTMECDAMKEPKNYLQLGGVVSCNLTSAFVHVGKPTPGKGLSRRFGSRIYREEKGVPRTLELN,---------EEEEEE--------------HHHE---EEE----EEEEEE----------------EEE------------
P52540_046,ALTRAIWLQDTHFLCDDFEKQFYTTRHEIFNERIPVTNYIGDLDLPLQDTATITEETFFSMCRLIRLTLINAWKKIFPSI,-----------------HHHHHHH-----------EEEEEE-E-----------HHHHHHHHHHHHHHHHHHHHHH----
P68324_033,THENLLSIDSFVNRCVNVSEGTLQYPKMKEFLKYEPSDYSYITKNKSISVSTLLTYLATAYESNVTISKYKWTDIANTLQ,----HHHHHHHHHHHHHH--------HHHHHH-----------------HHHHHHHHHH----EEEE----HHHHH----
Q1HVD3_016,SVKRVRVDEGANTRRTIRDILEIPVTVLSSLQLSPTKSILKKAPEPPPPEPQATFDAAPYARIFYDIGRQVPKLGNAPAA,--EEEEE------HHHHHHHHHHHHHHH--------HHHHH------------------HHHHHHHH-------------
fiducial_046,SQTVPEPDQGPVSQPVPEPDLPCDLRHLNTEPMEIFRNCVKIEEIMPNGDPLLAGQNTVDEVYVSRPSHFYTDGPLMPSD,-------------------------------HHHHH-----EEEEE----------------------------------
P52525_002,FTLISFLFYSYLIIWTPVLSVCSEKISFVNLTNFSMWPKFAKFHYESFEKTYIQSCDIPISKNCFKQILFWSFRLSQKKN,-HHHHHHHHHHHHHHHHHHHH-----EEEE-------------------HHHHH-------HHHHHHHHHHHHHH-----
random_set02_0312,VLLKRDDLEVNCFNFLGTTNPNGFMDDTMAFRVFEPAGDKQFLIEECGDLGQLRSGTSCHLLIPNHEEALDFWLNKGWDS,---------EEEEEEEE------------EEEEE------EEEEH-------------EEEEE----HHHHHHHH-----
random_set03_0014,LLQIPTFLIPLQKKQEHATADQAMDTSTLYWQALDTIFLATDEDLPPLCHLEGQTDTLLHRSDNSSLLDSSSNLLVHTPL,-------EE-------------------HHHHHHHHHHH---------EE------EEEE-------------EEEE---
Q2HR71_016,KALRRSLRKKAQREAARKQAAAVATPTTSSAAEVSSRSQSEDTESSDSENELWVGAQGFVGRDMHSLFFEEPEPSGFGSS,--HHHHHHHHHHHHHHHHHH-------------------------------EEEE----------EEE------------
Q9QR70_014,VGRHLVSKITQTLLEPHPPQFIRAFTQNTDLVPYEGLEVPEGPQPVARPHIEDDVIMQAVMISLGADLLPLAVQASTGDN,--HHHHHHHHHHHH----HHHHHHHH-------------------------HHHHHHHHHHH-----HHHHHHH------
P24433_032,DAFFSLLNVTTGQQPKIVPPVSVHPPVTEQYQMLPYSESAAKIAEHESNRYHSPCQAMYPYWQYSPVPQYPAALHGYRQS,--HHHHHH----------------------EEE--------HH---------------------------HHHHH-----
F5HAI6_003,KTRESEEACPVYPHPVVPRLVLEVHRKNNALVGSNTPKMSVMGHLDIACLREHVKSRLSSPNFVGFTVVCLVEHEDMVTH,------------------EEEEEE----EEEEEE---EEE------HHHHHHHHHHHH-----HEEEEEEEE--------
P52474_004,LLDFLETKYTDFGILKTDILNYERDSETFKTLLQVLPIYKKTKLRYNLIERCLNNCPPHVKDALIIEIMKAKKILETLDV,-HHHHHHHHH-----HHHHHH-H--HHHHHHHHHHHHHHHHHHHHHHHHHHH--------HHHHHHHHHHHHHHHHH---
Q2HRA1_006,NCMLGNIQEGQFLGPVPYRTLDNQVDRDAYHGMLACLKRDIVRYLQTWPDTTVIVQEIALGDGVTDTISAIIDETFGECL,----HHHHHH----------------HHHHHHHHHHHHHHHHHHH------HHHHHHHHH-----HHHHHHHHHHH----
Q9QJ11_029,ANGTCCPPRDVHHDRPTLQSSNSWTRTEYFEPWQDVVDAYVPINDNHCPNDSYVVFQTLQGHEWCSRLNKNDTKNYLSSV,---------------------------EE-------EEEEEE----------EEEEEE----EE---------HHHH---
Q4JQW9_074,DDNLLDITSHSDIDFYIENGELYTCVEENYTEDVWFFDTQTTSEVHTHADVSNNENLHETLPCNCKEKIGFRVCVPIPNP,--------------E------EEEE---------HHHHHH------------------------------EEEE------
Q2HR71_034,LPDLGDLGELLCETASPQGPMQSEGGEEGSTESVSVLPATHPLESSAPGASVMGSGQELPDLGDLSELLCETASPQGPMQ,------HHHHHH----------------------E----------------------------HHHHHHH----------
P03209_052,ETSQAVKALREMADTVIPQKEEAAICGQMDLSHPPPRGHLDELTTTLESMTEDLNLDSPLTPELNEILDTFLNDECLLHA,--HHHHHHHHHHHHHH-----------------------HHHHHHHHHH------------HHHHHHHHHHHH-------
P09295_010,IQQILNTNRRYIAPDFIRGLDKTEDDNTDNIDRLEDAVGPNIEHENHTWFGEDDEALLTQWMLTTHPPTSKYLQLQDLCV,--HHHHHHHH----HHHHHHHHHHHHHHHHHHHHHHHH--------------HHHHHHHHHHHH-------HHH------
P68336_006,PMPVPPAALFNRLLDDLGFSAGPALCTMLDTWNEDLFSGFPTNADMYRECKFLSTLPSDVIDWGDAHVPERSPIDIRAHG,-----HHHHHHHHHHH------HHHHHHHHHHHHHHHH-----HHHHHHHHE----HHHHHHHHHH--------------
Q6SW67_050,ETGLCSLAELSHFTQLLAHPHHEYLSDLYTPCSSSGRRDHSLERLTRLFPDATVPATVPAALSILSTMQPSTLETFPDLF,------HHHHHHHHH--------------------------HHHHHHHHHH------HHHHHHHHHHH------------
F5HC79_058,YRSQYHQDQDVVDVGNQFTYDEHLYVVNNLIHKSLPVESLPLLGQQIYELCNGPLFTHCTDRYPLSHNVDMAYACDNAGV,--HHH--------------HHHHHHHHHHHH-----HHHHHHHHHHHHHHH------------------HHHHHH-----
random_set02_0146,SCTENTIVAQAFRYNEMKANIQKALGKLLKRYPWLKCKESKDAAEDDSQKETSTLVLPLSMTGCPLNLLPKTVFLSATIY,-----HHHHHHHHHHHHHHHHHHHHHHHHHH---------------------EEEEEE-------------EEE------
Q04360_038,ITCATARQNKVVETLSSSYVKQPLCLLAAYAAVAPAYINANCRRRHDEVEFLGHYIKNYNPGTLSSLLTEAVETHTRDCR,-------HHHHHHHHHHHHH--HHHHHHHHHHHHHHHHHH-----HHHHHHHHHHHH-----HHHHHHHHHHHHHHH---
Q6SWD3_004,PLTTKWKTVFGNNGDQWLCNVTGIGNATVNGNATICVSSCGHNTLDLCNLKSGDSGFFDLSRWFGENMDEYSGDVWHLEV,-----EEEEE------EEEEEE----EEE----EEEEEE-----EEEEEE-----EEEEEEEE----------EEEEEE-
P52464_001,MAYKGWNSDSFSMNSELFNEILLYAHLDSSGIDSDDLNTNPNTLENEINSVEKTLNIEELKKITTALNIDNRCNICSIIN,--------------HHHHHHHHHHH------------------HHHHHHHHHH---HHHHHHH-----------EEEE--
P03226_084,DFQHVAQTLAYNGPAFSHHFTRDEDILDNLENGTLRDLLEISDLRPTVGMIRDLSASFMTCPTFTRAVRVSVDNDVTQQL,--HHHHHHHH--------------HHHHH-----HHHHHHE-----HHHHHHHHHHHHH---HHHEEEEEEE--------
P52445_017,QRYKPIYKPNGPYQMAIKDVIVYLLQFLTLTLLVWFGKLYLPRKSCQHLFFLAVLHSNLFITKLYQLVLCSILCLLAGVI,---------------HHHHHHHHHHHHHHHHHHHHHHHHH--------EEEHHHHHHHHHHHHHHHHHHHHHHHHHHH--
P52339_071,EQYIDFNLFKSGKYAKTSIQAKLCRLSMQCLKDFRVKNRPFNKPNKNTQNNPFFKKVKQKKNPLSGCLSFLLFKYHERLF,"-----HHHHH---EEEE-
HHHHHHHH--HHHHHEE----------------EEEEE-----------HHHHHHHHH----"
F5HIC6_025,DLTLLDKESACALMYHVGQEMDMLMRAMCDEDLFDLLGIPEDVIATSQPGGDTDASGVVTEGSIAASAVGAGVEDVYLAG,----------HHHHHHHHHHHHHHHHHH----HHHHH----HHH-------------EE----------------EEE--
Q69555_036,RYILFFVSGGCSLNPNRVLKRRRRNDEVPMVIMEVEYCNYEADDYMELHSVQKVRDNSIAVVCGNNSFDIERQSKISRNF,-EEEEEE--------HHHHHHH------EEEEEEEEE--------EEHHHHH-----EEEEEE-----------------
P0C6Z8_015,ACTSCHALFMPQFRCSLQDYGHWHDGSIEPLVRGFQGLKDAVYFLNRHCGLFHSDISPSNILVDFTDTMWGMGRLVLTDY,-----EEEEE-------HHHH------HHHHHHHHHHHHHHHHHHHH---EEEE-----EEEE----------EEEE---
P89437_009,VEEQAARRDFLTAHRRYLDPALSERLDAADDRLADQEEQLEEAAANASLWGDGDLADGWMSPGDSDLLVMWQLTSAPKVH,--HHHHHHHHHHHHHH---HHHHHHHHHHHHHHHHHHHHHHHHHHH----------------HHHHHHHHHHHH------
P03186_204,AYVSADTQEPLNYIPVYHNFLEYVMPTVLENPEAFSLTPAGRPQAIGPPQDDQERRRRTLASVASARLSAAAADSYWDTW,-------------EEEHHHHHHHHHHHH------------------------HHHHHHHHHHHHHHHHHHHHHHHHH---
P16784_090,ADRALREFLEAPWESAPQPPRLRMTPDTDHEESTAGATSVPEVLGARYEPAHLAASDLLNWYIVPVSQAQQDILSSIDPP,--HHHHHHHH-----------EE------------------HHH-----------------EE--HHHHHHH--------
F5HGU6_020,RKDGNLDTSFVNPNYGRGSPLTIESHLSDNEEDPIRYYVSVYDELTASEMEEPSNSTSWQIPKLMKVAMQPVSLRDPEYD,-----EEEEEE---------EEEEE---------EEEEEEEHHHHHHHHH------------HEEEEE------------
P03227_010,YVFHNAHMVPPIFEGPGLEALCGETREVFGYDAYSALPRESSKPGDFFPEGLDPSAYLGAVAITEAFKERLYSGNLVAIP,--------E--------HHHHHHHHHHH---------------HHHH---------EEEEEEEHHHHHHHHHH-------
P52517_006,TENNAECVTLVGHVLKNKKVIKINVFPMIQSINFVNIFALPIFNITSSLLIQDNCYFKENMDPLRFHQFAYLEKGLGTTP,------EEEEHHHH-----EEEEEEEHHH----HHHHHHHHHHHH--HHHH--------------HHHHHHHH-------
Q6SW67_051,SHFTQLLAHPHHEYLSDLYTPCSSSGRRDHSLERLTRLFPDATVPATVPAALSILSTMQPSTLETFPDLFCLPLGESFSA,-HHHHHH------------------------HHHHHHHHHH------HHHHHHHHHH-----------------------
fiducial_047,PLSLGEDFYREAIEHCRSYNARLCAERSLRLPFLDSQTGVAQNNCYIWMEKTHRGPGLAPGQIYTYPARCWRKKRRLNIL,-------HHHHHHHHHHHHHHHHHHHHHH---------------------------------EEEE--------------
Q2HRD2_031,HLASLFTHEADMHKRRVDLAGCLGERGTPKHFFDCFRPDSLETLFCGGLFSSVEDTIESLQKDCSSAFYQQVNYTTALQK,"--HHHHHHHHHHHHHHHHHHHHH--------EEEE-----HHHHH----HH-
HHHHHHHHHHHHHHHHH----HHHHH--"
random_set03_0834,QIRRCIRGKHWLLIETDYGKGDKVVDSIDAKCPISRADSTYNNNAYSYILLTCSGGAEWQQAYLAPLSELLVTNLFGAGL,--HHHH----EEEEE---------HH--------------------EEEEEEE-----HHHHHHHHHHHHHHHHH-----
Q9WT45_021,SDSFGAKGPFCWPTEELLQPSAKKDVGGTVCMALSCQEDNSARHCTIYGLTKTPGIKIMLSRHTQTDRSEAMCDAATQTE,-------------HHHHH-----------EEEEEEE-------EEEEEE------EEEEEE--------HHH--------
Q2HRC9_016,ETLHSAEAPLPSRETLVTGQLRSTSPRTYTGYFHSPVPLSFLDLLTFESMGCENVEGDPEPLTPKYLTFTQTGERLYKVT,--------------EEEEEE--------------------HH---EEEE----------------EEEEE-----EEE--
random_set03_1485,TQESYTLTFKELFERDGLELGIISENSSQSANELELLNNAAGFAQMNGPSDSASWADDGNHTKRLKFVIAPTIYELLTPS,"----EEEEHHHHH------EEEE--------HHHHHHHHH-----------------------EEEEEEE-
HHHHH----"
F5HCV3_017,RLVCNRRPIMILTSSLLKLYNTYDTAGLLSEQSRALCLLVFQPVYLPRIMAPLEIMTKGQLAPENFYSITGSAEKRRPIT,-------HHHHHHHHHHHHHH----H--HHHHHHHHHHHHH-H--HHHHHHHHHHHH---------EEEE----------
F5HEF2_002,FLNKECIWTVNPMSGDHIKVFNACTSISPVYDPELVTSYALSVPAYNVSVAILLHKVMGPCVAVGINGEMIMYVVSQCVS,-----EEEE-------EEEEEE----E------------------HHHHHHHE-------EEEEEE---EEEEE------
P09256_027,DPHRQLGNALIRMPDLPVMLYSNSADLNLINNPEIFTHAKENYVIPDVKTTSDFSVTILSMDATTEGTYIWRVVNTKTKN,--HHHHHHHHH------EEEE---------------------EEE--------EEEEEEEEE------EEEEEEE-----
random_set03_0567,GAFQPSLWFTTHPTAAIPVFVPEESGWKNLPIGVVKKMSFESFERAGWFQKGKYNSDLSFSSPPDATIAAKLNFGKQNKT,------EEE-------EEEEE-----------EEEEE--HHHHH-----------------------HHHHH--------
random_set03_0622,FKGHKLWSSDMAALLPDYWTEVIPKTAYEWEEGRDESSVLTGSLDRLQPHHLESIYDHVAKESQGVFQSTVYDRGGVEVH,----------HHHH------HH---------------EEEE----------HHHHHHHHHH----EEEEEEE----EEE-
P04291_009,VEEQAARRDFLTAHRRYLDPALGERLDAVDDRLADQEEQLEEAATNASLWGDGDLAEGWMSPADSDLLVMWQLTSAPKVH,--HHHHHHHHHHHHHH---HHHHHHHHHHHHHHHHHHHHHHHHHHH----------------HHHHHHHHHHHH------
P52537_008,QKDSDVLNSHLKAIEDALLFTNDGEVNVETKADTQLLPKSPERLEKFNQVAITPLDPFIRFTDDFRGEMINTFFNNAQMW,--HHHHHHHHHHHHHHHHHH-------EEE------------------EEEEEE---EEEE-----HHHHHHHH------
P10201_031,AVSGGAMGAADADAVLAGLEPPGGGRFVAPAPHGPGGEDILNDVLTLTPGTAKPRSLVEWLDRGWEALAGGDRPDWLWSR,-----------HHHHHH-------EEE----------------EEE----------HHHHHHHHHHHH------------
P52340_167,LSHSTDLVINSLAKSIDKNSLYNTFVVSHNPPEKPMHLMRNICIDTQLWQPAKLMKDTFQQTFFTQLCPKNEKFFIYLTA,"----HHHHHHHHHHHH-
HHHHHHHHEE----------------------------HHHHHHHHHHHH-----HHHHHHH-"
Q3KST0_077,QAPYQGYQEQPPPQAPYQGYQEQPAPQAPYQGYQEPPAHGLQSSSYPGYAGPWTPRSQHPCYRHPWAPWSQDPVHGHTQG,--------------------------------------------------------------------------------
Q2HR73_031,LPSTSPWIPACFPWGDLPVTGWWPQGASGLPEKVHPPTTGQFDPLSPRWTYTGIPSSQLNPAAPSWIPPHAQAGTFVGEF,-------------------------------------------------EE------------------------EE---
random_set02_1176,HQIYQEQKLHLTLLLIQLDWPGSSKTHFISQNDLEYAPYRLCVVLNKVGSTHTLRSRATITVLERALQPWRRNTLSQSLH,---HHHHHHHHHEEEEE---------EEE----------EEEEEE--------------HHHHHHHHHHHHHHHH-----
P09265_006,VKTAPSPPWVASPKILYQQLIRDLDFSEGPRLLSCLETWNEDLFSCFPINEDLYSDMMVLSPDPDDVISTVSTKDHVEMF,-----------HHHHHHHHHHHH------HHHHHHHHHHHHHHHH-----HHHHHHEEE----HHHHHHH----------
Q2HR83_019,MASVVKKFFLVETVIYEDFQDTDFNVQLNLCFFWTAVVQMYQRCIYEQKLVHIISTSLTLLKSTARSFFAWYDLYRPNLG,--HHHHHHHHH---------------HHHHHHHHHHHHHHHHHHHHHHHHHHHHHHHHHHHHHHHHHHHHH---------
F5HEU7_061,EERHSQDALYNLLDCIQELFTHIRQAVPDAQCPHAFLQSLFVFQFRPFVLKHQQGVTLFLDGLQTSLPPVISLANLGDKL,-----HHHHHHHHHHHHHHHHHHHHH------HHHHHHHHHHHH---HHHHHHHHHHHHHHHHH-----HHHHHHH----
P90493_040,DSRPGLWGAPEAEEARARFEASGAPAPVWAPELGDAAQQYALITRLLYTPDAEAMGWLQNPRVAPGDVALDQACFRISGA,---------HHHHHHHHHHHH----EEEEE------HHHHHHHHHHHH----HHHHHHH------HHHHHHHHHHH----
P03210_021,LDDSDAVFARTLLAALFHLNMFFILKDYITQDSMSLKQALSGHWMSATGNPLPAAPETLRDYLEAFRNSDNHFYLPTTGP,-----HHHHHHHHHHHHHHHHHHHHHHHH---HHHHHHHH---HHH----------HHHHHHHHHHH-----EE------
P24827_019,EECDVDEDDAGSDTTVASEFSFRGSVCEDDGEDEDEEEDGEEEDEDEEGEEEEDEEEEEGDEDGETDVYEEDDEAEDEED,-------------------H------------------------------------------------------------
P09282_001,MDRVESEEPMDGFESPVFSENTSSNSGWCSDAFSDSYIAYNPALLLKNDLLFSELLFASHLINVPRAIENNVTYEASSAV,-----------------------------------------HHHHHHHHHHHHHHHHHHHHH-----------EE-----
Q9WT45_023,SAKKDVGGTVCMALSCQEDNSARHCTIYGLTKTPGIKIMLSRHTQTDRSEAMCDAATQTEDVVDNSSETLFLGGNLVHQS,---------EEEEEEE-------EEEEEE------EEEEEE--------HHHH---------------EEEE--------
P03234_031,NKPPRQTPLPYAAPLPPFSHQAIATAPSYGPGAGAVAPAGGYFTSPGGYYAGPAGGDPGAFLAMDAHTYHPHPHPPPAYF,--------------------H--------------------------------------EEEEE----------------
P03189_099,TPPPLSMDDILYLGKSICKALVDVLDHHPAAPETTPIKTYTPAMDLNPEQITVTPRSPSVLAAFARTARVQTHHLVPALT,--------HHHHHHHHHHHHHH----------------------------EEEE-----HHHHHHHHHHHHH--------
Q2HR71_019,AAEVSSRSQSEDTESSDSENELWVGAQGFVGRDMHSLFFEEPEPSGFGSSGQSSSLLAPDSPRPSTSQVQGPLHVHTPTD,---------------------EEEE---------EEEEE--------------------------------EEEE-----
P52340_140,KEYFEIVNNVASFKLAFNFPQQLQNVERLIEKFKSLPKSQPFEKFPQENDLLSDSLNTENYINGLRALLNFITAAQNYIQ,-HHHHHHHHHHHH------HHHHHHHHHHHHHHHH----------------------HHHHHHHHHHHHHHHHHHHH---
random_set03_1082,RALYAALTELSQPGWKSWGMQDLTPDSTKYWEAWEGHGGNELGGRELSSQPSQVSIEILDNTFQNRLKEIALGGPESYKL,-HHHHHHHH---------------------EE---------------------EEEEHHHHHHHHHHHHHH---------
random_set03_1109,SLRDTKFWAEKKLNPAITQDFPEMAPKESSRESYQRQLTGGPRKEASVNGNMCHLLVMVVKTINKRLIRMKSDAQQDKEL,------HHHHH--------------------HHHHHH---------------HHHHHHHHHHHHHHHHHH----------
P10220_183,QGVLGAKSAERAGAVEELGGRVAQHADLSARLRDEVVPRVAWEMNFDTLGGLLAEFDAVAGDLAPWAVEEFRGARELIQR,---HHHHHHHHHHHHHHHHHHHHHHHHHHHHHHHHHHH-------HHHHHHHHHHHHHHHH---HHHHHHHHHHHHHH--
P03186_202,AKYAGTLWLETESPCDPLNPAYVSADTQEPLNYIPVYHNFLEYVMPTVLENPEAFSLTPAGRPQAIGPPQDDQERRRRTL,----EEEEEE------------E---------EEHHHHHHHHHHHHHHH-----------------------HHHHH---
F5HB39_026,VCVYERGGRQEDDWLPIPLSFPEEPVPPPPGLVFMDDLFINTKQCDFVDTLEAACRTQGYTLRQRVPVAIPRDAEIADAV,-----------------------------HHHHHHHHHHHHHHHHHHHHHHHHHHH----EEEEEEEEEE----------
P17887_022,QRSNMFQSLKNRLLTSLFFLNRNNNISYIYRILNDMMESVTESILNDTNNYTSKENVPLDGVLLGPIGSIQKLTSILSQY,-HHHHHHHHHHHHHHHHHHH-----HHHHHHHHHHHHHHHH---------EE-----EEEEEEEE-HHHHHHHHHHH---
random_set04_0151,DYGWHGMLGELELDILQGDHQNFPGETMEGAEMKEQESLPIVVDLEYTEYGVSPLSFSRTQKRPHPVKLPVAEDLTIRPH,"------HH-H-
HHHHH------------------------EEEEEE----------------------------------"
P03227_009,LRATSYHRDIYVFHNAHMVPPIFEGPGLEALCGETREVFGYDAYSALPRESSKPGDFFPEGLDPSAYLGAVAITEAFKER,--------EEEEE-----E--------HHHHHHHHHHH----------------HHHH--------EEEEEEE-------
P68336_009,TWNEDLFSGFPTNADMYRECKFLSTLPSDVIDWGDAHVPERSPIDIRAHGDVAFPTLPATRDELPSYYEAMAQFFRGELR,---HHHHH------HHHHHHH-----HHHHHHHHH----------------------------HHHHHHHHHHHHHHH--
Q6SW65_029,YGHALWEGRDPPDSVTAVLSELPQLLPRLADDVSREIAAWEGPVAAGNNYYAYRDSPDLRYYMPLSGGRHYHPGTFDRHV,-------------HHHHHHH--HHHHHHHHHHHHHHH----------------------EEEEE-----EE---------
P10185_008,FLRYHCPGLDTVLWDRHAQKAYWVNPFLFVAGFLEDLSYPAFPANTQETETRLALYKEIRQALDSRKQAASHTPVKAGCV,"----------EEEEE-----EEEE-
HHHHHHHHHHHH-----------HHHHHHHHHHHHHHHHH---------------"
random_set04_0030,GALVHGDNIRQQQDTFDQLTWEYYSCERKVYPHNTKALSTDLFVEVDDGMLPLTGEDFVMPTDITILPKEAHEFIQCEPK,-----------------HHEEEEEE----------------EEEE-------------EE----EEE-----HHH-----
Q69553_017,ISDGQDANGTLNILNERVSLDIYFLSKICPQLSSEIYKKKVAHPKYFSLIKNDTKPKKFLRNTWRSAWSNWYKYKEIKEF,---------HHHHHHHHH---HHHHHHH-----HHHHHHH------EEEEE----HHHHHHHHHH--------HH-----
P03226_120,ADVAYFQKSNSPRGRAACVVSCENYNQEVAEGLIYDHSRPDAAYEYRSTVNPWASQLGSLGDIMYNSSYRQTAVPGLYSP,-----------------EEEEE-----HHHHHHHH--------------------------EEEE---------------
Q2HR73_065,GGYGPEQSLVPPPLGLPLTLSNLQGEDICTWEEGLGNILSELQEEPSSSTRQATDRRRPRSRSPHGRRTPVSHSGPEKPP,------------------E---------EHHHHHHHHHHHHHH-------------------------------------
P52353_045,VLLASLCNPLEMYFWTHMLDNVMDIETMFSPCATATRKDLTQRVVNNILSYKNLDAYTNKVMNTLSVYRKKRLDMFKSIS,--------HHHHHHHHHHHH---------------------HHHHHHHHHH----HHHHHHHHHHHH--------H----
F5HIC6_028,EDLFDLLGIPEDVIATSQPGGDTDASGVVTEGSIAASAVGAGVEDVYLAGALEAQNVAGEYVLEISDEEVDDGAGLPPAS,--HHHHH-----H--------------EE---------------HHHHH--HH------EEEEEE---------------
P08355_067,NHRRYFKLGSGYVYYEDYNYVRMVEVPETISTRVTLNLTLLEDREFLPLEVYTREELADTGLLDYSEIQRRNQLHALKFY,--EEEEEE---EEEEEEEEEEEE---HHHHHHHHH-----------EEEHHHHHHHHHH-----HHHHHHHHHHHH----
random_set04_0524,QAVRDYSQICNHPGLYRASSLECIIQYLRGLEAPCYSMRMLKEDVAQFTFVRREVCNPLELFKSVNKEIIGSFLNDLPIA,--HHHHHHH-----------HHHHHHHHHH-------HHHHHHHHHHHHEE-------HHHHHHHHHHHHHHHH------
P09258_028,ENLLIIIPIVASVMILTAMVIVIVISVKRRRIKKHPIYRPNTKTRRGIQNATPESDVMLEAAIAQLATIREESPPHSVVN,---EEHHHHHHHHHHHHHHHHHHHHHHH---------------------------HHHHHHHHHHHHHH-----------
P03210_017,QCSPVNLLNMLVHKLVALRGHVQLAYDARVLTPDFHEIPDLDDSDAVFARTLLAALFHLNMFFILKDYITQDSMSLKQAL,----HHHHHHHHHHHHH---EEE-----------------------HHHHHHHHHHHHHHHHHHHHHHH---HHHHHH--
random_set03_1265,SHIGHFKTASHLPTRDTQEGDYRTGEVTDLVEHLHGWDEEGLEGKTGEYEGQTMHGFALEQQLQRLVVPLEFTNCELTGV,-------------------------EHHHHHHHH------------------EE--HHHHHHHHHEEEE------EE---
P09282_002,DGFESPVFSENTSSNSGWCSDAFSDSYIAYNPALLLKNDLLFSELLFASHLINVPRAIENNVTYEASSAVGVDNEMTSST,-------------------------------HHHHHHHHHHHHHHHHHHHHH-----------------------EEE--
F5HB81_014,SAITNKYELPRPVPLYEISHMDSTYQCFSSMKVNVNGVENTFTDRDDVNTTVFLQPVEGLTDNIQRYFSQPVIYAEPGWF,------EE-------HHHHH-----EEEEEEEEEE--EEEEEEE-----EEEEEEE--------EEEEE---EEE-----
P52362_083,PADSRIHLLETGYISRHIVKKWLNMKSLQDAEDLIRFININKEQLGKFEHQPFGKEIQKLIEKIHLFYKQKVIEYQEDVW,"---HHHHHHHHHHHHHHHHHHHHHHHHHHHHHHHHHHHHH-
HHHHHHHHH-----HHHHHHHHHHHHHHHEEEEEE----"
random_set02_0643,LFSCGSDSVHPTDICGGLVSYKEYSELTDPGMILCQKEVLYSQAVDISLADGGPSPHWQAWNVACKLGTQLGMEFEKLPD,-----------------EEE------------EEE--HHHH--HHEEEE-----------HHHHHHH-------------
Q9QJ27_023,TLEDHSMLLIKCQELLSKRTTLSTQRCGQLHATDIKDELKKIKSVLTMIDQINSLTNEKTYFVVCDVSADNRMATCIYKN,-------HHHHHHHHHHHH----------------HHHHHHHHHHHHHHHHHHHHH----EEEEEE------EEEEEE--
Q2HR64_045,DTEDIWIDDPLTPLYPLTDTPSFDITADVTPDNTHPEKAADGDFTNKTTSTDADRYASASQESLGTLVSPYDFTNLDTLL,---EEEE-----------------EEEE------------------------EE------HHHHHHHHH-----------
P06492_001,MDLLVDELFADMNADGASPPPPRPAGGPKNTPAAPPLYATGRLSQAQLMPSPPMPVPPAALFNRLLDDLGFSAGPALCTM,--HHHHHHHH-----------------------------------------------HHHHHHHHHHH--------EEE-
Q9QJ11_027,ETCTRFASVSIEDILRSKPAANGTCCPPRDVHHDRPTLQSSNSWTRTEYFEPWQDVVDAYVPINDNHCPNDSYVVFQTLQ,----------HHHHHH------------------------------------HHHHHEEEEE----------EEEEE---
Q4JQX9_250,FKKPQSVKTTLSQKDIPLYVETESETAVLIPKQLTTSIKTTVCKSITPPNNQLSDWKNNPQQNQTLNQAFNKPILEITSI,---------H-------EEEE-----EEEE--HHHHHHHHHHH--------------------HHHHHHHH---HE----
Q69567_004,IKEILEESLMCDTSFDDLIIPGLESFGLIIPESSNNIESNNVEEGSDGELKTLAAQSAGNCIQSIGASVKAAMKQEQSDM,--HHHHHH---------HH---------------------------HHHHHHHHHHHHHHHHHHHHHHHHHHHHH-----
P36384_107,GAAVASSVFVATVKSLGPRTQQLQIEDWLALLEDEYLSEEMMEFTTRALERGHGEWSTDAALEVAHEAEALVSQLGAAGE,---HHHHHHHHHHHHH-----------HHHH---HHHHHHHHHHHHHHHH-------HHHHHHHHHHHHHHH--------
P03186_201,RAQFLAAAGPAKYAGTLWLETESPCDPLNPAYVSADTQEPLNYIPVYHNFLEYVMPTVLENPEAFSLTPAGRPQAIGPPQ,--EEEE--------EEEEEE----------------------EEHHHHHHHHHHHHHHH---------------------
P03206_004,RVYQDLGGPSQAPLPCVLWPVLPEPLPQGQLTAYHVSTAPTGSWFSAPQPAPENAYQAYAAPQLFPVSDITQNQQTNQAG,---------------EEEEE-----------EEEEE------------------HHHHH-------------HH------
P89466_060,WPAESHAPRAPSEDADSIYESVGEDGGRVYEEIPWVRVYENICPRRRLAGGAALPGDAPDSPYIEAENPLYDWGGSALFS,"------------------EEE-------EEE-----HHHHHHH-
HHHH--------------------------------"
Q3KSV2_002,GQTYHLIVDTDSVGNPSLSVIPSNPYQEQLSDTPLIPLTIFVGENTGVPPPPPPPPQRRDAWTQEPSPLDWDPLGYDVGH,---EEEEE--------EEEEE--------------EEEEEEE--------------------------------------
Q9QR71_034,DEEEQETDEEDEEDDEEDDEEDDEEDDEEDDEEDDEEDDEEEDEEEDEEEDEEEDEEEEEDEEDDDDEDNEDEEDDEEED,--------------------------------------------------------------------------------
P06477_069,PRGIGYKLTGVDVRRPLFLTYLTATCEGSTRDIESKRLVRTQNQRDLGLVGAVFMRYTPAGEVMSVLLVDTDNTQQQIAA,----EEE---EE----EEEEEE----EEE-----EEEEE---------H---EEEEE-----EEEEEEE--HHHHHHH--
Q9J3N3_009,IDELGRRQLTDTIRRSLIMNACEITVACTKTAAFSGRGVSRQKHVTLSKNKFNPSSHKSLQMFVLCQKTHAPRVRNLLYE,----------HHHHHHHHHH---------------------------------------EEEEEEE---HHHHHHHHH--
P30003_053,NYLQKYVNPWIKQTITANFSLIQTYITFTKQCASILATKCNINLDNLFIYITIGTDKIVTTSFCSFIATCRNLVRQHEEF,--------HHHHHHHHHHHHHHHHHHHHHHHHHHHHHHEEEE----EEEEEEE----EEEEEHHHHHHHHHHHHHH----
P06437_066,EEYAYSHQLSRADITTVSTFIDLNITMLEDHEFVPLEVYTRHEIKDSGLLDYTEVQRRNQLHDLRFADIDTVIHADANAA,---EEEEE-----HHHHHHHHH-----------EEEEH--HHHHHH-----HHHHHHHHHHHHHHHHHHHHHH-------
P52537_038,SLFLLWRILNSESLFNKRVGKFLLTSIFPQLENVDFAENNFEAGNIQNFEYLMHHYVVPMYNLQNDISISTLFPGLVAVC,-HHHHHHHHH----------EEEEEEE-------------------HHHHHHHHHHHHHHHH------E----HHHHH--
P08392_003,TPSPDRDERGALGWGAETEEGGDDPDHDPDHPHDLDDARRDGRAPAAGTDAGEDAGDAVSPRQLALLASMVEEAVRTIPT,------------------------------------HHHHHHHHHHHHHHH----------HHHHHHHHHHHHHHHH---
Q69140_080,EEPRPPQAPFVGDYGFVQIPSAQWEPHPSQGTYQGHIDPQLPAALDLGPEQPRFPQDPYVYSGGQLSSCPGYAGPWPSRP,---------------EEEE-------------EE-------------------------E--------------------
P09276_010,MNNIQINPTSIGNPQVTIRLPLNNFKSTTQLIQQVSLTDFFRPDIEHAGSIVLILRHPSDMIGEANTLTQAGRDPDVLLE,----EE---------EEEEE---------EEEEEEE-------------HHHHHHH----HHHHHHH--------EE---
random_set03_0832,NVLHDCVCARNGPGVLHFFDNLGLVGHFEEYSAAYFGVKTPETTDALGTDPAIAGLGGGRDMLDQFQQDSLLRDVTLFKQ,------EE------EEEEEE-------------EEEE----------------------HHHHHHHHH--HHHHHHH---
P10220_245,LVDISMTPVAVLWENPDPPGPPDVRFVGSEATEELPFVAGGEDVLAASATDEDPFLARAILGRPFDASLLSGELFPGHPV,-------EEEEEE----------EEE---------------------------HHHHHHHH-------------------
P68336_003,RPAGGPKNTPAAPPLYATGRLSQAQLMPSPPMPVPPAALFNRLLDDLGFSAGPALCTMLDTWNEDLFSGFPTNADMYREC,----------------------------------HHHHHHHHHHHH------HHHHHHHHHHHHHHHH------HHHH--
P03206_003,PFVQAFDQATRVYQDLGGPSQAPLPCVLWPVLPEPLPQGQLTAYHVSTAPTGSWFSAPQPAPENAYQAYAAPQLFPVSDI,---HHHHHHHHHHHH----------EEEEE-----------EEEEE------------------HHHHH-----------
F5HEU7_038,TPNLANLSTFMGMVHQLTMFGHYFYRCLGSYSPTGLAFTELQKILTRASAEQTERNPWRHPGISDIPLRWKISRALAFFV,------HHHHHHHHHHHHHHHHHHHHHH-------HHHHHHHHHHHHHHHHH----------------------HHEE--
P10226_028,DCSMRAVLRRLQVGGGTLKFFLTTPVPSLCVTATGPNAVSAVFLLKPQKICLDWLGHSQGSPSAGSSASRASGSEPTDSQ,---HHHHHHHHH----EEEEEE-----EEEEE------EEEEEE------------------------------------
Q69091_019,PAFETAGTYLRLVKINDWTEITQFILEHRAKGSCKYALPLRIPPSACLSPQAYQQGVTVDSIGMLPRFIPENQRTVAVYS,-------HHHHEEE----HHHHHHHHH------------EE---------HHHH-----------EEE------EEEE--
random_set02_0102,LEWDWFDDLYLGSATSAGKPNLRLTPSHGTHKYVLVDYQSSGLERNVILIVVKIEAQSMILCQVIYLDIEVSILSPPAWR,"----------------------EE------EEEEEEE--------EEEEEEEEE----HHHHHHHHHH-
EEEE-------"
P52379_047,KKTDFVENTMTLKELFSNTNITVNGEFYELGNFQVHKDYIVNLNNFQNLFLKNDVDIFVIEEIMLTLKSEIRRFVFINAL,----------HHHHHHH---EEEE---------HHHHHHHH-----HHH-------EEEHHHHHHHHHHH--EEEEE---
random_set04_0559,VLRQRIFLFRRQNEVPMGKFFHSLELYDPIGKNLPLSYSDHAYHQIVLDIHPLLPHAFAKSASFVFAGDISANIIFDGEP,--HHHHHHHHH---------EEE-------------------HHEEEEE--------H-----EEE-------EEE----
random_set02_0555,PSVELIYQAHKVRQGRLDGAPLIIFRGLRATLKSDLPTVESGCLVEEQAMKPFPTSFYHPDKEFPFRTKFTQPRKGFSLF,---HHHHHHHHHH--------EEEHHHHHHHH-----------EE-----------------------------------
P68321_004,PSHRHLIGNTNLGLYTVLSTTTDYIQIRDILKTMVLTILQKVEGNQLILIRPKIGHQYEIKNTGPFPLEKGDQLSLLPPF,---------------EEE----HHHHHHHHHH---HHHHHH----EEEEE------EEEEE-----------EEEEE---
P52455_028,LAHLYSELNKHENLHRHRKMCQLLNTFPIKVLTTSKNSVDNKKILELIEREEKTSDAKKSLIKFLLNLSDSKSKIGITDS,-HHHHHHHHHHHHHHHHHHHHHHH-----EEEEE----HHHHHHHHHHHHH----HHHHHHHHHHHH-------------
P03234_030,FMTLLQTNLDNKPPRQTPLPYAAPLPPFSHQAIATAPSYGPGAGAVAPAGGYFTSPGGYYAGPAGGDPGAFLAMDAHTYH,-HHHHHH------------------------H-------------EE-----------------------EEE-------
P04296_082,LLGPLGFLLKQFHAAIFPNGKPPGSNQPNPQWFWTALQRNQLPARLLSREDIETIAFIKKFSLDYGAINFINLAPNNVSE,---HHHHHHHHHHHH--------------HHHHHHHHHH-----------HHHHHHHHHHHHHHH----EEEE-------
P03214_001,MAEEPRAPEALSSTFMLNMTSDASVRRIVRRIGTLARRRVQQLPDMETFSPEFDPELSEPPFLPFSAYVITGTAGAGKST,------------HHHHH-------HHHHHHHHHHHHH----------------------------EEEEEE---------
Q00701_010,LQSVVNEYLNSKGLNKGIFENMFTNKEKFESQFSDINRALLRLGNFIKWGSNVAIDTPYVNLTAEDSSEIENNLQDAEKN,-HHHHHHHHHH----HHHH-------------HHHHHHHHHHHH-HH--------------------HHHHHHHHHH---
random_set02_1187,GAFLSTKTLAVQIPEIGPFDLVPNYVYPLDEMLHYETSKRKTVNDSEDLIDGTLVLASGRLDETSHMTRQAVELVRDPYL,--------EEEE-----------------------------------------EEE----------HHHHHHHH------
random_set04_0707,LYALKALLPGPPRFGVQYGNTGALRPLLLFHGKPQFQRPAASPECSPERFFWTLTNGVGNNTDKTLTKVPKAVYQGSPPP,-HHHHHH--------EEE------HHHHHH------------------EEEEEEE----------HHHHHHHH-------
P24444_020,GYSKTGYNAAFPNLLPPYLYECGQNNGLFFGIVQAYVFSWYSDFDFSALEISERARRRIRSLLYDLKQKFAEQEVSVLSV,-------------------------HHHHHHHHHHHHHHH--------------HHHHHHHHHHHHHHHHHH--------
Q8AZJ5_031,LLEPGPPTAREGCSLSMDPGLVTLKDAWTLFPLHPEHDAVVPPKEEIHVMAQGHLQGGTPSLWGFTFQEAACDQWVLRPR,--------------E-----EEE----EEEEEE-----EE-----EEEEEEEEEE---------EEE-------EEE---
P0C6N0_014,SERSQFPDFSVLTVTCTVNAFPHPHVQWLMPEGVEPAPTAANGGVMKEKDGSLSVAVDLSLPKPWHLPVTCVGKNDKEEA,---EEE----EEEEEEEEEE----EEEEEE-------------EEEE----EEEEEE---------EEEEEEEEE-----
P52538_043,YACATCPQLLSYVVWNLNRMSVYNAGNAYTEIYNHLVNCSANLCEFCDGKCCQSCIGTAMVRVGTRLPAIPKNVKKEPLV,"------HHHHHHHHHHHHHHH-
HE-------EEEEHHH---------------HHHHHHHHHHH----------------"
P52342_058,DFQSLYPSIMMAHNLCYSTLVVDENAVIGLHADDILTVHVGPVTHRFVKKTVRESILASLLKKWLDKRKEVKMQMKMCNN,------HHHHHHH-------------------------E-----EEEE--------HHHHHHHHHHHHHHHHHHHHH---
P52378_022,AYFCDTFFGKEFSFFARLEDKLRWDKKLCLFCSTVLAAEYMYDLIRSRFPLKKVLLLTSKQGKCSSIESWIRYDVVIYTS,-----------HHHHHHHHHHHH----EEEE--HHHHHHHHHHHHHH------EEEEE---------------EEEEE--
P89459_257,AWIHGLEELASDDAGGPTPNPAPALLPPPATDQSVPTSQYAPRPIGPAATARETRPSVPPQQNTGRVPVAPRDDPRPSPP,-----HHHHH----------------------------------------------------------------------
P03169_012,TEEKFTGAFNMMGGCLQNALDILDKVHEPFEEMKCIGLTMQSMYENYIVPEDKREMWMACIKELHDVSKGAANKLGGALQ,----HHHHHHHHHHHHHHHHHHHHHHHHHH----HHHHHHHH----------HHHHHHHHHHHHHHHHHHHHHHHHH---
P28284_043,SPPRAAAAPVVSASADAAGPAPPAVPVDAHRAPRSRMTQAQTDTQAQSLGRAGATDARGSGGPGAEGGPGVPRGTNTPGA,--------------------------------------------------------------------------------
P52438_073,SAFYRTCSKLIEESKLFKDRLQEIKVSKTLFIEMLQNVVKNITKFKDLVSNQTLQNFIIIVERISSHANTTYQDVLNSID,-HHHHHHHHHHHHHHHHHHHHHHHH--HHHHHHHHHHHHHHHHHHHHHHHHHHHHHHHHHHHHHHHHHHHHHHHHHH---
Q9QJ16_059,FTKTTPNSKTNHKTEESTENTDLNSFSNENTNKTEIEDSNIIQPFSQLFCNETIIPSTSACPTQETPSTMNRNCASKKHS,-----------------------------------------HHHHHHHH-------------------------------
Q4JQS7_004,KTDINTINVEHHFIDTLQKTSPNMDCRGMTAGIFIRLSHMYKILTTLESPNDVTYTTPGSTNALFFKTSTQPQEPHPEEL,-----EEE---HHHHHHH------------HHHHHHHHHHHHHHHH------EEEE------EEEEE-------------
Q9QJ19_021,PSLAKIVFDMIACDSEDCVFCKDHNKHVSQAGHIVGCVSNQETCFCYTPCQKKMTDINNPELISLLCDQEINKIDIMYPE,--HHHHHHHHHH---------------------EEE-------EEEEE------------------------EEEEE---
Q77Q36_003,IFYNILEIEPRFLTSDSVFGTFQQSLTSHMRKLLGTWMFSVCQEYNLEPNVVALALNLLDRLLLIKQVSKEHFQKTGSAC,--HHHHHHHHH-------HHH------HHHHHHHHHHHHHHHHHH-------HHHHHHHHHHHHH-------EEEEEE--
P52540_055,KTQCDTTNDALDYTEDPTEIKQFCICRKKIGLRISIPLPNGTAIAGGEPLKQLSKILNHVMCLDQELSQILNSLTFPGEC,-----------------------EEE-----EEEEE-----EEEE---HHHHHHHHHHHHH---HHHHHH----------
P52462_051,AECASHMILAVLELHPFFTELKIIIEGNSNQSSAVKIACILKQTISVIRYKHITFFHTLDQSQIAQPFYLLGREKRLAVE,-HHHHHHHHHHHHHHHHH-EEEEEEE----HHHHHHHHHHHHH---------EEEEE------EEEHHHHH---------
P52450_061,LSFEEISLLYTTFKDIFISRFAILQKHTKGKFGKTLLVTYNRNNVSRKQCGEIYSHLKSFYGMLTYAIPANNYTLEGYTN,--HHHHHHHHHHHHHHHHHHHHHHHHHH---------EEEEEEEEEE---EEEEE----EEEEE--------EEEEE---
Q4JQU7_043,FDSEFELLIAFMTLVKQYAPEFATGYNIVNFDWAFIMEKLNSIYSLKLDGYGSINRGGLFKIWDVGKSGFQRRSKVKING,--HHHHHHHHHHHHHHH----EEEEEE-----HHHHHHHHHHH---------------EEEEE-----------EEEE--
P09282_003,NTSSNSGWCSDAFSDSYIAYNPALLLKNDLLFSELLFASHLINVPRAIENNVTYEASSAVGVDNEMTSSTTEFIEEIGDV,---------------------HHHHHHHHHHHHHHHHHHHHH---------------------------HHHHHHHHH--
F5HDB7_004,ASAASTLPLFFAVHSIHFADPNHCNGVCIAKLRSKTGDITVETCVNGFNLRSFLVAVVRRLGSWASQENLRLLWYLQRSL,--------------EEEE--------EEEEEEEE------EEEEE---HHHHHHHHHHHH------HHHHHHHHHHH---
P03204_077,QGYQEPPPPQAPYQGYQEPPAHGLQSSSYPGYAGPWTPRSQHPCYRHPWAPWSQDPVHGHTQGPWDPRAPHLPPQWDGSA,--------------------------------------------------------------------------------
P30024_011,RDVCLTKTLVFAGEDEKFYGLDFVNETLYLLAETTERFAVLGLRRYDPVYREKDIRFLTKIDDVLQSLIDAQDNLWKFAT,---HHHHHHHHH----EEEEEE----EEEEEE--HHHHHHHH-----EE-------EHHHHHHHHHHHHHH----H----
P36320_040,GSVNLRRRRDLVDVKSRHDILYVQLQYLYDTLKDYINDALGNLAESWCLDQKRTITMLHELSKISPSSIVSEVYGRPISA,------EEEEE---------EEEEHHHHHHHHHHHHHHHHHHHHHHHHHHHHHHHHHHHHHH---HHHHHHHHH------
random_set02_0290,GILCIPFVARQVMIGESVGILGRKGLESLTTKGMLDPEITEELLEQFLYEALNQLAPKFTTRVRFIELHLTLRRDVYQKA,---HHHHHHHHHH------EE------HHH-------HHHHHHHHHHHHHHHHHHH-----EEEEEEEHHHHHHHHHH--
P16810_032,NFYLLVTPKNHTEAINATFVCPRYNTDIENEDREKGSQHTNNTHHHKRNLYHSSQRSRTVWTIVLVCMACIVLFFARRAF,--EEEEE----------EEE-------------------------------------EEHHHHHHHHHHHHHHHHHHH--
P52540_009,KAEDVANSLNDKETELLYVDMILSQTGKEKEDVEFKYMAYFHKSLIIKYLTGKFLLPTSPFWFLSTYGQTEGLLLLTMYY,"--HHHHHHH-
HHHHHHHHHHHHE----------H-HHHHHHHHHHHHHHHHH-------HHHHHHHH----HEEEEE---"
P52348_022,GIYVVLTSFQNEDLIVDILRQYFEKERFLFLNYLINSNTTLSYFGSVQRIGRCATEDIKSGFLQYRGITLSVIKLENIFV,--EEEEE-----HHHHHHHHHHHHHHHHHHHHHEE-------EEEEEEE------------EEEEE--EEEEEEE-----
P09722_015,LSHYGTVYVYDWETDGLYEVASDIKAFSKNGLLWCEYVYRHPQTPFATTEPRYHVQKFLCTDPTDAAAVAKTAREMSGLN,----EEEEEEE----EEEEE---HHHHHHHH--------------------HHHHHHHHH-----HHHHHHHHHH-----
Q2HR75_019,MIIDGESPRFDDSIIPRHHGACFNVFIPAPPSHVPEVFTDRDITALIRAGGKDDELINKKISAKKIDHLHRQMLSFVTSR,----------------------EEEEE---------EEHHHHHHHHHHH------HHHHHHHHHHHHHHHHHHHHH----
random_set02_1169,FLHSVKLLRTSTRFLQAPTNYSRPSTSQLKSETAEAVTTFRKVPNLKVAYVGPPAAGYGVVLMVIYQVSTCPQSHELLKS,"--HHHHHHHH-
HHHH------------------HHHHHHHH------EEE-------EEEEEEEEEE-------HHHH--"
random_set04_0846,SPAQKEEGKISSTFKNYVVAGEQYAASSNKRAISLLMELKLPPTPRLKLPEVFVKMGNQGQMHEGAGLATKFGYQARPSK,-------------H-HHEE----------HHHHHHHHH------------HHHHH-------------------------
Q2HR71_015,IYPHDDKHREKALRRSLRKKAQREAARKQAAAVATPTTSSAAEVSSRSQSEDTESSDSENELWVGAQGFVGRDMHSLFFE,-------HHHHHHHHHHHHHHHHHHHHHHH-------------------------------EEEE--------HHHH---
