Gene,B95-8 Protein Sequence,A876 Protein Sequence
LMP-2A,MGSLEMVPMGAGPPSPGGDPDGYDGGNNSQYPSASGSSGNTPTPPNDEERESNEEPPPPYEDPYWGNGDRHSDYQPLGTQDQSLYLGLQHDGNDGLPPPPYSPRDDSSQHIYEEAGRGSMNPVCLPVIVAPYLFWLAAIAASCFTASVSTVVTATGLALSLLLLAAVASSYAAAQRKLLTPVTVLTAVVTFFAICLTWRIEDPPFNSLLFALLAAAGGLQGIYVLVMLVLLILAYRRRWRRLTVCGGIMFLACVLVLIVDAVLQLSPLLGAVTVVSMTLLLLAFVLWLSSPGGLGTLGAALLTLAAALALLASLILGTLNLTTMFLLMLLWTLVVLLICSSCSSCPLSKILLARLFLYALALLLLASALIAGGSILQTNFKSLSSTEFIPNLFCMLLLIVAGILFILAILTEWGSGNRTYGPVFMCLGGLLTMVAGAVWLTVMSNTLLSAWILTAGFLIFLIGFALFGVIRCCRYCCYYCLTLESEERPPTPYRNTV,MGSLEMVPMGAGPPSPGGDPDGDDGGNNSQYPSASGSSGNTPTPPNDEERESNEEPPPPYEDPYWGNGDRHSDYQPLGTQDQSLYLGLQHDGNDGLPPPPYSPRDDSSQHIYEEAGRGSMNPVCLPVIVAPYLFWLAAIAASCFTASVSTVVTATGLALSLLLLAAVASSYAAAQRKLLTPVTVLTAVVTFFAICLTWRIEDPPFNSLLFALLAAAGGLQGIYVLVMLVLLILAYRRRWRRLTVCGGIMFLACVLVLIVDAVLQLSPLLGAVTVVSMTLLLLAFVLWLSSPGGLGTLGAALLTLAAALALLASLILGTLNLTTMFLLMLLWTLVVLLICSSCSSCPLSKILLARLFLYALALLLLASALIAGGSILQTNFKSLSSTEFIPNLFCMLLLIVAGILFILAILTEWGSGNRTYGPVFMCLGGLLTMVAGAVWLTVMTNTLLSAWILTAGFLIFLIGFALFGVIRCCRYCCYYCLTLESEERPPTPYRNTV
LMP-2B,MNPVCLPVIVAPYLFWLAAIAASCFTASVSTVVTATGLALSLLLLAAVASSYAAAQRKLLTPVTVLTAVVTFFAICLTWRIEDPPFNSLLFALLAAAGGLQGIYVLVMLVLLILAYRRRWRRLTVCGGIMFLACVLVLIVDAVLQLSPLLGAVTVVSMTLLLLAFVLWLSSPGGLGTLGAALLTLAAALALLASLILGTLNLTTMFLLMLLWTLVVLLICSSCSSCPLSKILLARLFLYALALLLLASALIAGGSILQTNFKSLSSTEFIPNLFCMLLLIVAGILFILAILTEWGSGNRTYGPVFMCLGGLLTMVAGAVWLTVMSNTLLSAWILTAGFLIFLIGFALFGVIRCCRYCCYYCLTLESEERPPTPYRNTV,MNPVCLPVIVAPYLFWLAAIAASCFTASVSTVVTATGLALSLLLLAAVASSYAAAQRKLLTPVTVLTAVVTFFAICLTWRIEDPPFNSLLFALLAAAGGLQGIYVLVMLVLLILAYRRRWRRLTVCGGIMFLACVLVLIVDAVLQLSPLLGAVTVVSMTLLLLAFVLWLSSPGGLGTLGAALLTLAAALALLASLILGTLNLTTMFLLMLLWTLVVLLICSSCSSCPLSKILLARLFLYALALLLLASALIAGGSILQTNFKSLSSTEFIPNLFCMLLLIVAGILFILAILTEWGSGNRTYGPVFMCLGGLLTMVAGAVWLTVMTNTLLSAWILTAGFLIFLIGFALFGVIRCCRYCCYYCLTLESEERPPTPYRNTV
BNRF1,MEERGRETQMPVARYGGPFIMVRLFGQDGEANIQEERLYELLSDPRSALGLDPGPLIAENLLLVALRGTNNDPRPQRQERARELALVGILLGNGEQGEHLGTESALEASGNNYVYAYGPDWMARPSTWSAEIQQFLRLLGATYVLRVEMGRQFGFEVHRSRPSFRQFQAINHLVLFDNALRKYDSGQVAAGFQRALLVAGPETADTRPDLRKLNEWVFGGRAAGGRQLADELKIVSALRDTYSGHLVLQPTETLDTWKVLSRDTRTAHSLEHGFIHAAGTIQANCPQLFMRRQHPGLFPFVNAIASSLGWYYQTATGPGADARAAARRQQAFQTRAAAECHAKSGVPVVAGFYRTINATLKGGEGLQPTMFNGELGAIKHQALDTVRYDYGHYLIMLGPFQPWSGLTAPPCPYAESSWAQAAVQTALELFSALYPAPCISGYARPPGPSAVIEHLGSLVPKGGLLLFLSHLPDDVKDGLGEMGPARATGPGMQQFVSSYFLNPACSNVFITVRQRGEKINGRTVLQALGRACDMAGCQHYVLGSTVPLGGLNFVNDLASPVSTAEMMDDFSPFFTVEFPPIQEEGASSPVPLDVDESMDISPSYELPWLSLESCLTSILSHPTVGSKEHLVRHTDRVSGGRVAQQPGVGPLDLPLADYAFVAHSQVWTRPGGAPPLPYRTWDRMTEKLLVSAKPGGENVKVSGTVITLGEQGYKVSLDLREGTRLAMAEALLNAACAPILDPEDVLLTLHLHLDPRRADNSAVMEAMTAASDYARGLGVKLTFGSASCPETGSSASNFMTVVASVSAPGEFSGPLITPVLQKTGSLLIAVRCGDGKIQGGSLFEQLFSDVATTPRAPEALSLKNLFRAVQQLVKSGIVLSGHDISDGGLVTCLVEMALAGQRGVTITMPVASDYLPEMFAEHPGLVFEVEERSVGEVLQTLRSMNMYPAVLGRVGEQGPDQMFEVQHGPETVLRQSLRLLLGTWSSFASEQYECLRPDRINRSMHVSDYGYNEALAVSPLTGKNLSPRRLVTEPDPRCQVAVLCAPGTRGHESLLAAFTNAGCLCRRVFFREVRDNTFLDKYVGLAIGGVHGARDSALAGRATVALINRFPALRDAILKFLNRPDTFSVALGELGVQVLAGLGAVGSTDNPPAPGVEVNVQRSPLILAPNASGMFESRWLNISIPATTSSVMLRGLRGCVLPCWVQGSCLGLQFTNLGMPYVLQNAHQIACHFHSNGTDAWRFAMNYPRNPTEQGNIAGLCSRDGRHLALLCDPSLCTDFWQWEHIPPAFGHPTGCSPWTLMFQAAHLWSLRHGRPSE,MEDRGRETQMPVARYGGPFIMVRLFGQDGEANIQEQRLYELLSDPRSALGLDPGPLIAENLLLVALRGTNNDPRPQRQERARELALVGILLGNGEQGEHLGTESALEASGNNYVYAYGPDWMARPSTWSAEIQQFLRLLGATYVLRVEMGRQFGFEVHRSRPSFRQFQAINHLVLFDNALRKYDSGQVAAGFQRALLVAGPETADTRPDLRKLNEWVFGGRAAGGRQLADELKIVSALRDTYSGHLVLQPTETLDTWKVLSRDTRTAHSLEHGFIHAAGTIQANCPQLFMRRQHPGLFPFVSAIASSLGWYYQTATGPGADARAAARRQQAFQTRAAAECHAKSGVPVVAGFYRTINATLKGGEGLQPTMFNGELGAIKHQALDTVRYDYGHYLIMLGPFQPWSGLTAPPCPYAESSWAQAAVQTALELFSALYPAPCISGYARPPGPSAVIEHLGSLVPKGGLLLFLSHLPDDVKDGLGEMGPARATGPGMQQFVSSYFLNPACSNVFITVRQRGEKINGRTVLQALGRACDMAGCQHYVLGSTVPLGGLNFVNDLASPVSTAEMMDDFSPFFTVEFPPIQEEGARSPVPLDVDESMDISPSYELPWLSLESCLTSILSHPTVGSKEHLVRHTDRVSGGRVAQQPGVGPLDLPLADYAFVAHSQVWTRPGGAPPLPYRTWDRMTEKLLVSAKPGGENVKVSGTVITLGEQGYKVSLDLREGTRLAMAEALLNAAFAPILDPEDVLLTLHLHLDPRRADNSVVMEAMTAASDYARGLGVKLTFGSASCPETGSSASSFMTVVASVSAPGEFSGPLITPVLQKTGSLLIAVRCGDGKIQGGSLFEQLFSDVATTPRAPEALSLKNLFRAVQQLVKSGIVLSGHDISDGGLVTCLVEMALAGQRGVTITMPVASDYLPEMFAEHPGLVFEVEERSVGEVLQTLRSMNMYPAVLGRVGEQGPDQMFEVQHGPETVLRQSLRLLLGTWSSFASEQYECLRPDRINRSMHVSDYGYNEALAVSPLTGKNLSPRRLVTEPDPRCQVAVLCAPGTRGHESLLAAFTNAGCLCRRVFFREVRDNTFLDKYVGLAIGGVHGARDSALAGRATVALINRSPALRDAILKFLNRPDTFSVALGELGVQVLAGLGAVGSTDNPPAPGVEVNVQRSPLILAPNASGMFESRWLNISIPATTSSVMLRGLRGCVLPCWVQGSCLGLQFTNLGMPYVLQNAHQIACHFHSNGTDAWRFAMNYPRNPTEQGNIAGLCSRDGRHLALLCDPSLCTDFWQWEHIPPAFGHPTGCSPWTLMFQAAHLWSLRHGRPSE
BCRF1,MERRLVVTLQCLVLLYLAPECGGTDQCDNFPQMLRDLRDAFSRVKTFFQTKDEVDNLLLKESLLEDFKGYLGCQALSEMIQFYLEEVMPQAENQDPEAKDHVNSLGENLKTLRLRLRRCHRFLPCENKSKAVEQIKNAFNKLQEKGIYKAMSEFDIFINYIEAYMTIKAR,MERRLVVTLQCLVLLYLAPECGGTDQCDNFPQMLRDLRDAFSRVKTFFQTKDEVDNLLLKESLLEDFKGYLGCQALSEMIQFYLEEVMPQAENQDPEAKDHVNSLGENLKTLRLRLRRCHRFLPCENKSKAVEQIKNAFNKLQEKGIYKAMSEFDIFINYIEAYMTIKAR
EBNA-LP,MGDRSEGPGPTRPGPPGIGPEGPLGQLLRRHRSPSPTRGGQEPRRVRRRVLVQQEEEVVSGSPSGPRGDRSEGPGPTRPGPPGIGPEGPLGQLLRRHRSPSPTRGGQEPRRVRRRVLVQQEEEVVSGSPSGPRGDRSEGPGPTRPGPPGIGPEGPLGQLLRRHRSPSPTRGGQEPRRVRRRVLVQQEEEVVSGSPSGPRGDRSEGPGPTRPGPPGIGPEGPLGQLLRRHRSPSPTRGGQEPRRVRRRVLVQQEEEVVSGSPSGPRGDRSEGPGPTRPGPPGIGPEGPLGQLLRRHRSPSPTRGGQEPRRVRRRVLVQQEEEVVSGSPSGPRGDRSEGPGPTRPGPPGIGPEGPLGQLLRRHRSPSPTRGGQEPRRVRRRVLVQQEEEVVSGSPSGPRGDRSEGPGPTRPGPPGIGPEGPLGQLLRRHRSPSPTRGGQEPRRVRRRVLVQQEEEVVSGSPSGPLRPRPRPPARSLREWLLRIRDHFEPPTVTTQRQSVYIEEEEDED,MGDRSEVPGPARPGPPGIGPEGPLGQLLRRHRSPSPTRGGQEPRRVRRRVLVQQEEEVVSGSPSGPRGDRSEVPGPARPGPPGIGPEGPLGQLLRRHRSPSPTRGGQEPRRVRRRVLVQQEEEVVSGSPSGPRGDRSEVPGPARPGPPGIGPEGPLGQLLRRHRSPSPTRGGQEPRRVRRRVLVQQEEEVVSGSPSGPRGDRSEVPGPARPGPPGIGPEGPLGQLLRRHRSPSPTRGGQEPRRVRRRVLVQQEEEVVSGSPSGPRGDRSEVPGPARPGPPGIGPEGPLGQLLRRHRSPSPTRGGQEPRRVRRRVLVQQEEEVVSGSPSGPRGDRSEVPGPARPGPPGIGPEGPLGQLLRRHRSPSPTRGGQEPRRVRRRVLVQQEEEVVSGSPSGPRGDRSEVPGPARPGPPGIGPEGPLGQLLRRHRSPSPTRGGQEPRRVRRRVLVQQEEEVVSGSPSGPLRPRPQPPAQSLREWLLRISERFDPHPVATRRQSVYIEEEEDED
EBNA-2,MPTFYLALHGGQTYHLIVDTDSLGNPSLSVIPSNPYQEQLSDTPLIPLTIFVGENTGVPPPLPPPPPPPPPPPPPPPPPPPPPPPPPPSPPPPPPPPPPPQRRDAWTQEPSPLDRDPLGYDVGHGPLASAMRMLWMANYIVRQSRGDRGLILPQGPQTAPQARLVQPHVPPLRPTAPTILSPLSQPRLTPPQPLMMPPRPTPPTPLPPATLTVPPRPTRPTTLPPTPLLTVLQRPTELQPTPSPPRMHLPVLHVPDQSMHPLTHQSTPNDPDSPEPRSPTVFYNIPPMPLPPSQLPPPAAPAQPPPGVINDQQLHHLPSGPPWWPPICDPPQPSKTQGQSRGQSRGRGRGRGRGRGKGKSRDKQRKPGGPWRPEPNTSSPSMPELSPVLGLHQGQGAGDSPTPGPSNAAPVCRNSHTATPNVSPIHEPESHNSPEAPILFPDDWYPPSIDPADLDESWDYIFETTESPSSDEDYVEGPSKRPRPSIQ,MPTYYLALHGGQSYNLIVDTDMSGNPSLSVIPTNPYQEQLSNNPLIQLQIVVGENTGAPAPPQPPPPPPPPPPPERRDAWTQEPLPLDMNPLGSDASQGPLASSIRMLCMAQYLLRNARGQQGLLRPLGPQTRSQVTLERQPVHNPRQEAPIILLQSPAPPRFTPVPMVALGHTLQPTPPPRPTLPQPRIPLIIPPRHTNQPATTPPTAPQRLTLGHQLSLPPHPPPHQSTPHCSSDSTGLPPPPTSYSIPSMTLSPEPLPPPAAPAHPLPGVIYDQQALPPTPGPPWWPPVRDPTPTTQTPPTNTKQGPDQGQGRGRWRGRGRSKGRGRMHKLPEPRRPGPDTSSPSMPQLSPVVSLHQGQGPENSPTPGPSTAGPVCRVTPSATPDISPIHEPESSDSEEPPFLFPSDWYPPTLEPAELDESWEGIFETTESHSSDEENVGGPSKRPRTSTQ
BHRF1,MAYSTREILLALCIRDSRVHGNGTLHPVLELAARETPLRLSPEDTVVLRYHVLLEEIIERNSETFTETWNRFITHTEHVDLDFNSVFLEIFHRGDPSLGRALAWMAWCMHACRTLCCNQSTPYYVVDLSVRGMLEASEGLDGWIHQQGGWSTLIEDNIPGSRRFSWTLFLAGLTLSLLVICSYLFISRGRH,MAYSTREILLALCIRDSRVHGNGTLHPVLELAARETPLRLSPEDTVVLRYHVLLEEIIERNSETFTETWNRFITHTEHVDLDFNSVFLEIFHRGDPSLGRALAWMAWCMHACRTLCCNQSTPYYVVDLSVRGMLEASEGLDGWIHQQGGWSTLIEDNIPGSRRFSWTLFLAGLTLSLLVICSYLFISRGRH
BFLF2,MAPVTPDAVNARQQRPADPALRRLMHPHHRNYTASKASAHSVKSVSRCGKSRSELGRMERVGSVARSICSRHTRHGVDRSHFSLRDFFRGISANFELGKDFLREMNTPIHVSEAVFLPLSLCTLSPGRCLRLSPFGHSLTLGSHCEICINRSQVHVPQEFSSTQLSFFNNVHKIIPNKTFYVSLLSSSPSAVKAGLSQPSLLYAYLVTGHFCGTICPIFSTNGKGRLIMHLLLQGTSLHIPETCLKLLCENIGPTYELAVDLVGDAFCIKVSPRDTVYEKAVNVDEDAIYEAIKDLECGDELRLQIINYTQLILENKQ,MAPVTPDAVNARQQRPADPALRRLMHPHHRNYTASKASAHSVKSVSRCGKSRSELGRMERVGSVARSICSRHTRHGVDRSHFSLRDFFRGISANFELGKDFLREMNTPIHVSEAVFLPLSLCTLSPGRCLRLSPFGHSLTLGSHCEICINRSQVHVPQEFSSTQLSFFNNVHKIIPNKTFYVSLLSSSPSAVKAGLSQPSLLYAYLVTGHFCGTICPIFSTNGKGRLIMHLLLQGTSLHIPETCLKLLCENIGPTYELAVDLVGDAFCIKVSPRDTVYEKAVNVDEDAIYEAIKDLECGDELRLQIINYTQLILENKQ
BFLF1,MAHKVTSANEPNPLTGKRLSSCPLTRSGVTEVAQIAGRTPKMEDFVPWTVDNLKSQFEAVGLLMAHSYLPANAEEGIAYPPLVHTYESLSPASTCRVCDLLDTLVNHSDAPVAFFEDYALLCYYCLNAPRAWISSLITGMDFLHILIKYFPMAGGLDSLFMPSRILAIDIQLHFYICRCFLPVSSSDMIRNANLGYYKLEFLKSILTGQSPANFCFKSMWPRTTPTFLTLPGPRTCKDSQDVPGDVGRGLYTALCCHLPTRNRVQHPFLRAEKGGLSPEITTKADYCGLLLGTWQGTDLLGGPGHHAIGLNAEYSGDELAELALAITRPEAGDHSQGPCLLAPMFGLRHKNASRTICPLCESLGAHPDAKDTLDRFKSLILDSFGNNIKILDRIVFLIKTQNTLLDVPCPRLRAWLQMCTPQDFHKHLFCDPLCAINHSITNPSVLFGQIYPPSFQAFKAALAAGQNLEQGVCDSLITLVYIFKSTQVARVGKTILVDVTKELDVVLRIHGLDLVQSYQTSQVYV,MAHKVTSANEPNPLTGKRLSSCPLTRSGVTEVAQIAGRTPKMEDFVPWTVDNLKSQFEAVGLLMAHSYLPANAEEGIAYPPLVHTYESLSPASTCRVCDLLDTLVNHSDAPVAFFEDYALLCYYCLNAPRAWISSLITGMDFLHILIKYFPMAGGLDSLFMPSRILAIDIQLHFYICRCFLPVSSSDMIRNANLGYYKLEFLKSILTGQSPANFCFKSMWPRTTPTFLTLPGPRTCKDSQDVPGDVGRGLYTALCCHLPTRNRVQHPFLRAEKGGLSPKITTKADYCGLLLGTWQGTDLLGGPGHHAIGLNAEYSGDELAELALAITRPEAGDHSQGPCLLAPMFGLRHKNASRTICPLCESLGAHPDAKDTLDRFKSLILDSFGNNIKILDRIVFLIKTQNTLLDVPCPRLRAWLQMCTPQDFHKHLFCDPLCAINHSITNPSVLFGQIYPPSFQAFKAALAAGQNLEQGVCDSLITLVYIFKSTQVARVGKTILVDVTKELDVVLRIHGLDLVQSYQTSQVYV
BFRF1A,MTHLGGKVRSSGFLIPGSAPVSGTPPQGQGGLASSRVYEDSGGSLLSFSPMIHPNLAPLIAPSAYARLNLLNHCIFLEAFKEENSGQGLGGVQREVLFLKRDIIKQVIARIVAADSTLDLVNHGEPGREAPRRAQ,MTHLGGKVRSSGFLIPGSAPVSGTPPQGQGGLASSRVYEDSGGSLLSFSPMIHPNLAPLIAPSAYARLNLLNHCIFLEAFKEENSGQGLGGVQREVLFLKRDIIKQVIARIVAADSTLDLVNHGEPGREAPRRAQ
BFRF1,MASPEERLLDELNNVIVSFLCDSGSLEVERCSGAHVFSRGSSQPLCTVKLRHGQIYHLEFVYKFLAFKLKNCNYPSSPVFVISNNGLATTLRCFLHEPSGLRSGQSGPCLGLSTDVDLPKNSIIMLGQDDFIKFKSPLVFPAELDLLKSMVVCRAYITEHRTTMQFLVFQAANAQKASRVMDMISDMSQQLSRSGQVEDTGARVTGGGGPRPGVTHSGCLGDSHVRGRGGWDLDNFSEAETEDEASYAPWRDKDSWSESEAAPWKKELVRHPIRRHRTRETRRMRGSHSRVEHVPPETRETVVGGAWRYSWRATPYLARVLAVTAVALLLMFLRWT,MASPEERLLDELNNLIVSFLCDSGSLEVERCSGAHVFSRGSSQPLCTVKLRHGQIYHLEFVYKFLAFKLKNCNYPSSPVFVISNNGLATTLRCFLHEPSGLRSGQSGPCLGLSTDVDLPKNSIIMLGQDDFIKFKSPLVFPAELDLLKSMVVCRAYITEHRTTMQFLVFQAANAQKASRVMDMISDMSQQLSRSGQVEDTGARVTGGGGPRPGVTHSGCLGDSHVRGRGGWDLDNFSEAETEDEASYAPWRDKDSWSESEAAPWKKELVRHPIRRHRTRETRRMRGSHSRVEHVPPETRETVVGGAWRYSWRATPYLARVLAVTAVALLLMFLRWT
BFRF2,MALFLARHTLSGTGAGCHGRGPAPDVSEVDLTLQALGERGFSRLLDLGLACLDLSYVEMREFVVWGRPPASEAAVASTPGSLFRSHSSAYWLSEVERPGGLVRWARSQTSPSSLTLAPHLGPSLLSLSVVTGGGCGAVAFCNAFFLAYFLVVRSVFPAFSDRIAAWICDRSPFCENTRAVARGYRGLVKRFLAFVFERSSYDPPLLRQNSRPVERCFAIKNYVPGLDSQSCVTVPSFSRWAQSHASELDPREIRDRVTPATAPSFVADHASALLASLQKKASDTPCGNPIQWMWYRLLVNSCLRSAHCLLPIPAVSEGGRKTGGGVGEELVGAGGPCLSRDVFVAIVSRNVLSCLLNVPAAGPRAYKCFRSHASRPVSGPDYPPLAVFCMDCGYCLNFGKQTGVGGRLNSFRPTLQFYPRDQKEKHVLTCHASGRVYCSNCGSAAVGCQRLAEPPSARSGWRPRIRAVLPHNAAYELDRGSRLLDAIIPCLGPDRTCMRPVVLRGVTVRQLLYLTLRTEARAVCSICQQRQAPEDARDEPHLFSSCLEVELPPGERCAGCRLYQTRYGTPAAQAHPPGEAGGGFSRQSPAS,MALFLARHTLSGTGAGCHGRGPAPDVSEVDLTLQALGERGFSRLLDLGLACLDLSYVEMREFVVWGRPPASEAAVASTPGSLFRSHSSAYWLSEVERPGGLVRWARSQTSPSSLTLAPHLGPSLLSLSVVTGGGCGAVAFCNAFFLAYFLVVRSVFPAFSDRIAAWICAQSPFCENTRAVARGYRGLVKRFLAFVFERSSYDPPLLRQNSRPVERCFAIKNYVPGLDSQSCVTVPSFSRWAQSHASELDPREIRDRVTPATAPSFVADHASALLASLQKKASDTPCGNPIQWMWYRLLVNSCLRSAHCLLPIPAVSEGGRKTGGGVGEDLVGAGGPCLSRDVFVAIVSRNVLSCLLNVPAAGPRAYKCFRSHASRPVSGPDYPPLAVFCMDCGYCLNFGKQTGVGGRLNSFRPTLQFYPRDQKEKHVLTCHASGRVYCSNCGSAAVGCQRLAEPPSARSGWRPRIRAVLPHNAAYELDRGSRLLDAIIPCLGPDRTCMRPVVLRGVTVRQLLYLTLRTEARAVCSICQQRQAPEDARDEPHLFSSCLEVELPPGERCAGCRLYQTRYGTPAAQAHPPGEAGGGFSRQSPAS
BFRF3,MARRLPKPTLQGRLEADFPDSPLLPKFQELNQNNLPNDVFREAQRSYLVFLTSQFCYEEYVQRTFGVPRRQRAIDKRQRASVAGAGAHAHLGGSSATPVQQAQAAASAGTGALASSAPSTAVAQSATPSVSSSISSLRAATSGATAAASAAAAVDTGSGGGGQPHDTAPRGARKKQ,MARRLPKPTLQGRLEADFPDSPLLPKFQELNQNNLPNDVFREAQRSYLVFLTSQFCYEEYVQRTFGVPRRQRAIDKRQRASVAGAGAHAHLGGSSATPVQQAQAAASAGTGALASSAPSTAVAQSATPSVSSSISSLRAATSGATAAASAAAAVDTGSGGGGQPQDTAPRGARKKQ
BPLF1,MSNGDWGQSQRTRGTGPVRGIRTMDVNAPGGGSGGSALRILGTASCNQAHCKFGRFAGIQCVSNCVLYLVKSFLAGRPLTSRPELDEVLDEGARLDALMRQSGILKGHEMAQLTDVPSSVVLRGGGRVHIYRSAEIFGLVLFPAQIANSAVVQSLAEVLHGSYNGVAQFILYICDIYAGAIIIETDGSFYLFDPHCQKDAAPGTPAHVRVSTYAHDILQYVGAPGAQYTCVHLYFLPEAFETEDPRIFMLEHYGVYDFYEANGSGFDLVGPELVSSDGEAAGTPGADSSPPVMLPFERRIIPYNLRPLPSRSFTSDSFPAARYSPAKTNSPPSSPASAAPASAAPASAAPASAAPASAAPASAAPASAAPASAAPASSPPLFIPIPGLGHTPGVPAPSTPPRASSGAAPQTPKRKKGLGKDSPHKKPTSGRRLPLSSTTDTEDDQLPRTHVPPHRPPSAARLPPPVIPIPHQSPPASPTPHPAPVSTIAPSVTPSPRLPLQIPIPLPQAAPSNPKIPLTTPSPSPTAAAAPTTTTLSPPPTQQQPPQSAAPAPSPLLPQQQPTPSAAPAPSPLLPQQQPPPSAARAPSPLPPQQQPLPSATPAPPPAQQLPPSATTLEPEKNHPPAADRAGTEISPSPPFGQQPSFGDDASGGSGLVRYLSDLEEPFLSMSDSEEAESDLASDIPTTEDEDMFEDEVFSNSLESGSSAPTSPITLDTARSQYYQTTFDIETPEMDFVPLESNIARIAGHTYQEQAIVYDPASNREVPEADALSMIDYLLVTVVLEQGLIRSRDRSSVLNLLEFLKDWSGHLQVPTLDLEQLLTSELNIQNLANMLSENKGRAGEFHKHLAAKLEACLPSLATKDAVRVDAGAKMLAEIPQLAESDDGKFDLEAARRRLTDLLSGGDQEAGEGGGEPEDNSIYRGPHVDVPLVLDDESWKRLLSLAEAARTAVARQQAGVDEEDVRFLALLTAIEYGAPPAASVPPFVHNVAVRSKNAALHVRRCTADIRDKVASAASDYLSYLEDPSLPTVMDFDDLLTHLRHTCQIIASLPLLNIRYTSIEWDYRELLYLGTALSDMSGIPWPLERVEEDDPSIAPLPEFETVAKKQKELETTRENEKRLRTILDDIEAMLGLAGVASAPGAPISPASPSATPANHDNPEATPPLADTAALTIPVIEKYIANAGSIVGAAKNPTYIRLRDTIQQIVRSKKYLMNILKSITFYTIDNYIASFEESIDHLYRDLPVLDPEVQDGIDRILDPMVSEALHTFEMGNRLTLEPARLVALQNFATHSTLKETAAAVNLLPGLLAVYDATITGQAPEDALRLLSGLQNQLSQTLIPGKLKKRFLSYLQKLKNNNNDQLRQKEVQAWRLEAEGFKPATEEQLEAFLDTAPNKELKRQYEKKLRQLMETGRKEKEKLREQEDKERQERRAREANEAWARIRKALGARPEPAPTSPDDWNTLLASLLPDNTDSAAAAAAAVARNTDILDSLTQILAAMLLGITRVRRERLRSLLVDDGGAAERMEAAEPGWFTDIETGPLARLDAWPATPAATAKEGGGGRGAEEAAGALFRARTAADAIRSALAQTRQALQSPDMKSAVVNTDLEAPYAEYERGLAGLLEKRRAAEAALTAIVSEYVDRTLPEATNDPGQANLPPPPTIPQATAPPRLASDSALWPKKPQLLTRRERDDLLQATGDFFSELLTEAEAAEVRALEEQVRESQTLMAKAHEMAASTRRGFHTALEAVLSRSRDEAPDDELRSLLPSPPKAPVQAPLEAALARAAAGNGSWPYRKSLAAAKWIRGICEAVRGLSEGALALAGGAGAWLNLAAAADGEIHELTRLLEVEGMAQNSMDGMEELRLALATLDPKRVAGGKETVADWKRRLSRLEAIIQEAQEESQLQGTLQDLVTQARGHTDPRQLKIVVEAARGLALGASAGSQYALLKDKLLRYASAKQSFLAFYETAQPTVFVKHPLTNNLPLLITISAPPTGWGNGAPTRRAQFLAAAGPAKYAGTLWLETESPCDPLNPAYVSADTQEPLNYIPVYHNFLEYVMPTVLENPEAFSLTPAGRPQAIGPPQDDQERRRRTLASVASARLSAAAADSYWDTWPDVESNAGELLREYVSAPKALMEDLADNPIVAMTLLAHASLIASRNHPPYPAPATDREVILLEQREMMALLVGTHPAYAAAFLGAPSFYAGLGLVSALARDGGLGDLLSDSVLTYRLVRSPASGRGGMPSTTRGSNDGEDARRLTRHRIAGPPTGFIFFQDAWEEMDTRAALWPHPEFLGLVHNQSTARARACMLLLARRCFAPEALQQLWHSLRPLEGPVAFQDYLRDFVKQAYTRGEELPRAEGLEVPRETPSSYGTVTGRALRNLMPYGTPITGPKRGSGDTIPVSVFEAAVAAAFLGRPLTLFVSSQYLFNLKTLGQVRVVAPLLYCDGHSEPFRSLVETISLNFLQDLDGYSESFEPEMSIFARQAVWLRELLTEARAAKPKEARPPTVAILANRKNIIWKCFTYRHNLPDVQFYFNAAGASRWPTDVLNPSFYEHEDPPLPVGYQLPPNPRNVQELFSGFPPRVGHGLVSGDGFQSADNTPASSDRLQQLGGGETDQGEKGSTTAESEASGPPSPQSPLLEKVAPGRPRDWLSPTSSPRDVTVTPGLAAPITLPGPRLMARPYFGAETRASESPDRSPGSSPRPWPKDSLELLPQPAPQQPPSSPWASEQGPIVYTLSPHSTPSTASGSQKKHTIQIPGLVPSQKPSYPPSAPYKPGQSTGGIAPTPSAASLTTFGLQPQDTQASSQDPPYGHSIMQREKKQQGGREEAAEIRPSATRLPTAVGLRPRAPVVAAGAAASATPAFDPGEAPSGFPIPQAPALGSGLAAPAHTPVGALAPRPQKTQAQRPQDAAALPTPTIKAVGARPVPKATGALAAGARPRGQPTAAPPSAASPPRVSLPVRSRQQQSPAIPLPPMHSGSEPGARPEVRLSQYRHAGPQTYTVRKEAPPSAASQLPKMPKCKDSMYYPPSGSARYPAPFQALSFSQSVASPAPSSDQTTLLWNTPSVVTQFLSIEDIIREVVTGGSTSGDLVVPSGSPSSLSTAAPEQDLRYSLTLSQASRVLSRFVSQLRRKLERSTHRLIADLERLKFLYL,MSNGDWGQSQRTRGTGPVRGIRTMDVNAPGGGSGGSALRILGTASCNQAHCKFGRFAGIQCVSNCVLYLVKSFLAGRPLTSRPELDEVLDEGARLDALMRQSGILKGHEMAQLTDVPSSVVLRGGGRVHIYRSAEIFGLVLFPAQIANSAVVQSLAEVLHGSYNGVAQFILYICDIYAGAIIIETDGSFYLFDPHCQKDAAPGTPAHVRVSTYAHDILQYVGAPGAQYTCVHLYFLPEAFETEDPRIFMLEHYGVYDFYEANGSGFDLVGPELVSSDGEAAGTPGADSSPPVMLPFERRIIPYNLRPLPSRSFTSDSFPAARYSPAKTNSPPSSPASAAPASAAPASAAPASAAPASAAPASAAPASAAPASAAPASAAPASSPPLFIPIPGLGHTPGVPAPSTPPRASGGAAPQTPKRKKGLGKDSPHKKPTSGRRLPLSSTTDTEDDQLPRTHVPPHRPPSAARLPPPVIPIPHQSPPASPTPRPAPVSTIAPSVTPSPRLPLQIPIPLPQAAPSNPEIPLTTPSPSPTAAAAPTATTLSPPPTQQQPPQSAAPAPSPPPTQQQPPQSAAPAPSPLLPQQQPPPSAARAPSPLPPQQQPLPSATPAPPHAQQLPPSATTLEPEKNNPSAADRAGTEISPSPPFGQQPSFGDDASGGSGLVRYLSDLEEPFLSMSDSEEAESDLASDIPTTEDEDMFEDEVFSNSLESGSSAPTSPITLDTARSQYYQTTFDIETPEMDFVPLESNIARIAGHTYQEQAIVYDPASNREVPEADALSMIDYLLVTVVLEQGLIRSRDRSAVLNLLEFLKDWSGHLQVPTLDLEQLLTSELNIQNLANMLSENKGRAGEFHEHLAAKLEACLPSLATKDAVRVDAGAKMLAEIPQLAESGDGKFDLEAARRRLTDLLSGGDQEGEEGGGEPEDHSIYRGPHVDVPLVLDDESWKRLLSLAEAARTAVARQQAGVDEEDVRFLALLTAIEYGAPPAASVPPFVHNVPVRSKNAALHVRRCTADIRDKVASAASDYLSYLEDPSLPTVMDFDDLLTHLRHTCQIIASLPLLNIRYTSIEWDYRELLYLGTALSDMSGIPWPLERVEEDDPSIAPLPEFETVAKKQKELETTRENEKRLRTILDDIEAMLGLAGVASAPGAPISPASPSATPANHDNPEATPPLADTAALTIPVIEKYIANAGSIVGAAKNPTYIRLRDTIQQIVRSKKYLMNILKSITFYTIDNYIASFEESIDHLYRDLPVLDPEVQDGIDRILDPMVSEALHTFEMGNRLTLEPARLVALQNFATHSTLKETAAAVNLLPGLLAVYDATVTGQAPEDALRLLSGLQNQLSQTLIPGKLKKRFLSYLQKLKNNNNDQLRQKEVQAWRLEAEGFKPATEEQLEAFLDTAPNKELKRQYEKKLRQLMETGRKEKEKLREQEDKERRERRAREANEAWARIRKALGARPEPAPTSPDDWNTLLASLLPDNTDSAAAAAAAVARNTDILDSLTQILAAMLLGITRVRRERLRSLLVDDGGAAERMEAVEPGWFTEIETGPLARLDAWPATPAATAKEGGGGRGAEEAAGALFRARTAADAIRSALAQTRQALQSPDMKSAVVNTDLEAPYAEYERGLAGLLEKRRSAEAALTAIVSEYVDRTLPEATNDPGQANLPPPPTIPQATAPPRLASDSALWPKKPQLLTRRERDDLLQATGDFFSELLTEAEAAEVRALEEQVRESQTLMAKAHEMAASTRRGFHTALEAVLSRSRDEAPDDELRSLLPSPPKAPVQAPLEAALARAAAGNGSWPYRKSLAAAKWIRGICEAVRGLSEGALALAGGVGAWLNLAAAADGEIHELTRLLEVEGMAQNSMDGMEELRLALATLDPKRVAGGKETVADWKRRLSRLEAIIQEAQEESQLQGTLQDLVTQARGHTDPRQLKIVVEAARGLALGASAGSQYALLKDKLLRYASAKQSFLAFYETAQPTVFVKHPLTNNLPLLITISAPPTGWGNGAPTRRAQFLAAAGPAKYAGTLWLETESPCDPLNPAYVSADTQEPLNYIPVYHNFLEYVMPTVLENPEAFSLTPAGRPQAIGPPQDDQERRRRTLASVASARLSAAAADSYWDTWPDVESNAGELLREYVSAPKALMEDLADNPIVAMTLLAHASLIASRNHPPYPAPATDREVILLEQREMMALLVGTHPAYAAAFLGAPSFYAGLGLVSALARDGGLGDLLSDSVLTYRLVRSPASGRGGMPSTTRGSNDGEDARRLTRHRIAGPPTGFIFFQDAWEEMDTRAALWPHPEFLGLVHNQSTARARACMLLLARRCFAPEALQQLWHSLRPLEGPVAFQDYLRDFVKQAYTRGEELPRAEGLEVPRETPSSYGTVTGRALRNLMPYGTPITGPKRGSGDTIPVSVFEAAVAAAFLGRPLTLFVSSQYLFNLKTLGQVRVVAPLLYCDGHSEPFRSLVETISLNFLQDLDGYSESFEPEMSIFARQAVWLRELLTEARAAKPKEARPPTVAILANRKNIIWKCFTYRHNLPDVQFYFNAAGASRWPTDVLNPSFYEHEDPPLPVGYQLPPNPRNVQELFSGFPPRVGHGLVSGDGFQSADNTPASSDRLQQLGGGETDQGEEGSTTAESEASGPPSPQSPLLEKVAPGRPRDWLSPTSSPRDVTVTPGLAAPITLPGPRLMARPYFGAETRASESPDRSPGTSPRPWPKDSLELLPQPAPQQPPSSPWASEQGPIVYTLSPNSTPSTASGSQKKHTIQIPGLVPSQKPSYPPSAPYKPGQSTGGIAPTPSAASLTTFGLQPQDTQASSQDPPYGHSIMQREKKQQGGREEAAEIRPSATRLPTAVGLRPRAPVVAAGAAASATPAFDPGEAPSGFPIPQAPALGSGLAAPAHTPVGALAPRPQKTQAQRPQDAAALPTPTIKAVGARPVPKATGALAAGARPRGQPTAAPPSAASPPRVSLPVRSRQQQSPAIPLPPMHSGSEPGARPEVRLSQYRHAGPQTYTVRKEAPPSAASQLPKMPKCKDSMYYPPSGSARYPAPFQALSFSQSVASPAPSSDQTTLLWNTPSVVTQFLSIEDIIREVVTGGSTSGDLVVPSGSPSSLSTAAPEQDLRYSLTLSQASRVLSRFVSQLRRKLERSTHRLIADLERLKFLYL
BOLF1,MASAMESDSSGGSGGADAQPPLAEVDGGLARVTRQLLLSGDDPAARLRALMPLELGIFGLGDLAQPVLVRDFLNTLTLMSGHAYPAAVLRHHAYYLLRAASFSRRSFGLGHLEAALDVLASSLPPTTASPATDDPLDGSRLIAETRALAAAYRRIIEEGSGEVLAVSGPTATFAFVEELVADTYLARWDAFPREGLSFYAFNAAKTTLGRWLVTVYAETNRYPWAAAGQGQPTAADIKAMAVELVEHSGGGAGGGEGEESGGGLFHRPESLSSVVASLPLARRRAVEILGVYAEASGGQTPPVAAVPVLAFDAARLRLLEPSGALFYDYVYEALLWDQTYGVPDSVIEAFLAGMAAEMEALAARVQEAAGSRASFSPAAIEQVATVLLSAGLNETVAGDYAMMLASVPRVSRSRWRWLEATAALLESLSGFALHFFRLLPTASPTSRFARVARAAYLRAEAEAVDRRARRTSGPSTPAAAPAATAVGVGAAADPWDAVTPLRIFIVPPPAAEYEQVAGDLSSELLRSLLWVRYSRLWQAPAPAPALPCKPPLLPGEQGRRQWTAAVAAAPRTDVEAYCRSLRAGQTARADPAYVHSPFFPAAFIEFQIWPALRRVLSNELPKTRSLAALRWLVSFGSDLALPSPELTRARRPLELIYATVWEIYDGAPPMPGESPQAVGLRPLNLEGEGKAGDAGAEGAEDEEGGGPWGLSSHDAVLRIMDAVREVSGIISETISASERAAEAPPLAWPTSLFSLLFTLRYSTTAESLGLATRRFLVSGETLSEDISRLTGAAWRLCSRPLLYDAETGRVQIPLATEEEEEAVVAVKEKSVSSSPRHYSTDLQTLKSVVEGIQDVCRDAAARWALATADTATLRRRLLVPALRESRGIADHPLWAHTSEPLRPDLEELNERVEHALELGYSLTGALRRSVAYRFRDYTFARLFQPPAIDAERAEAIVRRDARPPPVFIPAPRRLPQGGADTPPPLSMDDILYLGKSICKALVDVLDHHPAAPETTPIKTYTPAMDLNPEQITVTPRSPSVLAAFARTARVQTHHLVPALTDDSPSPVGQTPPPFRILPAKKLAAILLGNGRNASKRRASRDLSPPPHGRWRAVLDSSPFSFSSSDFSDQDEGEGGEADLRGVPGGGGEGAYEEDRERPSDIDTAARAQKVETSCPRRRSPRTTPSPSRRASGGGGPDRGEAEAHTYPPYLSAAAAASRVRPRTRRGATRRPPRPTAEDE,MASAMESDSGGGSGGADAQPPLAEVDGGLARVTRQLLLSGDDPAARLRALMPLELGIFGLGDLAQPVLVRDFLNTLTLMSGHAYPAAVLRHHAYYLLRAASFSRRSFGLGHLEAALDVLASSLPPTTASPATDDPLDGSRLIAETRALAATYRRIIEEGSGEVLAVSGPTATFAFVEELVADTYLARWDAFPREGLSFYAFNAAKTTLGRWLVTVYAETNRYPWAAAGQGQPTAADIKAMAVELVEHSGGGAGGGEGEESGGGGLFHRPESLSSVVASLPLARRRAVEILGVYAEASGGQTPPVAAVPVLAFDAARLRLLEPSGALFYDYVYEALLWDQTYGVPDSVIEAFLAGMAAEMEALAARVQEAAGSRASFSPAAIEQVATVLLSAGLNETVAGDYAMMLASVPRVSRSRWRWLEATAALLESLSGFALHFFRLLPTASPTSRFARVARAAYLRAEAEAVDRRARRTSGPSTPAAAPAATAVGVGAAADPWDAVTPLRIFIVPPPAAEYEQVAGDLSSELLRSLLWVRYSRLWQAPAPAPALPCKPPLLPGEQGRRQWTAAVAAAPRTDVEAYCRSLRAGQTARADPAYVRSPFFPAAFIEFQIWPALRRVLSNELPKTRSLAALRWLVSFGSDLALPSPELTRARRPLELIYATVWEIYDGAPPMPGESPQAVGLRPLNLEGEGKAGDAGAEGAEDEEGGGPWGLSSHDAVLRIMDAVREVSGIISETISASERAAEAPPLAWPTSLFSLLFTLRYSTTAESLGLATRRFLVSGETLSEDISRLTGAAWRLCSRPLLYDAETGRVQIPLATEEEEEAVVAVKEKSVSSSPRHYSTDLQTLKSVVEGIQDVCRDAAARWALATADTATLRRRLLVPALRESRGIADHPLWAHTSEPLRPDLEELNERVEHALELGYSLTGALRRSVAYRFRDYTFARLFQPPAIDAERAEAIVRRDARPPPVFTPAPRRLPQGGADTPPPLSMDDILYLGKSICKALVDVLDHHPAAPETTPIKTYTPAMDLNPEQITVTPRSPSVLAAFARTARVQTHHLVPALTDDSPSPVGQTPPPFRILPAKKLAAILLGNGRNASKRRASRDLSPPPHGRWRAVLDSSPFSFSSSDFSDQDEGEGGEADLRGVPGGGGEGAYEEDRERPSDIDTAARAQKVETSCPRRRSPRTTPSPSRRASGGGGPDRGEAEAHTYPPYLSAAAAASRVRPRTRRGATRRPPRPTAEDE
BORF1,MKVQGSVDRRRLQRRIAGLLPPPARRLNISRGSEFTRDVRGLVEEHAQASSLSAAAVWRAGLLAPGEVAVAGGGSGGGSFSWSGWRPPVFGDFLIHASSFNNAEATGTPLFQFKQSDPFSGVDAVFTPLSLFILMNHGRGVAARVEAGGGLTRMANLLYDSPATLADLVPDFGRLVADRRFHNFITPVGPLVENIKSTYLNKITTVVHGPVVSKAIPRSTVKVTVPQEAFVDLDAWLSGGAGGGGGVCFVGGLGLQPCPADARLYVALTYEEAGPRFTFFQSSRGHCQIMNILRIYYSPSIMHRYAVVQPLHIEELTFGAVACLGTFSATDGWRRSAFNYRGSSLPVVEIDSFYSNVSDWEVIL,MKVQGSVDRRRLQRRIAGLLPPPARRLNISRGSEFTRDVRGLVEEHAQASSLSAAAVWRAGLLAPGEVAVAGGGSGGGSFSWSGWRPPVFGDFLIHASSFNNAEATGTPLFQFKQSDPFSGVDAVFTPLSLFILMNHGRGVAARVEAGGGLTRMANLLYDSPATLADLVPDFGRLVADRRFHNFITPVGPLVENIKSTYLNKITTVVHGPVVSKAIPRSTVKVTVPQEAFVDLDAWLSGGAGGGGGGCFVGGLGLQPCPADARLYVALTYEEAGPRFTFFQSSRGHCQIMNILRIYYSPSIMHRYAVVQPLHIEELTFGAVACLGTFSATDGWRRSAFNYRGSSLPVVEIDSFYSNVSDWEVIL
BORF2,MATTSHVEHELLSKLIDELKVKANSDPEADVLAGRLLHRLKAESVTHTVAEYLEVFSDKFYDEEFFQMHRDELETRVSAFAQSPAYERIVSSGYLSALRYYDTYLYVGRSGKQESVQHFYMRLAGFCASTTCLYAGLRAALQRARPEIESDMEVFDYYFEHLTSQTVCCSTPFMRFAGVENSTLASCILTTPDLSSEWDVTQALYRHLGRYLFQRAGVGVGVTGAGQDGKHISLLMRMINSHVEYHNYGCKRPVSVAAYMEPWHSQIFKFLETKLPENHERCPGIFTGLFVPELFFKLFRDTPWSDWYLFDPKDAGDLERLYGEEFEREYYRLVTAGKFCGRVSIKSLMFSIVNCAVKAGSPFILLKEACNAHFWRDLQGEAMNAANLCAEVLQPSRKSVATCNLANICLPRCLVNAPLAVRAQRADTQGDELLLALPRLSVTLPGEGAVGDGFSLARLRDATQCATFVVACSILQGSPTYDSRDMASMGLGVQGLADVFADLGWQYTDPPSRSLNKEIFEHMYFTALCTSSLIGLHTRKIFPGFKQSKYAGGWFHWHDWAGTDLSIPREIWSRLSERIVRDGLFNSQFIALMPTSGCAQVTGCSDAFYPFYANASTKVTNKEEALRPNRSFWRHVRLDDREALNLVGGRVSCLPEALRQRYLRFQTAFDYNQEDLIQMSRDRAPFVDQSQSHSLFLREEDAARASTLANLLVRSYELGLKTIMYYCRIEKAADLGVMECKASAALSVPREEQNERSPAEQMPPRPMEPAQVAGPVDIMSKGPGEGPGGWCVPGGLEVCYKYRQLFSEDDLLETDGFTERACESCQ,MATTSHVEHELLSKLIDELKVKANSDPEADVLAGRLLHRLKAESVTHTVAEYLEVFSDKFYDEEFFQMHRDELETRVSAFAQSPAYERIVSSGYLSALRYYDTYLYVGRSGKQESVQHFYMRLAGFCASTTCLYAGLRAALQRARPEIESDMEVFDYYFEHLTSQTVCCSTPFMRFAGVENSTLASCILTTPDLSSEWDVTQALYRHLGRYLFQRAGVGVGVTGAGQDGKHISLLMRMINSHVEYHNYGCKRPVSVAAYMEPWHSQIFKFLETKLPENHERCPGIFTGLFVPELFFKLFRDTPWSDWYLFDPKDAGDLERLYGEEFEREYYRLVTAGKFCGRVSIKSLMFSIVNCAVKAGSPFILLKEACNAHFWRDLQGEAMNAANLCAEVLQPSRKSVATCNLANICLPRCLVNAPLAVRAQRADTQGDELLLALPRLSVTLPGEGAVGDGFSLARLRDATQCATFVVACSILQGSPTYDSRDMASMGLGVQGLADVFADLGWQYTDPPSRSLNKEIFEHMYFTALCTSSLIGLHTRKIFPGFKQSKYAGGWFHWHDWAGTDLSIPREIWSRLSERIVRDGLFNSQFIALMPTSGCAQVTGCSDAFYPFYANASTKVTNKEEALRPNRSFWRHVRLDDREALNLVGGRVSCLPEALRQRYLRFQTAFDYNQEDLIQMSRDRAPFVDQSQSHSLFLREEDAARASTLANLLVRSYELGLKTIMYYCRIEKAADLGVMECKASAALSVPREEQNERSPAEQMPPRPMEPAQVAGPVDIMSKGPGEGPGGWCVPGGLEVCYKYRQLFSEDDLLETDGFTERACESCQ
BaRF1,MSKLLYVRDHEGFACLTVETHRNRWFAAHIVLTKDCGCLKLLNERDLEFYKFLFTFLAMAEKLVNFNIDELVTSFESHDIDHYYTEQKAMENVHGETYANILNMLFDGDRAAMNAYAEAIMADEALQAKISWLRDKVAAAVTLPEKILVFLLIEGIFFISSFYSIALLRVRGLMPGICLANNYISRDELLHTRAASLLYNSMTAKADRPRATWIQELFRTAVEVETAFIEARGEGVTLVDVRAIKQFLEATADRILGDIGQAPLYGTPPPKDCPLTYMTSIKQTNFFEQESSDYTMLVVDDL,MSKLLYVRDHEGFACLTVETHRNRWFAAHIVLTKDCGCLKLLNERDLEFYKFLFTFLAMAEKLVNFNIDELVTSFESHDIDHYYTEQKAMENVHGETYANILNMLFDGDRAAMNAYAEAIMADEALQAKISWLRDKVAAAVTLPEKILVFLLIEGIFFISSFYSIALLRVRGLMPGICLANNYISRDELLHTRAASLLYNSMTAKADRPRATWIQELFRTAVEVETAFIEARGEGVTLVDVRAIKQFLEATADRILGDIGQAPLYGTPPPKDCPLTYMTSIKQTNFFEQESSDYTMLVVDDL
BMRF1,METTQTLRFKTKALAVLSKCYDHAQTHLKGGVLQVNLLSVNYGGPRLAAVANAGTAGLISFEVSPDAVAEWQNHQSPEEAPAAVSFRNLAYGRTCVLGKELFGSAVEQASLQFYKRPQGGSRPEFVKLTMEYDDKVSKSHHTCALMPYMPPASDRLRNEQMIGQVLLMPKTASSLQKWARQQGSGGVKVTLNPDLYVTTYTSGEACLTLDYKPLSVGPYEAFTGPVAKAQDVGAVEAHVVCSVAADSLAAALSLCRIPAVSVPILRFYRSGIIAVVAGLLTSAGDLPLDLSVILFNHASEEAAASTASEPEDKSPRVQPLGTGLQQRPRHTVSPSPSPPPPPRTPTWESPARPETPSPAIPSHSSNTALERPLAVQLARKRTSSEARQKQKHPKKVKQAFNPLI,METTQTLRFKTKALAVLSKCYDHAQTHLKGGVLQVNLLSVNYGGPRLAAVANAGTAGLISFEVSPDAVAEWQNHQSPEEAPAAVSFRNLAYGRTCVLGKELFGSAVEQASLQFYKRPQGGSRPEFVKLTMEYDDKVSKSHHTCALMPYMPPASDRLRNEQMIGQVLLMPKTASSLQKWARQQGSGGVKVTLNPDLYVTTYTSGEACLTLDYKPLSVGPYEAFTGPVAKAQDVGAVEAHVVCSVAADSLAAALSLCRIPAVSVPILRFYRSGIIAVVAGLLTSAGDLPLDLSVILFNHASEEAAASTASEPEDKSPRVQPLGTGLQQRPRHTVSPSPSPPPPPRTPTWESPARPETPSPAIPSHSSNTALERPLAVQLARKRTSSEARQKQKHPKKVKQAFNPLI
BMRF2,MFSCKQHLSLGACVFCLGLLASTPFIWCFVFANLLSLEIFSPWQTHVYRLGFPTACLMAVLWTLVPAKHAVRAVTPAIMLNIASALIFFSLRVYSTSTWVSAPCLFLANLPLLCLWPRLAIEIVYICPAIHQRFFELGLLLACTIFALSVVSRALEVSAVFMSPFFIFLALGSGSLAGARRNQIYTSGLERRRSIFCARGDHSVASLKETLHKCPWDLLAISALTVLVVCVMIVLHVHAEVFFGLSRYLPLFLCGAMASGGLYLGHSSIIACVMATLCTLTSVVVYFLHETLGPLGKTVLFISIFVYYFSGVAALSAAMRYKLKKFVNGPLVHLRVVYMCCFVFTFCEYLLVTFIKS,MFSCKQHLSLGACVFCLGLLASTPFIWCFVFANLLSLEIFSPWQTHVYRLGFPTACLMAVLWTLVPAKHAVRAVTPAIMLNIASALIFFSLRVYSTSTWVSAPCLFLANLPLLCLWPRLAIEIVYICPAIHQRFFELGLLLACTIFALSVVSRALEVSAVFMSPFFIFLALGSGSLAGARRNQIYTSGLERRRSIFCARGDHSVASLKETLHKCPWDLLAISALTVLVVCVMIVLHVHAEVFFGLSRYLPLFLCGAMASGGLYLGHSSIIACVMATLCTLSSVVVYFLHETLGPLGKTVLFISIFVYYFSGVAALSAAMRYKLKKFVNGPLVHLRVVYMCCFVFTFCEYLLVTFIKS
BSLF2/BMLF1,MVPSQRLSRTSSISSNEDPAESHILELEAVSDTNTDCDLDPMEGSEEHSTDGEISSSEEEDEDPTPAHAIPARPSSVVITPTSASFVIPRKKWDLQDKTVTLHRSPLCRDEDEKEETGNSSYTRGHKRRRGEVHGCTDESYGKRRHLPPGARAPRAPRAPRVPRAPRSPRAPRSNRATRGPRSESRGAGRSTRKQARQERSQRPLPNKPWFDMSLVKPVSKITFVTLPSPLASLTLEPIQDPFLQSMLAVAAHPEIGAWQKVQPRHELRRSYKTLREFFTKSTNKDTWLDARMQAIQNAGLCTLVAMLEETIFWLQEITYHGDLPLAPAEDILLACAMSLSKVILTKLKELAPCFLPNTRDYNFVKQLFYITCATARQNKVVETLSSSYVKQPLCLLAAYAAVAPAYINANCRRRHDEVEFLGHYIKNYNPGTLSSLLTEAVETHTRDCRSASCSRLVRAILSPGTGSLGLFFVPGLNQ,MVPSQRLSRTSSISSNEDPAESHILELEAVSDTNTDCDMDPMEGSEEHSTDGEISSSEEEDEDPTPAHTIPARPSSVVITPTSASFVIPRKKWDLQDKTVTLHRSPLCRDEDEKEETGNSSYTRGHKRRRGEVHGCTDESYGKRRHLPPGARAPRAPRAPRVPRAPRSPRAPRSNRATRGPRSESRGAGRSTRKQARQERSQRPLPNKPWFDMSLVKPVSKITFVTLPSPLASLTLEPIQDPFLQSMLAVAAHPEIGAWQKVQPRHELRRSYKTLREFFTKSTNKDTWLDARMQAIQNAGLCTLVAMLEETIFWLQEITYHGDLPLAPAEDILLACAMSLSKVILTKLKELAPCFLPNTRDYNFVKQLFYITCATARQNKVVETLSSSYVKQPLCLLAAYAAVAPAYINANCRRRHDEVEFLGHYIKNYNPGTLSSLLTEAVETHTRDCRSASCSRLVRAILSPGTGSLGLFFVPGLNQ
BSLF1,MSAPVVIKALVASNTDIAEAILDAILSRPDEGFRLFCLCHNASPLHHVAGSLVELQLHLPKKRLTSQSRCGLVLTLHLPAEEAFPFLRGLTPLTADRLSTYLDRAGALRSLTPLVELLTLSAKKQPQGDARGRVAWLRPKIVGCLRRIYRVNISARWFISTFGSHEAQFVLVTAAYYFWGIPCTIETLAHLTELFTSESGQSLAAVTSLAELGEVFGSSAWAEQTEAFAHFAHEKLRRDSREIRAVARTIDAYRGRLPLASADLVRYVYLAHAQCFNEGTFKRYSQLTSMGEIGCLPSGGVVLPSLLDRGFAEHMRTYFTRETYLAEHVRVQQLKIRMEPPAPYTWDPDPDDGLMRAWAGLSVDVARELVELARWHADEGPTYPPTLQGFLCLAGQATCRGQWNPKEQFLPPTVLRRVQRLPVFLCHFADRHYFVMTAADPFSSHLAEVVSTPTNCRLPDTCLTRALSYTPVYYSQNSLSEQLFVSRHEYFNPRLPVCNLVLDLDLKIKGAPWSLEEIYDLCRTVRREVLRLMRRLGPVSRAHPVYFFKSACPPADPDNMEDVLPFCICTGKLGFRVITPLPRGHAIVGTSAVQGFVSVLQKLMGLTACLRRMRHKIKEIGAPLFDSGVYHAGRCIRLPHTYKVDRGGGLSRQLRLFVCHPEEEDKHSYVKNALNIQNLLHHSLHVGWPAPKTFCYHIADDGRDYLIQRTRETLPPTVENVCAMIEGHLGLDLVAWVSSCIWPSLMSTLATAVPEDKFPQFLHVTFEQTGPNLVQVCHARGRNFACLRHTHRASSKNVRVFLVLYYTSQAITVTFMSQCFAGRCGANQPTAHFSISVPASRIINRAEASQDSTTSQLARRRDRQDGSFSETLPN,MSAPVVIKALVASNTDIAEAILDAILSRPDEGFRLFCLCHNASPLHHVAGSLVELQLHLPKKRLTSQSRCGLVLTLHLPAEEAFPFLRGLTPLTADRLSTYLDRAGALRSLTPLVELLTLSAKKQPQGDARGRVAWLRPKIVGCLRRIYRVNISARWFISTFGSHEAQFVLVTAAYYFWGIPCTIETLAHLTELFTSESGQSLAAVTSLAELGEVFGSSAWAEQTEAFAHFAHEKLRRDSREIRAVARTIDAYRGRLPLASADLVRYVYLAHAQCFNEGTFKRYSQLTSVGEIGCLPSGGVVLPSLLDRGFAEHMRTYFTRETYLAEHVRVQQLKIRMEPPAPYTWDPDPDDGLMRAWAGLSVDVARELVELARWHADEGPTYPPTLQGFLCLAGQATCRGQWNPKEQFLPPTVLRRVQRLPVFLCHFADRHYFVMTAADPFSSHLAEVVSTPTNCRLPDTCLTRALSYTPVYYSQNSLSEQLFVSRHEYFNPRLPVCNLVLDLDLKIKGAPWSLEEIYDLCRTVRREVLRLMRRLGPVSRAHPVYFFKSACPPADPDNMEDVLPFCICTGKLGFRVITPLPRGHAIVGTSAVQGFVSVLQKLMGLTACLRRMRHKIKEIGAPLFDSGVYHAGRCIRLPHTYKVDRGGGLSRQLRLFVCHPEEEDKHSYVKNALNIQNLLHHSLHVGWPAPKTFCYHIADDGRDYLIQRTRETLPPTVENVCAMIEGHLGLDLVAWVSSCIWPSLMSTLATAVPEDKFPQFLHVTFEQTGPNLVQVCHARGRNFACLRHTHRASSKNVRVFLVLYYTSQAITVTFMSQCFAGRCGANQPTAHFSISVPASRIINRAEASQDSTTSQLARRRDRQDGSFSETLPN
BSRF1,MAFYLPDWSCCGLWLFGRPRNRYSQLPEEPETFECPDRWRAEIDLGLPPGVQVGDLLRNEQTMGSLRQVYLLAVQANSITDHLKRFDAVRVPESCRGVVEAQVAKLEAVRSVIWNTMISLAVSGIEMDENGLKALLDKQAGDSLALMEMEKVATALKMDETGAWAQEISAVVSSVTAPSASAPFINSAFEPEVPTPVLAPPPVVRQPEHSGPTELALT,MAFYLPDWSCCGLWLFGRPRNRYSQLPEEPETFECPDRWRAEIDLGLPPGVQVGDLLRNEQTMGSLRQVYLLAVQANSITDHLKRFDAVRVPESCRGVVEAQVAKLEAVRSVIWNTMISLAVSGIEMDENGLKALLDKQAGDSLALMEMEKVATALKMDETGAWAQEISAVVSSVTAPSASAPFINSAFEPEVPTPVLAPPPVVRQPEHSGPTELALT
BLLF3,MEACPHIRYAFQNDKLLLQQASVGRLTLVNKTTILLRPMKTTTVDLGLYARPPEGHGLMLWGSTSRPVTSHVGIIDPGYTGELRLILQNQRRYNSTLRPSELKIHLAAFRYATPQMEEDKGPINHPQYPGDVGLDVSLPKDLALFPHQTVSVTLTVPPPSIPHHRPTIFGRSGLAMQGILVKPCRWRRGGVDVSLTNFSDQTVFLNKYRRFCQLVYLHKHHLTSFYSPHSDAGVLGPRSLFRWASCTFEEVPSLAMGDSGLSEALEGRQGRGFGSSGQ,MEACPHIRYAFQNDKLLLQQASVGRLTLVNKTTILLRPMKTTTVDLGLYARPPEGHGLMLWGSTSRPVTSHVGIIDPGYTGELRLILQNQRRYNSTLRPSELKIHLAAFRYATPQMEEDKGPINHPQYPGDVGLDVSLPKDLALFPHQTVSVTLTVPPPSIPHHRPTIFGRSGLAMQGILVKPCRWRRGGVDVSLTNFSDQTVFLNKYRRFCQLVYLHKHHLTSFYSPHSDAGVLGPRSLFRWASCAFEEVPGLAMGDSGLSEALEGRQGRGFGSSGQ
BLRF1,MGKVLRKPFAKAVPLLFLAATWLLTGVLPAGASSPTNAAAASLTEAQDQFYSYTCNADTFSPSLTSFASIWALLTLVLVIIASAIYLMYVCFNKFVNTLLTD,MGKVLRKPFAKAVPLLFLAATWLLTGVLPAGASSPTNAAAASLTEAQDQFYSYTCNADTFSPSLTSFASIWALLTLVLVIIASAIYLMYVCFNKFVNTLLTD
BLRF2,MSAPRKVRLPSVKAVDMSMEDMAARLARLESENKALKQQVLRGGACASSTSVPSAPVPPPEPLTARQREVMITQATGRLASQAMKKIEDKVRKSVDGVTTRNEMENILQNLTLRIQVSMLGAKGQPSPGEGTRPRESNDPNATRRARSRSRGREAKKVQISD,MSAPRKVRLPSVKAVDMSMEDMAARLARLESENKALKQQVLRGGACASSTSVPSAPVPPPEPLTARQREVMITQATGRLASQAMKKIEDKVRKSVDGVTTRNEMENILQNLTLRIQVSMLGAKGQPSPGEGTRPRESNDPNATRRARSRSRGREAKKVQISD
BLLF1,MEAALLVCQYTIQSLIHLTGEDPGFFNVEIPEFPFYPTCNVCTADVNVTINFDVGGKKHQLDLDFGQLTPHTKAVYQPRGAFGGSENATNLFLLELLGAGELALTMRSKKLPINVTTGEEQQVSLESVDVYFQDVFGTMWCHHAEMQNPVYLIPETVPYIKWDNCNSTNITAVVRAQGLDVTLPLSLPTSAQDSNFSVKTEMLGNEIDIECIMEDGEISQVLPGDNKFNITCSGYESHVPSGGILTSTSPVATPIPGTGYAYSLRLTPRPVSRFLGNNSILYVFYSGNGPKASGGDYCIQSNIVFSDEIPASQDMPTNTTDITYVGDNATYSVPMVTSEDANSPNVTVTAFWAWPNNTETDFKCKWTLTSGTPSGCENISGAFASNRTFDITVSGLGTAPKTLIITRTATNATTTTHKVIFSKAPESTTTSPTLNTTGFADPNTTTGLPSSTHVPTNLTAPASTGPTVSTADVTSPTPAGTTSGASPVTPSPSPWDNGTESKAPDMTSSTSPVTTPTPNATSPTPAVTTPTPNATSPTPAVTTPTPNATSPTLGKTSPTSAVTTPTPNATSPTLGKTSPTSAVTTPTPNATSPTLGKTSPTSAVTTPTPNATGPTVGETSPQANATNHTLGGTSPTPVVTSQPKNATSAVTTGQHNITSSSTSSMSLRPSSNPETLSPSTSDNSTSHMPLLTSAHPTGGENITQVTPASISTHHVSTSSPAPRPGTTSQASGPGNSSTSTKPGEVNVTKGTPPQNATSPQAPSGQKTAVPTVTSTGGKANSTTGGKHTTGHGARTSTEPTTDYGGDSTTPRPRYNATTYLPPSTSSKLRPRWTFTSPPVTTAQATVPVPPTSQPRFSNLSMLVLQWASLAVLTLLLLLVMADCAFRRNLSTSHTYTTPPYDDAETYV,MEAALLVCQYTIQSLIQLTRDDPGFFNVEILEFPFYPACNVCTADVNATINFDVGGKKHKLNLDFGLLTPHTKAVYQPRGAFGGSENATNLFLLELLGAGELALTMRSKKLPINITTGEEQQVSLESVDVYFQDVFGTMWCHHAEMQNPVYLIPETVPYIKWDNCNSTNITAVVRAQGLDVTLPLSLPTSAQDSNFSVKTEMLGNEIDIECIMEDGEISQVLPGDNKFNITCSGYESHVPSGGILTSTSPVATPIPGTGYAYSLRLTPRPVSRFLGNNSILYVFYSGNGPKASGGDYCIQSNIVFSDEIPASQDMPTNTTDITYVGDNATYSVPMVTSEDANSPNVTVTAFWAWPNNTETDFKCKWTLTSGTPSGCENISGAFASNRTFDITVSGLGTAPKTLIITRTATNATTTTHKVIFSKAPESTTTSPTLNTTGFAAPNTTTGLPSSTHVPTNLTAPASTGPTVSTADVTSPTPAGTTSGASPVTPSPSPRDNGTESKAPDMTSPTSAVTTPTPNATSPTPAVTTPTPNATSPTLGKTSPTSAVTTPTPNATSPTPAVTTPTPNATIPTLGKTSPTSAVTTPTPNATSPTVGETSPQANTTNHTLGGTSSTPVVTSPPKNATSAVTTGQHNITSSSTSSMSLRPSSISETLSPSTSDNSTSHMPLLTSAHPTGGENITQVTPASTSTHHVSTSSPAPRPGTTSQASGPGNSSTSTKPGEVNVTKGTPPKNATSPQAPSGQKTAVPTVTSTGGKANSTTGGKHTTGHGARTSTEPTTDYGGDSTTPRTRYNATTYLPPSTSSKLRPRWTFTSPPVTTAQATVPVPPTSQPRFSNLSMLVLQWASLAVLTLLLLLVMADCAFRRNLSTSHTYTTPPYDDAETYV
EBNA-3A,MDKDRPGPPALDDNMEEEVPSTSVVQEQVSAGDWENVLIELSDSSSEKEAEDAHLEPAQKGTKRKRVDHDAGGSAPARPMLPPQPDLPGREAILRRFPLDLRTLLQAIGAAATRIDTRAIDQFFGSQISNTEMYIMYAMAIRQAIRDRRRNPASRRDQAKWRLQTLAAGWPMGYQAYSSWMYSYTDHQTTPTFVHLQATLGCTGGRRCHVTFSAGTFKLPRCTPGDRQWLYVQSSVGNIVQSCNPRYSIFFDYMAIHRSLTKIWEEVLTPDQRVSFMEFLGFLQRTDLSYIKSFVSDALGTTSIQTPWIDDNPSTETAQAWNAGFLRGRAYGIDLLRTEGEHVEGATGETREESEDTESDGDDEDLPCIVSRGGPKVKRPPIFIRRLHRLLLMRAGKRTEQGKEVLEKARGSTYGTPRPPVPKPRPEVPQSDETATSHGSAQVPEPPTIHLAAQGMAYPLHEQHGMAPCPVAQAPPTPLPPVSPGDQLPGVFSDGRVACAPVPAPAGPIVRPWEPSLTQAAGQAFAPVRPQHMPVEPVPVPTVALERPVYPKPVRPAPPKIAMQGPGETSGIRRARERWRPAPWTPNPPRSPSQMSVRDRLARLRAEAQVKQASVEVQPPQLTQVSPQQPMEGPLVPEQQMFPGAPFSQVADVVRAPGVPAMQPQYFDLPLIQPISQGAPVAPLRASMGPVPPVPATQPQYFDIPLTEPINQGASAAHFLPQQPMEGPLVPEQWMFPGAALSQSVRPGVAQSQYFDLPLTQPINHGAPAAHFLHQPPMEGPWVPEQWMFQGAPPSQGTDVVQHQLDALGYTLHGLNHPGVPVSPAVNQYHLSQAAFGLPIDEDESGEGSDTSEPCEALDLSIHGRPCPQAPEWPVQEEGGQDATEVLDLSIHGRPRPRTPEWPVQGEGGQNVTGPETRRVVVSAVVHMCQDDEFPDLQDPPDEA,MDKDRPGLPAPDDNIEEVPSTSGVQERASEGDWENVLIEISDSSSEEEAEDAHLEPSQRGKKRKRVDDDAGGSAPAQHVPPPQLDHPGREAILYRFPLDLRRFIQAIGAAATHPDTRAIDQFFGSQISNTDLYVMYAMAIRQAIRDRRRNPASRRSQVKWRMTTLAAGWPMGYQAYSSWMYSYTDPQVTATIIHLQATLGCASGRRCHVTFSAGTFRPPRCSPGDRQWLYVQSRVGDLVQSSNPCYSIFFDYMAIHRSLTKIWDEVVTPDQRVTFMEFLGFLQRTELVYIKSFVSYALGTTSIETPWMDENPSTETAQAWNAGLLRGRAYGQDLLRTEGEHGEGATCETREESEDTESDGDDEELPRVVSRDGTKHRRPPIFLRRLHRLLLMRAGKGKERARETLAKAPRRTYGTPRPPVQKPRPEVPQSYETATSHGSAQVPEPPPTHPLHQQHSMAPCMVAQNPRAPLGDQLPGVPKDGRGACAPVPALAGPIVRPWESSLLQSPGRAFAPVSPQPMPVEPVPVPTVALERPVCPAPPEIAMQGPGEPSGIKRTRERWRPAPWTPNPPRSPSQMSVRDRLARLRAEAQARQASVEVQPTQLTQVSPQQPMERPLEPEQQMFPGSPFSQVADVARESGVPAMQPQYFDLPLTQPISQGAPAAPLRASMGPVPPVPATQPQYFDIPLTEPINQGASAAHFLPQQPMEGPLVPERWMFQGATLSQSVRPGVAQSQYFDLPLTQPINHGAPAAHFLHQPPMEGPWVPEQWMFQGAPPSQGTDVVQHQLDDLGYPLHDLNHPGVPVSPAVNQYHFSQAAFGLPIDEDESGERSDTSEPYEALDLSIHGRPCPQAPEWPVQGEGGQDATEVLDLSIHGRPRPRTPEWPVQGESGQNVTDHEPRRVVVSAIVHMCQDDEFPDLQDPPDEA
EBNA-3B,MKKAWLSRAQQADAGGASGSEDPPDYGDQGNVTQVGSEPISPEIGPFELSAASEDDPQSGPVEENLDAAAREEEEPHEQEHNGGDDPLDVHTRQPRFVDVNPTQAPVIQLVHAVYDSMLQSDLRPLGSLFLEQNLNIEEFIWMCMTVRHRCQAIRKKPLPIVKQRRWKLLSSCRSWRMGYRTHNLKVNSFESGGDNVHPVLVTATLGCDEGTRHATTYSAGIVQIPRISDQNQKIETAFLMARRARSLSAERYTLFFDLVSSGNTLYAIWIGLGTKNRVSFIEFVGWLCKKDHTHIREWFRQCTGRPKAAKPWLRAHPVAIPYDDPLTNEEIDLAYARGQAMNIEAPRLPDDPIIVEDDDESEEIEAESDEEEDKSGMESLKNIPQTLPYNPTVYGRPAVFDRKSDAKSTKKCRAIVTDFSVIKAIEEEHRKKKAARTEQPRATPESQAPTVVLQRPPTQQEPGPVGPLSVQARLEPWQPLPGPQVTAVLLHEESMQGVQVHGSMLDLLEKDDEVMEQRVMATLLPPVPQQPRAGRRGPCVFTGDLGIESDEPASTEPVHDQLLPAPGPDPLEIQPLTSPTTSQLSSSAPSCAQTPWPVVQPSQTPDDPTKQSRPPETAAPRQWPMPLRPIPMRPLRMQPIPFNHPVGPTPHQTPQVEITPYKPTWAQIGHIPYQPTPTGPATMLLRQWAPATMQTPPRAPTPMSPPEVPPVPRQRPRGAPTPTPPPQVPPVPRQRPRGAPTPTPPPQVLPTPMQLALRAPAGQQGPTKQILRQLLTGGVKKGRPSLKLQAALERQAAAGWQPSPGSGTSDKIVQAPIFYPPVLQPIQVMGQGGSPTAMAASAVTQAPTEYTRERRGVGPMPPTDIPPSKRAKIEAYTEPEMPHGGASHSPVVILENVGQGQQQTLECGGTAKQERDMLGLGDIAVSSPSSSETSNDE,MKKAWLSRAQQADAGGASGSEDPPDYGDQGNVQQVGSDPISPAIGPFELSAASEDDPQSGPVEENLDAAAREEEEPDEQEHNGGDDPLEVHTRQPRFVDVNPTQAPVIQLVHAVYDSMLQSDLRSLGSLFLEQNLNIEEFIWMCMTVRHRCQAIRQKPLPIDKQRRWKLLSPYRTWRMGYRTQTLNVNSFETGGDKVHPLLVTATLGCEEGLRHAITYSAGIVQLPRMSDQNQKIETAFLMARRARSLSAERYTLFFDLVSSGNTLYAIWIGLGTRNRVAFVEFVGWLCKKDHTHIREWFRQCTGRPSPSKPWMRAHPVAVPYDDPLTSEETDLAYARGLAMSIEAARLPDDPIIVEDDDESEEIEDKCDKDEEESGTEDVTSIPQTLPHSPTVYGRPSVFYRKPDTKSTKKCRAIVTDLSIIKVIEDEHRKKKTARTEQPRAKPDSPAPTVVLRRPPTQKVTGPAGSLSVQAQLEPWQPLSWPHETRVILHGPPTQGDQAHGSMLDLLEKDDQHMEQQVMATLLPPEPHQPRSGRRAPCVYTADLDIESDEPATSEPVLDQLLPAPGLGPLAIQPLTSPTTSQLRSSAPSHAQTPWPVTHPSQTPGGPTTQSLAPETEAPRQWPMPLRPIPLHPLRMQPISFNPAVRPTPHQPPQVEPTFYQSTWVKPPQQYQPQMGHIPYQPRPTGHSTMLRPQWAPTTMQPPPRAPTPMPPPQGPPTAMQRPQGAPTPMPPPQGTPTAMQRPQGAPTPMPPPQGTPTAMQRPQGAPTPMPPPQGTPTAIQRPQGAPTPMPPPQGTPTAMQRPQGAPTPMPPPQGTPTAMQRPQGAPTPMPPPQGPPTAMQRPRGAPTPMPPPQGPPTAMQRPQGAPTPMPPPQGPPTAMQRPRGAPTPMPPPQGPPTAMQRPQGAPTPMPPPQGPPTAMQRPRGAPTPMPPPQGPPTAMQLSPRALTGQKGPAKHILRQLLTGGVKSGRPSLKFKAALERQAAAGLRPSPGSGTGAKIVQAPVFYPPVLQPIQVMWQVGSSKAVAASTVTQAPTEYTGERRLGGPMSPTDIPPSKRVKKKAYPERKTPHGGPSHSSTVMWENVSQGQQQTLECGGTDKQERNMLGMGDIAVSSPSSSETSNDE
EBNA-3C,MESFEGQGDSRQSPDNERGDNVQTTGEHDQDPGPGPPSSGASERLVPEESYSRDQQPWGQSRGDENRGWMQRIRRRRRRRAALSGHLLDTEDNVPPWLPPHDITPYTARNIRDAACRAVKQSHLQALSNLILDSGLDTQHILCFVMAARQRLQDIRRGPLVAEGGVGWRHWLLTSPSQSWPMGYRTATLRTLTPVPNRVGADSIMLTATFGCQNAARTLNTFSATVWTPPHAGPREQERYAREAEVRFLRGKWQRRYRRIYDLIELCGSLHHIWQNLLQTEENLLDFVRFMGVMSSCNNPAVNYWFHKTIGNFKPYYPWNAPPNENPYHARRGIKEHVIQNAFRKAQIQGLSMLATGGEPRGDATSETSSDEDTGRQGSDVELESSDDELPYIDPNMEPVQQRPVMFVSRVPAKKPRKLPWPTPKTHPVKRTNVKTSDRSDKAEAQSTPERPGPSEQSSVTVEPAHPTPVEMPMVILHQPPPVPKPVPVKPTPPPSRRRRGACVVYDDDVIEVIDVETTEDSSSVSQPNKPHRKHQDGFQRSGRRQKRAAPPTVSPSDTGPPAVGPPAAGPPAAGPPAAGPPAAGPPAAGPPAAGPRILAPLSAGPPAAGPHIVTPPSARPRIMAPPVVRMFMRERQLPQSTGRKPQCFWEMRAGREITQMQQEPSSHLQSATQPTTPRPSWAPSVCALSVMDAGKAQPIESSHLSSMSPTQPISHEEQPRYEDPDAPLDLSLHPDVAAQPAPQAPYQGYQEPPAPQAPYQGYQEPPPPQAPYQGYQEPPAHGLQSSSYPGYAGPWTPRSQHPCYRHPWAPWSQDPVHGHTQGPWDPRAPHLPPQWDGSAGHGQDQVSQFPHLQSETGPPRLQLSLVPLVSSSAPSWSSPQPRAPIRPIPTRFPPPPMPLQDSMAVGCDSSGTACPSMPFASDYSQGAFTPLDINATTPKRPRVEESSHGPARCSQATAEAQEILSDNSEISVFPKDAKQTDYDASTESELD,MESFEGEGDSIQSPDNARGDDVQNTGEHIQDPGPGPSTGGASEGLVQNEPDSRDQQSRGQRRGDENRGWMQRIRRRRRRRAALSGHLLDMEDNVPPWFPPHDITPYVARNIRDAACQAVKHSHLQALSNLILDSGLDTQHLLCFVMAARQRLQDIRRGPLVVEGGVGWRHWLLTSPSRSWSMGYRTATLRTLTPVPNRVGADSIMLTATFGCQNGALAINTFSATVWIPPPAGPREQERYAREAEVRFLRGKWQRRFRRIFDLIELCGSLHHVWQNMLQTEENLLDFVRFMGVMSSCNSSSVNYWFHKTIGNFKPYYPWNAPPNENPYHARRGIKEQVIQKAFLKAQRQGLSMLATGGGPRGDATSETSSDEDTGRQGSDVELESSDDELPYIDPNMEPVQQRPVMFVSRVPVRKPRTLPWPTPKTHPVKRTIVKTSYRSDEAEEAQSTPERPGPSKQPSEPVEPAHTTPAGRSTVILHEPPREPEAVSFKPPPPPSRRRRGACVVYDDDIIEVIDVETTEEETTSMQRQPPLGQQPPPPVISTGSAMSSSHTDPSVTQPSKPHRKPQDGFQRSGRRQKRAMPPPVSPSDAGPPSTRPRVMAPPSTGPRVMATPSTGPRDMAPPSTGPRDMAPPSTGPRDMAPPSTGPRDMAPTVVHMFTRERLLTQSTGPAPRSFWEMRAGRDAPKIQQEPSSQQQPATQSTPPCQSWVPSVYVLPAVDAGNAQPLQISHLSSMSPTQPISHEEQPRYEDPDTPLDLSLHPDTATLPPTQDLYPGREDLQATQAPYPGYEEPRPPQAPFVGDYGFVQIPSAQWEPHPSQGTYQGHIDPQLPAALDLGPEQPRFPQDPYVYSGGQLSSCPGYAGPWPSRPQHPRYRHTLALWPREPRHGHSQGPWKPWSAHLPPQWDGSAGHGQDQVSQFPHLHSETGPPRLQLSSVPQVLYPQPLVSSSAPSWSSPQPRAPIRPIPTRFPPPPMPLQDSMAVGCDSSGTACPSMPFASDYSQGAFTPLDINAPTPKSPRVEESSHGPARCSQATSEAQEILSDNSEISVFPKDAKQTDYDASTESELD
BZLF2,MVSFKQVRVPLFTAIALVIVLLLAYFLPPRVRGGGRVAAAAITWVPKPNVEVWPVDPPPPVNFNKTAEQEYGDKEVKLPHWTPTLHTFQVPQNYTKANCTYCNTREYTFSYKGCCFYFTKKKHTWNGCFQACAELYPCTYFYGPTPDILPVVTRNLNAIESLWVGVYRVGEGNWTSLDGGTFKVYQIFGSHCTYVSKFSTVPVSHHECSFLKPCLCVSQRSNS,MVSFKQVRVPLFTAIALVIVLLLAYFLPPRVRGGGRVSAAAITWVPKPNVEVWPVDPPPPVNFNKTAEQEYGDKEIKLPHWTPTLHTFQVPKNYTKANCTYCNTREYTFSYKERCFYFTKKKHTWNGCFQACAELYPCTYFYGPTPDILPVVTRNLNAIESLWVGVYRVGEGNWTSLDGGTFKVYQIFGSHCTYVSKFSTVPVSHHECSFLKPCLCVSQRSNS
BZLF1,MMDPNSTSEDVKFTPDPYQVPFVQAFDQATRVYQDLGGPSQAPLPCVLWPVLPEPLPQGQLTAYHVSTAPTGSWFSAPQPAPENAYQAYAAPQLFPVSDITQNQQTNQAGGEAPQPGDNSTVQTAAAVVFACPGANQGQQLADIGVPQPAPVAAPARRTRKPQQPESLEECDSELEIKRYKNRVASRKCRAKFKQLLQHYREVAAAKSSENDRLRLLLKQMCPSLDVDSIIPRTPDVLHEDLLNF,MMDPNSTSEDVKFTPDPYQVPFVQAFDQATRVYQDLGGPSQAPLPCVLWPVLPEPLPQGQLTAYHVSAAPTGSWFPAPQPAPENAYQAYAAPQLFPVSDITQNQQTNQAGGEAPQPGDNSTVQPAAAVVFACPGANQGQQLADIGAPQPAPAAAPARRTRKPLQPESLEECDSELDIKRYKNRVASRKCRAKFKHLLQHYREVASAKSSENDRLRLLLKQMCPSLDVDSIIPRTPDVLHEDLLNF
BRLF1,MRPKKDGLEDFLRLTPEIKKQLGSLVSDYCNVLNKEFTAGSVEITLRSYKICKAFINEAKAHGREWGGLMATLNICNFWAILRNNRVRRRAENAGNDACSIACPIVMRYVLDHLIVVTDRFFIQAPSNRVMIPATIGTAMYKLLKHSRVRAYTYSKVLGVDRAAIMASGKQVVEHLNRMEKEGLLSSKFKAFCKWVFTYPVLEEMFQTMVSSKTGHLTDDVKDVRALIKTLPRASYSSHAGQRSYVSGVLPACLLSTKSKAVETPILVSGADRMDEELMGNDGGASHTEARYSESGQFHAFTDELESLPSPTMPLKPGAQSADCGDSSSSSSDSGNSDTEQSEREEARAEAPRLRAPKSRRTSRPNRGQTPCPSNAAEPEQPWIAAVHQESDERPIFPHPSKPTFLPPVKRKKGLRDSREGMFLPKPEAGSAISDVFEGREVCQPKRIRPFHPPGSPWANRPLPASLAPTPTGPVHEPVGSLTPAPVPQPLDPAPAVTPEASHLLEDPDEETSQAVKALREMADTVIPQKEEAAICGQMDLSHPPPRGHLDELTTTLESMTEDLNLDSPLTPELNEILDTFLNDECLLHAMHISTGLSIFDTSLF,MRPKKDGLEDFLRLTPEIKKQLGSLVSDYCNVLNKEFTAGSVEITLRSYKICKAFINEAKAHGREWGGLMATLNICNFWAILRNNRVRRRAENAGNDACSIACPIVMRYVLDHLIVVTDRFFIQAPSNRVMIPATIGTAMYKLLKHSRVRAYTYSKVLGVDRAAIMASGKQVVEHLNRMEKEGLLSSKFKAFCKWVFTYPVLEEMFQTMVSSKTGHLTDDVKDVRALIKTLPRASYSSHAGQRSYVSGVLPACLLSTKSKAVETPILVSGADRMDEELMGNDGGASHTEARYSESGQFHAFTDELESLPSPTMPLKPGAQSADCGDSSSSSSDSGNSDTEQSEREEARAEAPRLRAPKSRRTSRPNRGQTPCPSNAEEPEQPWIAAVHQESDERPIFPHPSKPTFLPPVKRKKGLRDSREGMFLPKPEAGSAISDVFEGREVCQPKRIRPFHPPGSPWANRPLPASLAPTPTGPVHEPVGSLTPAPVPRPLDPAPAVTPEASHLLEDPDEETSQAVKALREMADTVIPQKEEAAICGQMDLNHPPPRGHLDELTTTLESMTEDLNLDSPLTPELNEILDTFLNDECLLHAMHISTGLSIFDTSLF
BRRF1,MASSNRGNARPLKSFLHELYLKHYPEVGDVVHLLNTIGVDCDLPPSHPLLTAQRGLFLARVLQAVQQHKLLEDTIVPKILKKLAYFLELLSYYSPKDEQRDIAEVLDHLKTNRDLGLDDRLWALIRKLRQDRHHASVNVLMPGSDYTAVSLQYYDGISIGMRKVIADVCRSGYASMPSMTATHNLSHQLLMASGPSEEPCAWRGFFNQVLLWTVALCKFRRCIYYNYIQGSIATISQLLHLEIKALCSWIISQDGMRLFQHSRPLLTLWESVAANQEVTDAITLPDCAEYIDLLKHTKHVLENCSAMQYK,MASSNRGNARPLKSFLHELYLKHYPEVGDVVHLLNTIGVDCDLPPSHPLLTAQRGLFLARVLQAVQQHKLLEDTIVPKILKKLAYFLELLSYYSPKDEQRDIAEVLDHLKTNRDLGLDDRLWALIRKLRQDRHHASVNVLMPGSDYTAVSLQYYDGISIGMRKVIADVCRSGYASMPSMTATHNLSHQLLMASGPSEEPCAWRGFFNQVLLWTVALCKFRRCIYYNYIQGSIATISQLLHLEIKALCSWIISQDGMRLFQHSRPLLTLWESVAANQEVTDAITLPDCAEYIDLLKHTKHVLENCSAMQYK
BRRF2,MSGQQRGSVILVPEHLAGALTKLMSDFITGQDVTLSGGNIAVKIRDAINQTPGGGDVAILSSLFALWNALPTSGRQSSRDDLIPAAVQALTTAHNLCLGVIPGETSHKDTPESLLRAIVTGLQKLWVDSCGCPECLQCLKGLKAIKPGLYEIPRIIPHTKQCSPVNLLNMLVHKLVALRGHVQLAYDARVLTPDFHEIPDLDDSDAVFARTLLAALFHLNMFFILKDYITQDSMSLKQALSGHWMSATGNPLPAAPETLRDYLEAFRNSDNHFYLPTTGPLNTFQFPEELLGRVVVIDSSLCAASHVQDVITHGVGAGVPRPRFSALPPAPSREPQQTCSQLTSRGNESSRRNLGQPGGTSPAVPPVCPIVSLTASGAKQNRGGMGSLHLAKPEETSPAVSPVCPIASPAASRSKQHCGVTGSSQAAPSFSSVAPVASLSGDLEEEEEGSRESPSLPSSKKGDEEFEAWLEAQDANLEDVQREFSGLRVIGDEDEDGSEDGEFSDLDLSDSDHEGDEGGGAVGGGRSLHSLYSLSVV,MSGQQRGSVILVPEHLAGALTKLMSDFITGQDVTLSGGNIAVKIRDAINQTPGGGDVAILSSLFALWNALPTSGRQSSRDDLIPAAVQALTTAHNLCLGVIPGETSHKDTPESLLRAIVTGLQKLWVDSCGCPECLQCLKGLKAIKPGLYEIPRIIPHTKQCSPVNLLNMLVHKLVALRGHVQLAYDARVLTPDFHEIPDLDDSDAVFARTLLAALFHLNMFFILKDYITQDSMSLKQALSGHWMSATGNPLPAAPETLRDYLEAFRNSDNHFYLPTTGPLNTFKFPEELLGRVVVIDSSLCAASHVQDVITRGVGAGVPRPQFLALPPAPSRKPQQTCSQLTSRGNESSRRNLGQPGGTSPAVPPVCPIVSLTASGAKQNRGGMGSLHLAKPEETSPAVSPVCPIASPAASRSKQHCGVTGSSQAAPSSSSVAPVASLSGDLEEEEEGSRESPSLPSSKKGADEFEAWLEAQDANFEDVQREFSGLRVIGDEDEDGSEDGEFSDLDLSDSDHEGDEGGGAVGGGRSLHSLYSLSVI
EBNA-1,MSDEGPGTGPGNGLGEKGDTSGPEGSGGSGPQRRGGDNHGRGRGRGRGRGGGRPGAPGGSGSGPRHRDGVRRPQKRPSCIGCKGTHGGTGAGAGAGGAGAGGAGAGGGAGAGGGAGGAGGAGGAGAGGGAGAGGGAGGAGGAGAGGGAGAGGGAGGAGAGGGAGGAGGAGAGGGAGAGGGAGGAGAGGGAGGAGGAGAGGGAGAGGAGGAGGAGAGGAGAGGGAGGAGGAGAGGAGAGGAGAGGAGAGGAGGAGAGGAGGAGAGGAGGAGAGGGAGGAGAGGGAGGAGAGGAGGAGAGGAGGAGAGGAGGAGAGGGAGAGGAGAGGGGRGRGGSGGRGRGGSGGRGRGGSGGRRGRGRERARGGSRERARGRGRGRGEKRPRSPSSQSSSSGSPPRRPPPGRRPFFHPVGEADYFEYHQEGGPDGEPDVPPGAIEQGPADDPGEGPSTGPRGQGDGGRRKKGGWFGKHRGQGGSNPKFENIAEGLRALLARSHVERTTDEGTWVAGVFVYGGSKTSLYNLRRGTALAIPQCRLTPLSRLPFGMAPGPGPQPGPLRESIVCYFMVFLQTHIFAEVLKDAIKDLVMTKPAPTCNIRVTVCSFDDGVDLPPWFPPMVEGAAAEGDDGDDGDEGGDGDEGEEGQE,MSDEGPGTGPGNGLGQKEDTSGPDGSSGSGPQRRGGDNHGRGRGRGRGRGGGRPGAPGGSGSGPRHRDGVRRPQKRPSCIGCKGAHGGTGAGGGAGAGGAGAGGAGAGGAGAGGAGAGGAGAGGAGAGGAGAGGAGAGGAGAGGGAGAGGAGAGGAGAGGGAGAGGGAGAGGGAGAGGGAGAGGGAGAGGGAGAGGGAGAGGGAGAGGGAGAGGAGAGGAGAGGGAGAGGGAGAGGGAGAGGGAGAGGGAGAGGGAGAGGGAGAGGGAGAGGGAGAGGGAGAGGGAGAGGGAGAGGGAGAGGGAGAGGGAGAGGGAGAGGGAGAGGGGRGRGGSGGRGRGGSGGRGRGGSGGRRGRGRERARGGSRERARGRGRGRGEKRPRSPSSQSSSSGSPPRRPPPGRRPFFHPVAEADYFEYHQEGGPDGEPDMPPGAIEQGPADDPGEGPSTGPRGQGDGGRRKKGGWYGKHRGEGGSSQKFENIAEGLRLLLARCHVERTTEDGNWVAGVFVYGGSKTSLYNLRRGIGLAIPQCRLTPLSRLPFGMAPGPGPQPGPLRESIVCYFIVFLQTHIFAEGLKDAIKDLVLPKPAPTCNIKVTVCSFDDGVDLPPWFPPMVEGAAAEGDDGDDGDEGGDGDEGEEGQE
BKRF2,MRAVGVFLAICLVTIFVLPTWGNWAYPCCHVTQLRAQHLLALENISDIYLVSNQTCDGFSLASLNSPKNGSNQLVISRCANGLNVVSFFISILKRSSSALTGHLRELLTTLETLYGSFSVEDLFGANLNRYAWHRGG,MRTVGVFLATCLVTIFVLPTWGNWAYPCCHVTQLRAQHLLALENISDIYLVSNQTCDGFSLASLNSPKNGSNQLVISRCANGLNVVSFFISILKRSSSALTGHLRELLTTLETLYGSFSVEDLFGANLNRYAWHRGG
BKRF3,MASRGLDLWLDEHVWKRKQEIGVKGENLLLPDLWLDFLQLSPIFQRKLAAVIACVRRLRTQATVYPEEDMCMAWARFCDPSDIKVVILGQDPYHGGQANGLAFSVAYGFPVPPSLRNIYAELHRSLPEFSPPDHGCLDAWASQGVLLLNTILTVQKGKPGSHADIGWAWFTDHVISLLSERLKACVFMLWGAKAGDKASLINSKKHLVLTSQHPSPLAQNSTRKSAQQKFLGNNHFVLANNFLREKGLGEIDWRL,MASRGLDLWLDEHVWKRKQEIGVKGENLLLPDLWLDFLQLSPIFQRKLAAVIACVRRLRTQATVYPEEDMCMAWARFCDPSDIKVVILGQDPYHGGQANGLAFSIAYGFPVPPSLRNIYAELHRSLPEFSPPDHGCLDAWASQGVLLLNTILTVQKGKPGSHADIGWAWFTDHVISLLSERLKACVFMLWGAKAGDKASLINSKKHLVLTSQHPSPLAQNSTRKSAQQKFLGNNHFVLANNFLREKGLGEIDWRL
BKRF4,MAMFLKSRGVRSCRDRRLLSDEEEETSQSSSYTLGSQASQSIQEEDVSDTDESDYSDEDEEIDLEEEYPSDEDPSEGSDSDPSWHPSDSDESDYSESDEDEATPGSQASRSSRVSPSTQQSSGLTPTPSFSRPRTRAPPRPPAPAPVRGRASAPPRPPAPVQQSTKDKGPHRPTRPVLRGPAPRRPPPPSSPNTYNKHMMETTPPIKGNNNYNWPWL,MAMFLKSRGVRSCRDRRLLSDEEEETSQSSSYTLGSQASQSIQEEDVSDTDESDYSDEDEEIDLEEEYPSDEDPSEGSDSDPSWHPSDSDESDYSESDEDEATPGSQASRSSRVSPSTQQSSGLTPTPSFSRPRTRAPPRPPAPAPVRGRASAPPRPPAPVQQSTKDKGPHRPTRPVLRGPAPRRPPPPSSPNTYNKHMMETTPPIKGNNNYNWPWL
BBLF4,MAEEPRAPEALSSTFMLNMTSDASVRRIVRRIGTLARRRVQQLPDMETFSPEFDPELSEPPFLPFSAYVITGTAGAGKSTSVSCLHHTMDCLVTGATTVAAQNLSQTLRAYCPTVYSAFGFKSRHINMTQRVSSHGRSTDAALEELQRRDLAKYWPVLSDIAAEFRRTKPRGLYSGVSGPAFEVLRDMHQGQLWTTNVIVVDEAGTLSVHILTAVVFCYWFFNAWLRTPLYRRGRIPCIVCVGSPTQTDAFQSSFSHETQVNKIRECDNILTFLVGNPRAATYVDVARNWALFINNKRCTDVQFGHLMKTLEYGLELSPDILAYVDRFVVPRAAIMDPAQYVGWTRLFLSHAEVKTFLTTLHATLKTAGQGRAARGTGGDGGGVTMFTCPVECEVFLDPLAQYKTLVGLPGLTAHTWLQKNYARLGNYSQFADQDMVPVGTEQDEERVKVTYNVTYVKHSSVSVNCKTKKSICGYTGTFGDFMDTLEADSFVEAHGHEQPEYVYSFLARLIYGGIYAFSHGGHSLCENGEYVAELGAVPLPGRTWDPEVTAGMELGELPLEVAWDGERSPAAVFYARVLAPPAANSAPLCSLLNIYNDLRAYFRQCLDVAVRYGGREFRDLPFCTFTNNMLIRDNIEFTSDEPLLHGLLDYASTTENYTLLGYTHLNVFFGIRGKQQPQDAGSSRMPRLMVKDEAGFVCCLEHNTNKLYETIEDKSLNLCSIRDYGISSKLAMTIAKAQGLSLNKVAICFGSHRNIKPGHVYVALSRARHSNCVVMDRNPLSEMITGEGNPASGYIVDALKNSRALLVY,MAEEPRAPEALSSTFMLNMTSDASVRRIVRRIGTLAKRRVQQLPDMETFSPEFDPEISEPPFLPFSAYVITGTAGAGKSTSVSCLHHTMDCLVTGATTVAAQNLSQTLRAYCPTVYSAFGFKSRHINMTQRVSSHGRSTDAALEELQRRDMAKYWPVLSDIAAEFRRTKPRGLYSGVSGPAFEVLRDMHQGQLWTTNVIVVDEAGTLSVHILTAVVFCYWFFNAWLRTPLYRRGRIPCIVCVGSPTQTDAFQSSFSHETQVNKIRECDNILTFLVGNPRAATYVDVARNWALFINNKRCTDVQFGHLMKTLEYGLELSPDILAYVDRFVVPRAAIMDPTQYVGWTRLFLSHAEVKTFLTTLHATLKTAGQGRAARGTGGDGGGVTMFTCPVECEVFLEPLAQYKTLVGLPGLTAHTWLQKNYARLGNYSQFADQDMVPVGTEQDEERVKVTYNVTYVKHSSVSVNCKTKKSICGYTGTFGDFMDTLEADSFVEAHGHEQPEYVYSFLARLIYGGIYAFSHGGHSLCENGEYVAELGAVPLPGRTWDPEVTAGMELGELPLEVAWDGERSPAAVFYARVLAPPAANSAPLCSLLNIYNDLRAYFRQCLDVAVRYGRREFRDLPFCTFTNNMLIRDNIEFTSDEPLLHGLLDYASTTENYTLLGYTHLNVFFGIRGKQQPQDAGSSRMPRLMVKDEAGFVCCLEHNTNKLYETIEDKSLNLCSIRDYGISSKLAMTIAKAQGLSLNKVAICFGSHRNIKPGHVYVALSRARHSNCVVMDRNPLSEMITGEGNPASGYIVDALKNSRALLVY
BBRF1,MFNMNVDESASGALGSSAIPVHPTPASVRLFEILQGKYAYVQGQTIYANLRNPGVFSRQVFTHLFKRAISHCTYDDVLHDWNKFEACIQKRWPSDDSCASRFRESTFESWSTTMKLTVRDLLTTNIYRVLHSRSVLSYERYVDWICATGMVPAVKKPITQELHSKIKSLRDRCVCRELGHERTIRSIGTELYEATKEIIESLNSTFIPQFTEVTIEYLPRSDEYVAYYCGRRIRLHVLFPPAIFAGTVTFDSPVQRLYQNIFMCYRTLEHAKICQLLNTAPLKAIVGHGGRDMYKDILAHLEQNSQRKDPKKELLNLLVKLSENKTISGVTDVVEEFITDASNNLVDRNRLFGQPGETAAQGLKKKVSNTVVKCLTDQINEQFDQINGLEKERELYLKKIRSMESQLQASLGPGGNNPAASAPAAVAAEAASVDILTGSTASAIEKLFNSPSASLGARVSGHNESILNSFVSQYIPPSREMTKDLTELWESELFNTFKLTPVVDNQGQRLYVRYSSDTISILLGPFTYLVAELSPVELVTDVYATLGIVEIIDELYRSSRLAIYIEDLGRKYCPASATGGDHGIRQAPSARGDTEPDHAKSKPARDPPPGAGS,MFNMNVDESASGALGSSAIPVHPTPASVRLFEILQGKYAYVQGQTIYANLRNPGVFSRQVFTHLFKRAISHCTYDDVLHDWNKFEACIQKRWPSDDSCASRFRESTFESWSTTMKLTVRDLLTTNIYRVLHSRSVLSYERYVDWICATGMVPAVKKPITQELHSKIKSLRDRCVCRELGHERTIRSIGTELYEATREIIESLNSTFIPQFTEVTIEYLPGSDEYVAYYCGRRIRLHVLFPPAIFAGTVTFDSPVQRLYQNIFMCYRTLEHAKICQLLNTAPLKAIVGHGGRDMYKDILAHLEQNSQRKDPKKELLNLLVKLSENKTISGVTDVVEEFITDASNNLVDRNRLFGQPGETAAQGLKKKVSNTVVKCLTDQINEQFDQINGLEKERELYLKKIRSMESQLQASLGPGGNNPAASAPAAVAAEAASVDILTGSTASAIEKLFNSPSASLGARVSGHNESILNSFVSQYIPPSREMTKDLTELWESELFNTFKLTPVVDNQGQRLYVRYSSDTISILLGPFTYLVAELSPVELVTDVYATLGIVEIIDELYRSSRLAIYIEDLGRKYCPASATGGDHGIRQAPSARGDAEPDHAKSKPARDPPPGAGS
BBRF2,MASGKHHQPGGTRSLTMQKVSLRVTPRLVLEVNRHNAICVATNVPEFYNARGDLNIRDLRAHVKARMISSQFCGYVLVSLLDSEDQVDHLNIFPHVFSERMILYKPNNVNLMEMCALLSMIENAKSPSIGLCREVLGRLTLLHSKCNNLDSLFLYNGARTLLSTLVKYHDLEEGAATPGPWNEGLSLFKLHKELKRAPSEARDLMQSLFLTSGKMGCLARSPKDYCADLNKEEDANSGFTFNLFYQDSLLTKHFQCQTVLQTLRRKCLGSDTVSKIIP,MASGKHHQPGGTRSLTMQKVSLRVTPRLVLEVNRHNAICVATNVPEFYNARGDLNIRDLRAHVKARMISSQFCGYVLVSLLDSEDQVDHLNIFPHVFSERMILYKPNNVNLMEMCALLSMIENAKSPSIGLCREVLGRLTLLHSKCNNLDSLFLYNGARTLLSTLVKYHDLEEGAATPGPWNEGLSLFKLHKELKRAPSEARDLMQSLFLTSGKMGCLARSPKDYCADLNKEEDANSGFTFNLFYQDSLLTKHFQCQTVLQTLRRKCLGSDTVSKIIP
BBLF2/BBLF3,MMETPAESVRARVSSVTFYNVTQTAGRWWAIWVVGIVPIKREDVETLIVVQACQPPLGGSLEPPVVNAPSTTELNFLRWERELRRSGGLIAMLADAAEKDLFDLSFRTRDRRLLSAARVEDEQGLIFQPLFPAQVVCQSCSGDDGRDQQPPPVDGFGSEMEGEQTCPHAQRHSESPGQLDVYIRTPRGDVFTYSTETPDDPSPVPFRDILRPVTYEVDLVSSDGATGRGGDARRHRVSLKILEPAGGFESWLVNSWSMAGGGLYAFLRSIYASCYANHRGTKPIFYLLDPELCPGGSDFQPYVPGFPFLPIHYVGRARPAFWHRAPHSEGLLLLDLNLGVSGTPLADALLGLDARSGQRRGSLLLQQIWPPTRKEINPRHVCTREGGEGGGEDETTVVGRAEATAILEADATWWLYELARCHLSARGAPVGTPDGGGQARDAQTWLRALHRYGTSDTRRALGGLYTAVTRVLLHAAADLGLTWAYADEFILGFVAPTSAHPSEEPLAQAFLQGVKDSEDASRLDRDVMGGEATVARRHIRVKARRGPGCLLMAIFQGDLYVGGCREHSGPFLVWHEAFSWTLDQLAARPEADKAPPSHDHLLTLVRDLTRRLAPGRRRNRFWALPRAWLQRLRRAGLRLSGSHVCLLDKDGARPAPCQTATEHGLSPTAYFREIMAFLLDVISALHPGYTIPMEITRETDLLMTVLSLF,MMETPAESVRARVSSVTFYNVTQTAGRWWAIWVVGIVPIKREDVETLIVVQACQPPLGGSLEPPVVNAPSTTELNFLRWERELRRSGGLIAMLADAAEKDLFDLSFRTRDRRLLSAARVEDEQGLIFQPLFPAQVVCQSCSGDDGRDQQPPPVDGFGSEMEGEQTCPHAQRHSESPGQLDVYIRTPRGDVFTYSTETPDDPSPVPFRDILRPVTYEVDLVSSDGATGRGGDARRHRVSLKILEPAGGFESWLVNSWSMAGGGLYAFLRSIYASCYANHRGTKPIFYLLDPELCPGGSDFQPYVPGFPFLPIHYVGRARPAFWHRAPHSEGLLLLDLNLGVSGTPLADALLGLDARSGQRRGSLLLQQIWPPTRKEINPRHVCTREGGEGGGEDETTVVGRAEATAILEADATWWLYELARCHLSARGAPVGTPDGGGQARDAQTWLRALHRYGTSDTRRALGGLYTAVTRVLLHAAADLGLTWAYADEFILGFVAPTSAHPSEEPLAQAFLQGVKDSEDASRLDRDVMGGEATVARRHIRVKARRGPGCLLMAIFQGDLYVGGCREHSGPFLVWHEAFSWTLDQLAARPEADKAPPSHDHLLTLVRDLTRRLAPGRRRNRFWALPRAWLQRLRRAGLRLSGSHVCLLDKDGARPAPCQTATEHGLSPTAYFREIMAFLLDVISALHPGYTIPMEITRETDLLMTVLSLF
BBRF3,MKSSKNDTFVYRTWVKTLVVYFVMFVMSAVVPITAMFPNLGYPCYFNALVDYGALNLTNYNLAHHLTPTLYLEPPEMFVYITLVFIADCVAFIYYACGEVALIKARKKVSGLTDLSAWVSAVGSPTVLFLAILKLWSIQVFIQVLSYKHVFLSAFVYFLHFLASVLHACACVTRFSPVWVVKAQDNSIPQDTFLWWVVFYLKPVVTNLYLGCLALETLVFSLSVFLALGNSFYFMVGDMVLGAVNLFLILPIFWYILTEVWLASFLRHNFGFYCGMFIASIILILPLVRYEAVFVSAKLHTTVAINVAIIPILCSVAMLIRICRIFKSMRQGTDYVPVSETVELELESEPRPRPSRTPSPGRNRRRSSTSSSSSRSTRRQRPVSTQALVSSVLPMTTDSEEEIFP,MKSSKNDTFVYRTWFKTLVVYFVMFVMSAVVPITAMFPNLGYPCYFNALVDYGALNLTNYNLAHHLTPTLYLEPPEMFVYITLVFIADCVAFIYYACGEVALIKARKKVSGLTDLSAWVSAVGSPTVLFLAILKLWSIQVFIQVLSYKHVFLSAFVYFLHFLASVLHACACVTRFSPVWVVKAQDNSIPQDTFLWWVVFYLKPIVTNLYLGCLALETLVFSLSVFLALGNSFYFMVGDMVLGAVNLFLVLPIFWYILTEVWLASFLRHNFGFYCGMFIASIILILPLVRYEAVFVSAKLHTTVAINVAIIPILCSVAMLIRICRIFKSMRQGTDYVPVSETVELELESEPRPRPSRTPSPGRNRRRSSTSSSSSRSTRRQRPVSTQALISSVLPMTTDSEEEIFP
BBLF1,MGALWSLCRRRVNSIGDVDGGIINLYNDYEEFNLETTKLIAAEEGRACGETNEGLEYDEDSENDELLFLPNKKPN,MGALWSLCRRRVNSIGDVDGGIINLYNDYEEFNLETTKLIAAEEGRACGETNEGLEYDEDSENDELLFLPNKKPN
BGLF5,MADVDELEDPMEEMTSYTFARFLRSPETEAFVRNLDRPPQMPAMRFVYLYCLCKQIQEFSGETGFCDFVSSLVQENDSKDGPSLKSIYWGLQEATDEQRTVLCSYVESMTRGQSENLMWDILRNGIISSSKLLSTIKNGPTKVFEPAPISTNHYFGGPVAFGLRCEDTVKDIVCKLICGDASANRQFGFMISPTDGIFGVSLDLCVNVESQGDFILFTDRSCIYEIKCRFKYLFSKSEFDPIYPSYTALYKRPCKRSFIRFINSIARPTVEYVPDGRLPSEGDYLLTQDEAWNLKDVRKRKLGPGHDLVADSLAANRGVESMLYVMTDPSENAGRIGIKDRVPVNIFINPRHNYFYQVLLQYKIVGDYVRHSGGGKPGRDCSPRVNIVTAFFRKRSPLDPATCTLGSDLLLDASVEIPVAVLVTPVVLPDSVIRKTLSTAAGSWKAYADNTFDTAPWVPSGLFADDESTP,MADVDELEDPMEEMTSYTFARFLRSPETEAFVRNLDRPPQMPAMRYVYLYCLCEQIQEFSGETGFCDFVSSLVQENDSQDGPSLKSIYWGLQEATDEQRTVLCSYVESMTRGQSENLMWDILRNGIISSSKLLSTIKNGPTKVFEPAPISTNHYFGGPVAFGLRCEDTVKDIVCKLICGDASANRQFGFMISPTDGIFGVSLDLCVNVESQGDFILFTDRSCIYEIKCRFKYLFSKSEFDPIYPSYTALYKRPCKRSFIRFINSIARPTVEYVPDGRLPSEGDYLLTQDEAWNLKDVRKRKLGPGHDLVADSLAANRGVESMLYVMTDPSENAGRIGIKDRVPVNIFINPRHNYFYQVLLQYKIVGDYVRHSGGGKPGRDCSPRVNIVTAFFRKRSPLDPATCTLGSDLLLDASVEIPVAVLVTPVVLPDSVIRKTLSTAAGSWKAYADNTFDTAPWVPSGLFADDESTP
BGLF4,MDVNMAAELSPTNSSSSGELSVSPEPPRETQAFLGKVTVIDYFTFQHKHLKVTNIDDMTETLYVKLPENMTRCDHLPITCEYLLGRGSYGAVYAHADNATVKLYDSVTELYHELMVCDMIQIGKATAEDGQDKALVDYLSACTSCHALFMPQFRCSLQDYGHWHDGSIEPLVRGFQGLKDAVYFLNRHCGLFHSDISPSNILVDFTDTMWGMGRLVLTDYGTASLHDRNKMLDVRLKSSKGRQLYRLYCQREPFSIAKDTYKPLCLLSKCYILRGAGHIPDPSACGPVGAQTALRLDLQSLGYSLLYGIMHLADSTHKIPYPNPDMGFDRSDPLYFLQFAAPKVVLLEVLSQMWNLNLDMGLTSCGESPCVDVTAEHMSQFLQWCRSLKKRFKESYFFNCRPRFEHPHLPGLVAELLADDFFGPDGRRG,MDVNMAAELSPTNSSSSGELSVSPEPPRETQAFLGKVTVIDYFTFQHKHLKVTNIDDMTETLYVKLPENMTRCDHLPITCEYLLGRGSYGAVYAHADNATVKLYDSVTELYHELMVCDMIQIGKATAEDGQDKALVDYLSACTSCHALFMPQFRCSLQDYGHWHDGSIEPLVRGFQGLKDAVYFLNRHCGLFHSDISPSNILVDFTDTMWGMGRLVLTDYGTASLHDRNKMLDVRLKSSKGRQLYRLYCQREPFSIAKDTYKPLCLLSKCYILRGAGHIPDPSACGPVGAQTALRLDLQSLGYSLLYGIMHLADSTHKIPYPNPDMGFDRSDPLYFLQFAAPKVVLLEVLSQMWNLNLDMGLTSCGESPCVDVTAEHMSQFLQWCRSLKKRFKESYFFNCRPRFEHPHLPGLVAELLADDFFGPDGRRG
BGLF3.5,MKMSSSKRDLVAQQLRASVEKRAAVSARDRFGRDHALFETQFTSARGALESLRHARETFESKQLISTYQRVVTATKTQFPKINYKQLERVEELREQELEARDELRQALEPFEEHGCEYGCGVEPDELLQQWRVECLPRTPSRDPGLFGEGDCH,MKMSSSKRDLVAQQLRASVEKRAAVSARDRFGRDHALFETQFTSARGALESLRRARETFESKQLISTYQRVVTATKTQFPKINYKQLERVEELREQELEARDELRQALEPFEEHGCEYGCGVEPDELLQQWRVECLPRTPSRDPGLFGEGDCH
BGLF3,MFNAVKADMPDDPMLARRYGQCLELALEACQDTPEQFKLVETPLKSFLLVSNILPQDNRPWHEARSSGRVAEDDYDFSSLALELLPLNPRLPEEWQFGGQGWSSRMEPSQPEMGMGLCFEVFDGDLMRIALAWNKDEVIGQALQILAHSQTWTSLVPEDPLPWMWALFYGPRSHCEERHCVYAAARGKRGPILLPTAVYTPCANIEAFLAHLTRCVYALYLDVRDWKGEDIAPPFDVSRLNKMAKQLCLLPQEPFCITRVCLLCLLHKQNLNAQYKRPVDTYDPCLILTGEAERYMVDAVGNYREASTGTTVLYPTYDLGSIVADMVTYEDE,MFNAVKADMPDDPMLARRYGQCLELALEACQDTPEQFKLVETPLKSFLLVSNILPQDNRPWHEARSSGRVAEDDYDFSSLALELLPLNPRLPEEWQFGGQGWSSRMEPSQPEMGMGLCFEVFDGDLMRIALAWNKDEVIGQALQILAHSHTWTSLVPEDPLPWMWALFYGPRSHCEERHCVYAAARGKRGPILLPTAVYTPCANIEAFLAHLTRCVYALYLDVRDWKGEDIAPPFDVSRLNKMAKQLCLLPQEPFCITRVCLLCLLHKQNLNAQYKRPVDTYDPCLILTGEAERYMVDAVGNYREASTGTTVLYPTYDLGSIVADMVTYEDE
BGRF1/BDRF1,MLYASQRGRLTENLRNALQQDSTTQGCLGAETPSIMYTGAKSDRWAHPLVGTIHASNLYCPMLRAYCRHYGPRPVFVASDESLPMFGASPALHTPVQVQMCLLPELRDTLQRLLPPPNLEDSEALTEFKTSVSSARAILEDPNFLEMREFVTSLASFLSGQYKHKPARLEAFQKQVVLHSFYFLISIKSLEITDTMFDIFQSAFGLEEMTLEKLHIFKQKASVFLIPRRHGKTWIVVAIISLILSNLSNVQIGYVAHQKHVASAVFTEIIDTLTKSFDSKRVEVNKETSTITFRHSGKISSTVMCATCFNKNSIRGQTFHLLFVDEANFIKKEALPAILGFMLQKDAKIIFISSVNSADQATSFLYKLKDAQERLLNVVSYVCQEHRQDFDMQDSMVSCPCFRLHIPSYITMDSNIRATTNLFLDGAFSTELMGDTSSLSQGSLSRTVRDDAINQLELCRVDTLNPRVAGRLASSLYVYVDPAYTNNTSASGTGIAAVTHDRADPNRVIVLGLEHFFLKDLTGDAALQIATCVVALVSSIVTLHPHLEEVKVAVEGNSSQDSAVAIASIIGESCPLPCAFVHTKDKTSSLQWPMYLLTNEKSKAFERLIYAVNTASLSASQVTVSNTIQLSFDPVLYLISQIRAIKPIPLRDGTYTYTGKQRNLSDDVLVALVMAHFLATTQKHTFKKVH,MLYASQRGRLTENLRNALQQDSTTQGCLGAETPSIMYTGAKSDRWAHPLVGTIHASNLYCPMLRAYCRHYGPRPVFVASDESLPMFGASPALHTPVQVQMCLLPELRDTLQRLLPPPNLEDSEALTEFKTSVSSARAILEDPNFLEMREFVTSLASFLSGQYKHKPARLEAFQKQVVLHSFYFLISIKSLEITDTMFDIFQSAFGLEEMTLEKLHIFKQKASVFLIPRRHGKTWIVVAIISLILSNLSNVQIGYVAHQKHVASAVFTEIIDTLTKSFDSKRVEVNKETSTITFRHSGKISSTVMCATCFNKNSIRGQTFHLLFVDEANFIKKEALPAILGFMLQKDAKIIFISSVNSADQATSFLYKLKDAQERLLNVVSYVCQEHRQDFDMQDSMVSCPCFRLHIPSYITMDSNIRATTNLFLDGAFSTELMGDTSSLSQGSLSRTVRDDAINQLELCRVDTLNPRVAGRLASSLYVYVDPAYTNNTSASGTGIAAVTHDRADPNRVIVLGLEHFFLKDLTGDAALQIATCVVALVSSIVTLHPHLEEVKVAVEGNSSQDSAVAIASIIGESCPLPCAFVHTKDKTSSLQWPMYLLTNEKSKAFERLIYAVNTASLSASQVTVSNTIQLSFDPVLYLISQIRAIKPIPLRDGTYTYTGKQRNLSDDVLVALVMAHFLATTQKHTFKKVH
BGLF2,MASAANSSREQLRKFLNKECLWVLSDASTPQMKVYTATTAVSAVYVPQIAGPPKTYMNVTLIVLKPKKKPTYVTVYINGTLATVARPEVLFTKAVQGPHSLTLMYFGVFSDAVGEAVPVEIRGNPVVTCTDLTTAHVFTTSTAVKTVEELQDITPSEIIPLGRGGAWYAEGALYMFFVNMDMLMCCPNMPTFPSLTHFINLLTRCDNGECVTCYGAGAHVNILRGWTEDDSPGTSGTCPCLLPCTALNNDYVPITGHRALLGLMFKPEDAPFVVGLRFNPPKMHPDMSRVLQGVLANGKEVPCTAQPWTLLRFSDLYSRAMLYNCQVLKRQVLHSY,MASAANSSREQLRKFLNKECLWVLSDASTPQMKVYTATTAVSAVYVPQIAGPPKTYMNVTLIVLKPKKKPTYVTVYINGTLATVARPEVLFTKAVQGPHSLTLMYFGVFSDAVGEAVPVEIRGNPVVTCTDLTTAHVFTTSTAVKTVEELQDITPSEIIPLGRGGAWYAEGALYMFFVNMDMLMCCPNMPTFPSLTHFINLLTRCDNGECVTCYGAGAHVNILRGWTEDDSPGTSGTCPCLLPCTALNNDYVPITGHRALLGLMFKPEDAPFVVGLRFNPPKMHPDMSRVLQGVLANGKEVPCTAQPWTLLRFSDLYSRAMLYNCQVLKRQVLHSY
BGLF1,MDVHIDNQVLSGLGTPLLVHLFVPDTVMAELCPNRVPNCEGAWCQTLFSDRTGLTRVCRVFAARGMLPGRPSHRGTFTSVPVYCDEGLPELYNPFHVAALRFYDEGGLVGELQIYYLSLFEGAKRALTDGHLIREASGVQESAAAMQPIPIDPGPPGGAGIEHMPVAAAQVEHPKTYDLKQILLEITQEENRGEQRLGHAGSPALCLGLRLRAGAETKAAAETSVSKHHPALENPSNIRGSAGGEGGGGRAGTGGTVGVGSGALSRVPVSFSKTRRAIRESRALVRGIAHIFSPHALYVVTYPELSAQGRLHRMTAVTHASPATDLAEVSILGAPEREFRFLISVALRISASFREKLAMQAWTAQQEIPVVIPTSYSRIYKNSDLIREAFFTVQTRVSWESCWVKATISNAPKTPDACLWIDSHPLYEEGASAWGKVIDSRPPGGLVGAASQLVALGTDGHCVHLATTSDGQAFLVLPGGFVIKGQLALTPEERGYILARHGIRREQ,MDVHIDNQVLSGLGTPLLVHLFVPDTVMAELCPNRVPNCEGAWCQTLFSDRTGLTRVCRVFAARGMLPGRPSHRGTFTSVPVYCEEGLPELYNPFHVAALRFYDEGGLVGELQIYYLSLFEGAKRALTDGHLIREASGVQESAAAMQPIPIDPGPPGGAGIEHMPMAAAQVEHPKTYDLKQILLEITQEENRGEQRLGHAGSPALCLGLRLRAGAETKAAAETSVSKHHPALENPSNIRGSAGGEGGGGRAGTGGTVGVGSGALSRVPVSFSKTRRAIRESRALVRGIAHIFSPHALYVVTYPELSAQGRLHRMTAVTHASPATDLAEVSILGAPEREFRFLISVALRISASFREKLAMQAWTAQQEIPVVIPTSYSRIYKNSDLIREAFFTVQTRVSWESCWVKAISNAPKTPDACLWIDSHPLYEEGASAWGKVIDSRPPGGLVGAASQLVALGTDGHCVHLATTSDGQAFLVLPGGFVIKGQLALTPEERGYILARHGIRREQ
BDLF4,MSDQGRLSLPRGEGGTDEPNPRHLCSYSKLEFHLPLPESMASVFACWGCGEYHVCDGSSECTLIETHEGVVCALTGNYMGPHFQPALRPWTEIRQDTQDQRDKWEPEQVQGLVKTVVNHLYHYFLNENVISGVSEALFDQEGALRPHIPALVSFVFPCCLMLFRGASSEKVVDVVLSLYIHVIISIYSQKTVYGALLFKSTRNKRYDAVAKRMRELWMSTLTTKC,MSDQGRLSLPRGEGGTDEPNPRHLCSYSKLEFHLPLPESMASVFACWGCGEYHVCDGSSECTLIETHEGVVCALTGNYMGPHFQPALRPWTEIRQDTQDQRDKWEPEQVQGLVKTVVNHLYHYFLNENVISGVSEALFDQEGALRPHIPALVSFVFPCCLMLFRGASSEKVVDVVLSLYIHVIISIYSQKTVYGALLFKSTRNKRYDAVAKRMRELWMSTLTTKC
BDLF3.5,MSAPGCSERQDKKRGTIGEREFGELLSWDPTDLPRTVARVYVAVGGLFEQEVSEVQRLENICTLLDLAGVECQTKAD,MSAPGCSERQDKKRVTIGETEFGQLLSWDPTDLPRTVARVYVAVGGLFEQEVSEVQRLENICTLLDLAGVECQTKAD
BDLF3,MAHARDKAGAVMAMILICETSLIWTSSGSSTASAGNVTGTTAVTTPSPSASGPSTNQSTTLTTTSAPITTTAILSTNTTTVTFTGTTVTPVPTTSNASTINVTTKVTAQNITATEAGTGTSTGVTSNVTTRSSSTTSATTRITNATTLAPTLSSKGTSNATKTTAELPTVPDERQPSLSYGLPLWTLVFVGLTFLMLILIFAAGLMMSAKNKPLDEALLTNAVTRDPSLYKGLV,MAHARDKAGAVLAMILICETSLIWTSSGSSTASAGNVTGTTAVTTPSPSASGPSTNQSTTLTTTSAPITTTAILSTNTTTVTSTGTTVTPVPTTSNASTINVTTKVTAQNITATEAGTGTSTGVTSNVTTRSSTTTSATTRITNATTLAPTLSSKGTSNATKTTAELPTVPDERQPSLSYGLPLWTLVFVGLTFLMLILIFAAGLMMSAKNKPLDEALLTNAVTRDPSLYKGLV
BDLF2,MVDEQVAVEHGTVSHTISREEDGVVHERRVLASGERVEVFYKAPAPRPREGRASTFHDFTVPAAAAVPGPEPEPEPHPPMPIHANGGGETKTNTQDQNQNQTTRTRTNAKAEERTAEMDDTMASSGGQRGAPISADLLSLSSLTGRMAAMAPSWMKSEVCGERMRFKEDVYDGEAETLAEPPRCFMLSFVFIYYCCYLAFLALLAFGFNPLFLPSFMPVGAKVLRGKGRDFGVPLSYGCPTNPFCKVYTLIPAVVINNVTYYPNNTDSHGGHGGFEAAALHVAALFESGCPNLQAVTNRNRTFNVTRASGRVERRLVQDMQRVLASAVVVMHHHCHYETYYVFDGVGPEFGTIPTPCFKDVLAFRPSLVTNCTAPLKTSVKGPNWSGAAGGMKRKQCRVDRLTDRSFPAYLEEVMYVMVQ,MVDEQVAVEHGTVSHTISREEDGVVHERRVLASGERVEVFYKAPAPRPREGRASTFHDFTVPAAAAVPGPEPEPEPHPPMPIHANGGGETKTNTQDQNQNQTTRTRTNAKAEERTAEMDDTMASSGGQRGAPISADLLSLSSLTGRMAAMAPSWMKSEVCGERMRFKEDVYDGEAETLAEPPRCFMLSFVFIYYCCYLAFLALLAFGFNPLFLPSFMPVGAKVLRGKGRDFGVPLSYGCPTNPFCKVYTLIPAVVINNVTYYPNNTDSHGGHGGFEAAALHVAALFESGCPNLQAVTNRNRTFNVTRASGRVERRLVQDMQRVLASAVVVMHHHCHYETYYVFDGVGPEFGTIPTPCFKDVLAFRPSLVTNCTAPLKTSVKGPNWSGAAGGMKRKQCRVDRLTDRSFPAYLEEVMYVMVQ
BDLF1,MDLKVVVSLSSRLYTDEIAKMQQRIGCILPLASTHGTQNVQGLGLGQVYSLETVPDYVSMYNYLSDCTLAVLDEVSVDSLILTKIVPGQTYAIKNKYQPFFQWHGTGSLSVMPPVFGREHATVKLESNDVDIVFPMVLPTPIAEEVLQKILLFNVYSRVVMQAPGNADMLDVHMHLGSVSYLGHHYELALPEVPGPLGLALLDNLSLYFCIMVTLLPRASMRLVRGLIRHEHHDLLNLFQEMVPDEIARIDLDDLSVADDLSRMRVMMTYLQSLASLFNLGPRLATAAYSQETLTATCWLR,MDLKVVVSLSSRLYTDEIAKMQQRIGCILPLASTHGTQNVQGLGLGQVYSLETVPDYVSMYNYLSDCTLAVLDEVSVDSLILTKIVPGQTYAIKNKYQPFFQWHGTGSLSVMPPVFGREHATVKLESNDVDIVFPMVLPTPIAEEVLQKILLFNVYSRVVMQAPGNADMLDVHMHLGSVSYLGHHYELALPEVPGPLGLALLDNLSLYFCIMVTLLPRASMRLVRGLIRHEHYDLLNLFQEMVPDEIARIDLDDLSVADDLSRMRVMMTYLQSLASLFNLGPRLATAAYSQETLTATCWLR
BcLF1,MASNEGVENRPFPYLTVDADLLSNLRQSAAEGLFHSFDLLVGKDAREAGIKFEVLLGVYTNAIQYVRFLETALAVSCVNTEFKDLSRMTDGKIQFRISVPTIAHGDGRRPSKQRTFIVVKNCHKHHISTEMELSMLDLEILHSIPETPVEYAEYVGAVKTVASALQFGVDALERGLINTVLSVKLRHAPPMFILQTLADPTFTERGFSKTVKSDLIAMFKRHLLEHSFFLDRAENMGSGFSQYVRSRLSEMVAAVSGESVLKGVSTYTTAKGGEPVGGVFIVTDNVLRQLLTFLGEEADNQIMGPSSYASFVVRGENLVTAVSYGRVMRTFEHFMARIVDSPEKAGSTKSDLPAVAAGVEDQPRVPISAAVIKLGNHAVAVESLQKMYNDTQSPYPLNRRMQYSYYFPVGLFMPNPKYTTSAAIKMLDNPTQQLPVEAWIVNKNNLLLAFNLQNALKVLCHPRLHTPAHTLNSLNAAPAPRDRRETYSLQHRRPNHMNVLVIVDEFYDNKYAAPVTDIALKCGLPTEDFLHPSNYDLLRLELHPLYDIYIGRDAGERARHRAVHRLMVGNLPTPLAPAAFQEARGQQFETATSLAHVVDQAVIETVQDTAYDTAYPAFFYVVEAMIHGFEEKFVMNVPLVSLCINTYWERSGRLAFVNSFSMIKFICRHLGNNAISKEAYSMYRKIYGELIALEQALMRLAGSDVVGDESVGQYVCALLDPNLLPPVAYTDIFTHLLTVSDRAPQIIIGNEVYADTLAAPQFIERVGNMDEMAAQFVALYGYRVNGDHDHDFRLHLGPYVDEGHADVLEKIFYYVFLPTCTNAHMCGLGVDFQHVAQTLAYNGPAFSHHFTRDEDILDNLENGTLRDLLEISDLRPTVGMIRDLSASFMTCPTFTRAVRVSVDNDVTQQLAPNPADKRTEQTVLVNGLVAFAFSERTRAVTQCLFHAIPFHMFYGDPRVAATMHQDVATFVMRNPQQRAVEAFNRPEQLFAEYREWHRSPMGKYAAECLPSLVSISGMTAMHIKMSPMAYIAQAKLKIHPGVAMTVVRTDEILSENILFSSRASTSMFIGTPNVSRREARVDAVTFEVHHEMASIDTGLSYSSTMTPARVAAITTDMGIHTQDFFSVFPAEAFGNQQVNDYIKAKVGAQRNGTLLRDPRTYLAGMTNVNGAPGLCHGQQATCEIIVTPVTADVAYFQKSNSPRGRAACVVSCENYNQEVAEGLIYDHSRPDAAYEYRSTVNPWASQLGSLGDIMYNSSYRQTAVPGLYSPCRAFFNKEELLRNNRGLYNMVNEYSQRLGGHPATSNTEVQFVVIAGTDVFLEQPCSFLQEAFPALSASSRALIDEFMSVKQTHAPIHYGHYIIEEVAPVRRILKFGNKVVF,MASNEGVENRPFPYLTVDADLLSNLRQSAAEGLFHSFDLLVGKDAREAGIKFEVLLGVYTNAIQYVRFLETALAVSCVNTEFKDLSRMTDGKIQFRISVPTIAHGDGRRPSKQRTFIVVKNCHKHHISTEMELSMLDLEILHSIPETPVEYAEYVGAVKTVASALQFGVDALERGLINTVLSVKLRHAPPMFILQTLADPTFTERGFSKTVKSDLIAMFKRHLLEHSFFLDRAENMGSGFSQYVRSRLSEMVAAVSGESVLKGVSTYTTAKGGEPVGGVFIVTDNVLRQLLTFLGEEADNQIMGPSSYASFVVRGENLVTAVSYGRVMRTFEHFMARIVDSPEKAGSTKSDLPAVAAGVEDQPRVPISAAVIKLGNHAVAVESLQKMYNDTQSPYPLNRRMQYSYYFPVGLFMPNPKYTTSAAIKMLDNPTQQLPVEAWIVNKNNLLLAFNLQNALKVLCHPRLHTPAHTLNSLNAAPAPRDRRETYSLQHRRPNHMNVLVIVDEFYDNKYAAPVTDIALKCGLPTEDFLHPSNYDLLRLELHPLYDIYIGRDAGERARHRAVHRLMVGNLPTPLAPAAFQEARGQQFETATSLAHVVDQAVIETVQDTAYDTAYPAFFYVVEAMIHGFEEKFVMNVPLVSLCINTYWERAGRLAFVNSFSMIKFICRHLGNNAISKEAYSMYRKIYGELIALEQALMRLAGSDVVGDESVGQYVCALLDPNLLPPVAYTDIFTHLLTVSDRAPQIIIGNEVYADTLAAPQFIERVGNMDEMAAQFVALYGYRVNGDHDHDFRLHLGPYVDEGHADVLEKIFYYVFLPTCTNAHMCGLGVDFQHVAQTLAYNGPAFSHHFTRDEDILDNLENGTLRDLLEISDLRPTVGMIRDLSASFMTCPTFTRTVRVSVDNDVTQQLAPNPADKRTEQTVLVNGLVAFAFSERTRAVTQCLFHAIPFHMFYGDPRVAATMHQDVATFVMRNPQQRAVEAFNRPEQLFAEYREWHRSPMGKYAAECLPSLVSISGMTAMHIKMSPMAYIAQAKLKIHPGVAMTVVRTDEILSENILFSSRASTSMFIGTPNVSRREARVDAVTFEVHHEMASIDTGLSYSSTMTPARVAAITTDMGIHTQDFFSVFPAEAFGNQQVNDYIKAKVGAQRNGTLLRDPRTYLAGMTNVNGAPGLCHGQQATCEIIVTPVTADVAYFQKSNSPRGRAACVVSCENYNQEVAEGLIYDHSRPDAAYEYRSTVNPWASQLGSLGDIMYNSSYRQTAVPGLYSPCRAFFNKEELLRNNRGLYNMVNEYSQRLGGHPATSNTEVQFVVIAGTDVFLEQPCSFLQEAFPALSASSRALIDEFMSVKQTHAPIHYGHYIIEEVAPVRRILKFGNKVVF
BcRF1,MTQGKREMGGGLEGFSSQLGLFYALACNRSPPTLPEDATLLIKWLDTALGREATFYACRAMRRLLLGVIRMNDCQELPPGLIILSPGTVPGPLGVQSLEHTDCEIWSSAHPDHAAHLPVPRVITYTDCPGSINTSSMFRLIIRYLSHHQFERCFEQFCRVVPRRFLGTCKRNSAKMLAHLNQVTRIPPCPPFSGREARLKFHFFSWSTFMLSWPNNATLREIRTRAATNLTHHPHLVDTLYHASPQTPFLTRSGALYRFVTCCNCTLPNISIQQCKAGDRPGDLEIILQSNGGGRPASFQFPSSPTGSLLRCIVAASLLPEVSVGHQELSPLRSRSQGGQTDVRSGPDPARRLVALLRREDGAPKDPPLGPFGHPRGPGPAKSEDEESERRDAPPPPLDSSFQASRLVPVGPGFRLLVFNTNRVINTKLVCSEPLVKMRVCNVPRLINNFVARKYVVKETAFTVSLFFTDGVGANLAINVNISGTYLSFLLAMTSLRCFLPVEAIYPAAVSNWNSTLDLHGLENQSLVRENRSGVFWTTNFPSVVSCRDGLNVSWFKAATATISRVHGQTLEQHLIREITPIVTHREAKISRIKNRLFTLLELRNRSQIQVLHKRFLEGLLDCASLLRLDPSCINRIASEGLFDFSKRSIAHSKNRHECALLGHRHSANVTKLVVNERKTRLDILGRNANFLTRCKHQVNLRQSPIFLTLLRHIRRRLGLGRASVKREITLLLAHLRKKTAPIHCRDAQV,MTQGKREMGGGLEGFSSQLGLFYALACNRSPPALPEDATLLIKWLDTALGREATFYACRAMRRLLLGVIRINDCQELPPGLIILSPGTVPGPLGVQSLEHTDCEIWSSAHPDHAAHLPVPRVITYTDCPGSISTSSMFRLIIRYLSHHQFERCFEQFCRVVPRRFLGTCKQNSAKMLAHLKQVTRIPPCPPFSGREARLKFHFFSWSTFMLSWPNNATLREIRTRAATNLTHHPHLVDTLYHASPQTPFLTRSGALYRFVTCCNCTLPNISIQQCKAGDRPGDLEIILQSNGGGRPASFQFPSSPTGALLRCIVAAALLPEVSVGHQELSPLMSRSHGGQTDVRSGPDPARRLVALLRREDGAPKDPPLGPFGHPRGPGPAKSEDEESERRDAPPPPLDFSFQASRLVPVGPGFRLLVFNTNRVINTKLVCSEPLVKMRVCNVPRLINNFVARKYVVKETAFTVSLFFTDGVGANLAINVNISGTYLSFLLAMTSLRCFLPVEAIYPAAVSNWNSTLDLHGLENQSLVRENRSGVFWTTNFPSVVSCQDGLNVSWFKAATATISRVHGRTLEQHLIREITPIVTHREAKISRIKNRLFTLLELRNRSQIQVLHKRFLEGLLDCASLLRLDPSCINRIASEGLFDFSKRSIAHSKNRHECALLGHRHSANVTKLVVNERKTRLDILGRNANFLTRCKHQVNLRQSPIFLTLLRHIRRRLGLGRASVKREITLLLAHLRKKTAPIHCRDAQV
BTRF1,MLKCKQPGARFIHGAVHLPSGQIVFHTIHSPTLASALGLPGENVPIPALFRASGLNVRESLPMTNMRAPIISLARLILAPNPYILEGQLTVGMTQDNGIPVLFARPVIEVKSGPESNIKASSQLMIAEDSCLNQIAPFSASEHPAFSMVESVKRVRVDEGANTRRTIRDILEIPVTVLSSLQLSPTKSILKKAPEPPPPEPQATFDATPYARIFYDIGRQVPKLGNAPAAQVSNVLIANRSHNSLRLVPNPDLLPLQHLYLKHVVLKSLNLENIVQDFEAIFTSPSDTISEAETKAFEKLVEQAKNTVENIVFCLNSICSTSTLPDVVPDVNNPNISLALEKYFLMFPPSGTIMRNVRFATPIVRLLCQGAELGTMAQFLGKYIKVKKETGMYTLVKLYYLLRI,MLKCKQPGARFIHGAVHLPSGQIVFHTIHSPTLASALGLPGENVPIPALFRASGLNVRESLPMTNMRAPIISLARLILAPNPYILEGQLTVGMTQDNGIPVLFARPVIEVKSGPESNIKASSQLMIAEDSCLNQIAPFSASEHPAFSMVESVKRVRVDEGANTRRTIRDILEIPVTVLSSLQLSPTKSILKKAPEPPPPEPQATFDAAPYARIFYDIGRQVPKLGNAPAAQVSNVLIANRSHNSLRLVPNPDLLPLQHLYLKHVVLKSLNLENIVQDFEAIFTSPSDTISEAETKAFEKLVEQAKNTVENIVFCLNSICSTSTLPDVVPDVNNPNISLALEKYFLMFPPSGTIMRNVRFATPIVRLLCQGAELGTMAQFLGKYIKVKKETGMYTLVKLYYLLRI
BXLF2,MQLLCVFCLVLLWEVGAASLSEVKLHLDIEGHASHYTIPWTELMAKVPGLSPEALWREANVTEDLASMLNRYKLIYKTSGTLGIALAEPVDIPAVSEGSMQVDASKVHPGVISGLNSPACMLSAPLEKQLFYYIGTMLPNTRPHSYVFYQLRCHLSYVALSINGDKFQYTGAMTSKFLMGTYKRVTEKGDEHVLSLVFGKTKDLPDLRGPFSYPSLTSAQSGDYSLVIVTTFVHYANFHNYFVPNLKDMFSRAVTMTAASYARYVLQKLVLLEMKGGCREPELDTETLTTMFEVSVAFFKVGHAVGETGNGCVDLRWLAKSFFELTVLKDIIGICYGATVKGMQSYGLERLAAMLMATVKMEELGHLTTEKQEYALRLATVGYPKAGVYSGLIGGATSVLLSAYNRHPLFQPLHTVMRETLFIGSHVVLRELRLNVTTQGPNLALYQLLSTALCSALEIGEVLRGLALGTESGLFSPCYLSLRFDLTRDKLLSMAPQEATLDQAAVSNAVDGFLGRLSLEREDRDAWHLPAYKCVDRLDKVLMIIPLINVTFIISSDREVRGSALYEASTTYLSSSLFLSPVIMNKCSQGAVAGEPRQIPKIQNFTRTQKSCIFCGFALLSYDEKEGLETTTYITSQEVQNSILSSNYFDFDNLHVHYLLLTTNGTVMEIAGLYEERAHVVLAIILYFIAFALGIFLVHKIVMFFL,MQLLCVFCLVLLWEVGAASLSEVKLHLDIEGHASHYTIPWTELMAKVPGLSPEALWREANVTEDLASMLNRYKLIYKTSGTLGIALAEPVDIPAVSEGSMQVDASKVHPGVISGLNSPACMLSAPLEKQLFYYIGTMLPNTRPHSYVFYQLRCHLSYVALSINGDKFQYTGAMTSKFLMGTYKRVTEKGDEHVLSLIFGKTKDLPDLRGPFSYPSLTSAQSGDYSLVIVTTFVHYANFHNYFVPNLKDMFSRAVTMTAASYARYVLQKLVLLEMKGGCREPELDTETLTTMFEVSVAFFKVGHAVGETGNGCVDLRWLAKSFFELTVLKDIIGICYGATVKGMQSYGLERLAAVLMATVKMEELGHLTTEKQEYALRLATVGYPKAGVYSGLIGGATSVLLSAYNRHPLFQPLHTVMRETLFIGSHVVLRELRLNVTTQGPNLALYQLLSTALCSALEIGEVLRGLALGTESGLFSPCYLSLRFDLTRDKLLSMAPQEAMLDQAAVSNAVDGFLGRLSLEREDRDAWHLPAYKCVDRLDKVLMIIPLINVTFIISSDREVRGSALYEASTTYLSSSLFLSPVIMNKCSQGAVAGEPRQIPKIQNFTRTQKSCIFCGFALLSYDEKEGLETTTYITSQEVQNSILSSNYFDFDNLHVHYLLLTTNGTVMEIAGLYEERAHVVLAIILYFIAFALGIFLVHKIVMFFL
BXLF1,MAGFPGKEAGPPGGWRKCQEDESPENERHENFYAEIDDFAPSVLTPTGSDSGAGEEDDDGLYQVPTHWPPLMAPTGLSGERVPCRTQAAVTSNTGNSPGSRHTSCPFTLPRGAQPPAPAHQKPTAPTPKPRSRECGPSKTPDPFSWFRKTSCTEGGADSTSRSFMYQKGFEEGLAGLGLDDKSDCESEDESNFRRPSSHSALKQKNGGKGKPSGLFEHLAAHGREFSKLSKHAAQLKRLSGSVMNVLNLDDAQDTRQAKAQRKESMRVPIVTHLTNHVPVIKPACSLFLEGAPGVGKTTMLNHLKAVFGDLTIVVPEPMRYWTHVYENAIKAMHKNVTRARHGREDTSAEVLACQMKFTTPFRVLASRKRSLLVTESGARSVAPLDCWILHDRHLLSASVVFPLMLLRSQLLSYSDFIQVLATFTADPGDTIVWMKLNVEENMRRLKKRGRKHESGLDAGYLKSVNDAYHAVYCAWLLTQYFAPEDIVKVCAGLTTITTVCHQSHTPIIRSGVAEKLYKNSIFSVLKEVIQPFRADAVLLEVCLAFTRTLAYLQFVLVDLSEFQDDLPGCWTEIYMQALKNPAIRSQFFDWAGLSKVISDFERGNRD,MAGFPGKEAGPPGGWRKCQEDESPENERHENFYAEIDDFAPSVLTPTGSDSGAGEEDDDGLYQVPTHWPPLMAPTGLSGERVPCRTQAAVTSNTGNSPGSRHTSCPFTLPRGAQPPAPAHQKPTAPTPKPRSRECGPSKTPDPFSWFRKTSCTEGGADSTSRSFMYQKGFEEGLAGLGLDDKSDCESEDESNFRRPSSHSALKQKNGGKGKPSGLFEHLAAHGREFSKLSKHAAQLKRLSGSVMNVLNLDDAQDTRQAKAQRKESTRVPIVTHLTNHVPVIKPACSLFLEGAPGVGKTTMLNHLKAVFGDLTIVVPEPMRYWTHVYENAIKAMHKNVTRARHGREDTSAEVLACQMKFTTPFRVLASRKRSLLVTESGARSVAPLDCWILHDRHLLSASVVFPLMLLRSQLLSYSDFIQVLATFTADPGDTIVWMKLNVEENMRRLKKRGRKHESGLDAGYLKSVNDAYHAVYCAWLLTQYFAPEDIVKVCAGLTTITTVCHQSHTPIIRSGVAEKLYKNSIFSVLKEVIQPFRADAVLLEVCLAFTRTLAYLQFVLVDLSEFQDDLPGCWTEIYMQALKNPAIRSQFFDWAGLSKVISDFERGNRD
BXRF1,MDPTRGLCALSTHDLAKFHSLPPARKAAGKRAHLRCYSKLLSLKSWEQLASFLSLPPGPTFTDFRLFFEVTLGRRIADCVVVALQPYPRCYIVEFKTAMSNTANPQSVTRKAQRLEGTAQLCDCANFLRTSCPPVLGSQGLEVLAALVFKNQRSLRTLQVEFPALGQKTLPTSTTGLLNLLSRWQDGALRARLDRPRPTAQGHRPRTHVGPKPSQLTARVPRSARAGRAGGRKGQVGAVGQVCPGAQK,MDPTRGLCALSTHDLAKFHSLPPARKAAGKRAHLRCYSKLLSLKSWEQLASFLSLPPGPTFTDFRLFFEVTLGRRIADCVVVALQPSPRCYIVEFKTAMSNTANPQSVTRKAQRLEGTAQLCDCANFLRTSCPPVLGSQGLEVLAALVFKNQRSLRTLQVEFPALGQKTLPTSTTGLLNLLSRWQDGALRARLDRPRPTAQGHRPRTHVGPKPSQLTARVPRSARAGRAGGRKGQVGAVGQVCPGAQK
BVRF1,MALSGHVLIDPARLPRDTGPELMWAPSLRNSLRVSPEALELAEREAERARSERWDRCAQVLKNRLLRVELDGIMRDHLARAEEIRQDLDAVVAFSDGLESMQVRSPSTGGRSAPAPPSPSPAQPFTRLTGNAQYAVSISPTDPPLMVAGSLAQTLLGNLYGNINQWVPSFGPWYRTMSANAMQRRVFPKQLRGNLNFTNSVSLKLMTEVVAVLEGTTQDFFSDVRHLPDLQAALILSVAYLLLQGGSSHQQRPLPASREELLELGPESLEKIIADLKAKSPGGNFMILTSGNKEARQSIAPLNRQAAYPPGTFADNKIYNLFVGAGLLPTTAALNVPGAAGRDRDLVYRIANQIFGEDVPPFSSHQWNLRVGLAALEALMLVYTLCETANLAEAATRRLHLSSLLPQAMQRRKPAMASAGMPGAYPVQTLFRHGELFRFIWAHYVRPTVAADPQASISSLFPGLVLLALELKLMDGQAPSHYAINLTGQKFDTLFEIINQKLLFHDPAAMLAARTQLRLAFEDGVGVALGRPSPMLAAREILERQFSASDDYDRLYFLTLGYLASPVAPS,MALSGHVLIDPARLPRDTGPELMWAPSLRNSLRVSPEALELAEREAERARSERWDRCAQVLKNRLLRVELDGIMRDHLARAEEIRQDLDAVVAFSDGLESMQVRSPSTGGRSAPAPPSPSPAQPFTRLTGNAQYAVSISPTDPPLMVAGSLAQTLLGNLYGNINQWVPSFGPWYRTMSANAMQRRVFPKQLRGNLNFTNSVSLKLMTEVVAVLEGTTQDFFSDVRHLPDLQAALILSVAYLLLQGGSSHQQRPLPASREELLELGPESLEKIIADLKAKSPGGNFMILTSGNKEARQSIAPLNRQAAYPPGTFADNKIYNLFVGAGLLPTTAALNVPGAAGRDRDLVYRIANQIFGEDVPPFSSHQWNLRVGLAALEALMLVYTLCETANLAEAATRRLHLSSLLPQAMQRRKPAMASAGMPGAYPVQTLFRHGELFRFIWAHYVRPTVAADPQASISSLFPGLVLLALELKLMDGQAPSHYAINLTGQKFDTLFEIINQKLLFHDPAAMLAARTQLRLAFEDGVGVALGRPSPMLAAREILERQFSASDDYDRLYFLTLGYLASPVAPS
BVLF1,MLMGLGVRGDDARMTPGIHGLLLKMLKNWPLCALREDELRFLHLSLTKLLTLSVNFYLWREAVINTGNRTNRVLARKVPDEYWYLLYRALARVGFPAEALRPGNRSRSLCLFLHDRPDVTGAVCACVWAQLGLRRAPDLSQVTLADGNLLFNLGSVLPNRLVVGVLYCLVHWGADEHETRVRARLRPLFVAFLCLAGYLLLDRAILSDAHDYEGLWHAVALSMAAWHGLTPLPETRDEKEAKPPCDEFIYLFANDPLQCEELAQLGATGEAR,MLMGLGVRGDDARMTPGIHGLLLKMLKNWPLCALREDELRFLHLSLTKLLTLSVNFYLWREAVINTGNRTNRVLARKVPDEYWYLLYRALARVGFPAEALRPGNRSRSLCLFLHDRPDVTGAVCACVWAQLGLRRAPDLSQVTLADGNLLFNLGSVLPNRLVVGVLYCLVHWGADEHETRVRARLRPLFVAFLCLAGYLLLDRAILSDAHDYEGLWHAVALSMAAWHGLTPLPETRDEKEAKPPCDDFIYLFANDPLQCEELAQLGATGEAR
BVRF2,MVQAPSVYVCGFVERPDAPPKDACLHLDPLTVKSQLPLKKPLPLTVEHLPDAPVGSVFGLYQSRAGLFSAASITSGDFLSLLDSIYHDCDIAQSQRLPLPREPKVEALHAWLPSLSLASLHPDIPQTTADGGKLSFFDHVSICALGRRRGTTAVYGTDLAWVLKHFSDLEPSIAAQIENDANAAKRESGCPEDHPLPLTKLIAKAIDAGFLRNRVETLRQDRGVANIPAESYLKASDAPDLQKPDKALQSPPPASTDPATMLSGNAGEGATACGGSAAAGQDLISVPRNTFMTLLQTNLDNKPPRQTPLPYAAPLPPFSHQAIATAPSYGPGAGAVAPAGGYFTSPGGYYAGPAGGDPGAFLAMDAHTYHPHPHPPPAYFGLPGLFGPPPPVPPYYGSHLRADYVPAPSRSNKRKRDPEEDEEGGGLFPGEDATLYRKDIAGLSKSVNELQHTLQALRRETLSYGHTGVGYCPQQGPCYTHSGPYGFQPHQSYEVPRYVPHPPPPPTSHQAAQAQPPPPGTQAPEAHCVAESTIPEAGAAGNSGPREDTNPQQPTTEGHHRGKKLVQASASGVAQSKEPTTPKAKSVSAHLKSIFCEELLNKRVA,MVQAPSVYVCGFVERPDAPPKDACLHLDPLTVKSQLPLKKPLPLTVEHLPDAPVGSVFGLYQSRAGLFSAASITSGVFLSLLDSIYHDCDIAQSQRLPLPREPKLEALHAWLPSLSLASLHPDIPQTTADGGKLSFFDHVSICALGRRRGTTAVYGTDLAWVLKHFSDLEPSIAAQIENDANAAKRESGCPEDHPLPLTKLIAKAIDAGFLRNRVETLRQDRGVANIPAESYLKASDAPDLQKPDKALQSPPPASTDPDTMLSGNAGEGATACGGSAAAGQDLISVPRNTFMTLLQTNLDNKPPRQTPLPYAAPLPPFSHQAIATAPSYGPGAGAVAPAGGYFTSPGGYYAGPAGGDPGAFLAMDAHTYHPHPHPPPAYFGLPGLFGPPPPVPPYYGSHLRADYVPAPSRSNKRKRDPEEDEEGGGLFPGEDATLYRKDIAGLSKSVNELQHTLQALRRETLSYGHTGVGYCPQQGPCYTHPGPYGFQPHQSYEVPRYVPHPPPPPTSHQAAQAQPPPPGTQAPEAHCVAESTIPEAGAAGNSGPREDTNPQQPTTEGHHRGKKLVQASASGVAQSKEPTTPKAKSVSAHLKSIFCEELLNKRVA
BdRF1,MLSGNAGEGATACGGSAAAGQDLISVPRNTFMTLLQTNLDNKPPRQTPLPYAAPLPPFSHQAIATAPSYGPGAGAVAPAGGYFTSPGGYYAGPAGGDPGAFLAMDAHTYHPHPHPPPAYFGLPGLFGPPPPVPPYYGSHLRADYVPAPSRSNKRKRDPEEDEEGGGLFPGEDATLYRKDIAGLSKSVNELQHTLQALRRETLSYGHTGVGYCPQQGPCYTHSGPYGFQPHQSYEVPRYVPHPPPPPTSHQAAQAQPPPPGTQAPEAHCVAESTIPEAGAAGNSGPREDTNPQQPTTEGHHRGKKLVQASASGVAQSKEPTTPKAKSVSAHLKSIFCEELLNKRVA,MLSGNAGEGATACGGSAAAGQDLISVPRNTFMTLLQTNLDNKPPRQTPLPYAAPLPPFSHQAIATAPSYGPGAGAVAPAGGYFTSPGGYYAGPAGGDPGAFLAMDAHTYHPHPHPPPAYFGLPGLFGPPPPVPPYYGSHLRADYVPAPSRSNKRKRDPEEDEEGGGLFPGEDATLYRKDIAGLSKSVNELQHTLQALRRETLSYGHTGVGYCPQQGPCYTHPGPYGFQPHQSYEVPRYVPHPPPPPTSHQAAQAQPPPPGTQAPEAHCVAESTIPEAGAAGNSGPREDTNPQQPTTEGHHRGKKLVQASASGVAQSKEPTTPKAKSVSAHLKSIFCEELLNKRVA
BILF2,MTHLVLLLCCCVGSVCAFFSDLVKFENVTAHAGARVNLTCSVPSNESVSRIELGRGYTPGDGQLPLAVATSNNGTHITNGGYNYSLTLEWVNDSNTSVSLIIPNVTLAHAGYYTCNVTLRNCSVASGVHCNYSAGEEDDQYHANRTLTQRMHLTVIPATTIAPTTLVSHTTSTSHRPHRRPVSKRPTHKPVTLGPFPIDPWRPKTTWVHWALLLITCAVVAPVLLIIIISCLGWLAGWGRRRKGWIPL,MTHLVLLLCCCVGSVCAFFSDLVKFENVTAHAGARVNLTCSVPSNESVSRIELGRGYTPGDGQLPLAVATSNNGTHITNGGYNYSLTLEWVNDSNTSVSLIIPNVTLAHAGYYTCNVTLRNCSVASGVHCNYSAGEEDDQYHANRTLTQRMHLTVIPATTIAPTTLVSHTTSTSHRPHRRPVSKRPTHKPVTLGPFPIDPWRPKTTWVHWALLLITCAVVAPVLLIIIISCLGWLAGWGRRRKGWIPL
LF2,MAEAYPGGAHAALASRRSSFRNSLRRLRPTEKPDTSFMRGVWKYEIFPSYVRVTNKQVLQLDAQCQELPPCPSVGQILSFKLPSFSFNTTTYGSRYFTVAFLFFGAEDNEVFLKPFFVMHSDQDIVLSVLNPRSLFIEKGKFTWYIVPIRLVKNPYLYLQILPGQSDIQLTRSCTQSGDKLNTSEPQIFLSGSPVTSQDECLPYLLAQHTPPFLKSYARIHTFPGKVCPVNAIRRGKGYVRVSVDTPDLKREGPLNVKVGMTLLDDVIIAFRYNPYPKSHWRWDGESTDIRYFGSPVIIPPNFITELEYNNTYEAPLSSKITAVVVSHSSNPVFYVYPQEWKPGQTLKLTVRNISNNPITIVTGQSMAQAFFIYAGDPSISTIMRRYIQRQGCALTLPGNIVVESSSLPTFERINKTFNGNIVASEGTL,MAEAYPGGAHAALASRRSSFRNSLRRLRPTEKPDTSFMRGVWKYEIFPSYVRVTNKQVLQLDAQCQELPPCPSVGQILSFKLPSFSFNTTTYGSRYFTVAFLFFGAEDNEVFLKPFFVMHSDQDIVLSVLNPRSLFIEKGKFTWYIVPIRLVKNPYLYLQILPGQSDIQLTRSCTQSGDKLNTSEPQIFLSGSPVTSQDECLPYLLAQHTPPFLKSYARIHTFPGKVCPVNAIRRGKGYVRVSVDTPDLKREGPLNVKVGMTLLDDVIIAFRYNPYPKSHWRWDGESTDIRYFGSPVIIPPNFITELEYNNTYEAPLSSKITAVVVSHSSNPVFYVYPQEWKPGQTLKLTVRNISNNPITIVTGQSMAQAFFIYAGDPSISTIMRRYIQRQGCALTLPGNIVVESSSLPTFERINKTFNGNIVASEGTL
LF1,MALQTDTQAWRVEIGTRGLMFSNCVPLHLPEGQYHKLRLPVSAYEALAVARYGLVGSLWEVPAVNSALQCLAAAAPCKDVKIYPSCIFQVHAPMFVTIKTSLRCLNPHDLCLCLICVGAAILDIPLLCAPRDGAGARAAEGQAAAAQGGKLRVWGRLSPSSPTSLSLAFPYAGPPPVAWYRHSINLTRSEGVGIGKDCAQDHACPVPPQGHASSAADQAGVPERGRKRAHEGPGAGEAASAGRGDVALSQSRALLWRGLGWDTGRGRLAPGLAMSRDAASGSVHLDIQVDRAEEGWVCDVLLEPGPPTAREGCSLSMDPGLVTLKDAWTLFPLHPEHDAVVPPKEEIHVMAQGHLQGGTPSLWGFTFQEAACDQWVLRPRVWTAHSPIKMTVYNCGHKPLHIGPSTRLGLALFWPAERSDNLDAGRIFYQLTSGELYWGRTVARPPTLTLPVDELRPWPKLTPEEPMQH,MALQTDTHAWRVEIGTRGLMFSNCVPLHLPEGQYHKLRLPVSAYEALAVARYGLVGSLWEVPAVNSALQCLAAAAPCKDVKIYPSCIFQVHAPMFVTIKTSLRCLNPHDLCLCLICVGAAILDIPLLCAPRDGAGARAAEGQAAAAQGGKLRVWGRLSPSSPISLSLAFPYAGPPPVAWYRHSIKLTRSEGVGIGKDCAQDHACPVPPQGHASSAADQAGVPERGRKRAHEGPGAGEAASAGRGDVALSQSRALLWRGLGWDTGRGRLAPGLAMSRDAASGSVHLDIQVDRAEEGWVCDVLLEPGPPTAREGCFLSMDPGLVTLKDAWTLFPLHPEHDAVVPPKEEIHVMAQGHLQGGTPSLWGFTFQEAACDQWVLRPRVWTAHSPIKMTVYNCGHKPLHIGPSTRLGLALFWPAERSDNLDAGRIFYQLTSGELYWGRTVARPPTLTLPVDELRPWPKLTPEEPMQH
BILF1,MLSTMAPGSTVGTLVANMTSVNATEDACTKSYSAFLSGMTSLLLVLLILLTLAGILFIIFVRKLVHRMDVWLIALLIELLLWVLGKMIQEFSSTGLCLLTQNMMFLGLMCSVWTHLGMALEKTLALFSRTPKRTSHRNVCLYLMGVFCLVLLLIIILLITMGPDANLNRGPNMCREGPTKGMHTAVQGLKAGCYLLAAVLIVLLTVIIIWKLLRTKFGRKPRLICNVTFTGLICAFSWFMLSLPLLFLGEAGSLGFDCTESLVARYYPGPAACLALLLIILYAWSFSHFMDSLKNQVTVTARYFRRVPSQST,MLSTMAPGSTVGTLVANMTSVNATEDACTKSYSAFLSGMTSLLLVLLILLTLAGILFIIFVRKLVHRMDVWLIALLIELLLWVLGKMIQEFSSTGLCLLTQNMMFLGLMCSVWTHLGMALEKTLALFSRTPKRTSHRNVCLYLMGVFCLVLLLIIILLITMGPDANLNRGPNMCREGPTKGMHTAVQGLKAGCYLLAAVLIVLLTVIIIWKLLRTKFGRKPRLICNVTFTGLICAFSWFMLSLPLLFLGEAGSLGFDCTESLVARYYPGPAACLALLLIILYAWSFSHFMDSLKNQVTVTARYFRRVPSQST
BALF5,MSGGLFYNPFLRPNKGLLKKPDKEYLRLIPKCFQTPGAAGVVDVRGPQPPLCFYQDSLTVVGGDEDGKGMWWRQRAQEGTARPEADTHGSPLDFHVYDILETVYTHEKCAVIPSDKQGYVVPCGIVIKLLGRRKADGASVCVNVFGQQAYFYASAPQGLDVEFAVLSALKASTFDRRTPCRVSVEKVTRRSIMGYGNHAGDYHKITLSHPNSVCHVATWLQDKHGCRIFEANVDATRRFVLDNDFVTFGWYSCRRAIPRLQHRDSYAELEYDCEVGDLSVRREDSSWPSYQALAFDIECLGEEGFPTATNEADLILQISCVLWSTGEEAGRYRRILLTLGTCEDIEGVEVYEFPSELDMLYAFFQLIRDLSVEIVTGYNVANFDWPYILDRARHIYSINPASLGKIRAGGVCEVRRPHDAGKGFLRANTKVRITGLIPIDMYAVCRDKLSLSDYKLDTVARHLLGAKKEDVHYKEIPRLFAAGPEGRRRLGMYCVQDSALVMDLLNHFVIHVEVAEIAKIAHIPCRRVLDDGQQIRVFSCLLAAAQKENFILPMPSASDRDGYQGATVIQPLSGFYNSPVLVVDFASLYPSIIQAHNLCYSTMITPGEEHRLAGLRPGEDYESFRLTGGVYHFVKKHVHESFLASLLTSWLAKRKAIKKLLAACEDPRQRTILDKQQLAIKCTCNAVYGFTGVANGLFPCLSIAETVTLQGRTMLERAKAFVEALSPANLQALAPSPDAWAPLNPEGQLRVIYGDTDSLFIECRGFSESETLRFADALAAHTTRSLFVAPISLEAEKTFSCLMLITKKRYVGVLTDGKTLMKGVELVRKTACKFVQTRCRRVLDLVLADARVKEAASLLSHRPFQESFTQGLPVGFLPVIDILNQAYTDLREGRVPMGELCFSTELSRKLSAYKSTQMPHLAVYQKFVERNEELPQIHDRIQYVFVEPKGGVKGARKTEMAEDPAYAERHGVPVAVDHYFDKLLQGAANILQCLFDNNSGAALSVLQNFTARPPF,MSGGLFYNPFLRPNKGLLKKPDKEYLRLIPKCFQTPGAAGVVDVRGPQPPLCFYQDSLTVVGGDEDGKGMWWRQRAQEGTARPEADTHGSPLDFHVYDILETVYTHEKCAVIPSDKQGYVVPCGIVIKLLGRRKADGASVCVNVFGQQAYFYASAPQGLDVEFAVLSALKASTFDRRTPCRVSVEKVTRRSIMGYGNHAGDYHKITLSHPNSVCHVATWLQDKHGCRIFEANVDATRRFVLDNDFVTFGWYSCRRAIPRLQHRDSYAELEYDCEVGDLSVRREDSSWPSYQALAFDIECLGEEGFPTATNEADLILQISCVLWSTGEEAGRYRRILLTLGTCEDIEGVEVYEFPSELDMLYAFFQLIRDLSVEIVTGYNVANFDWPYILDRARHIYSINPASLGKIRAGGVCEVRRPHDAGKGFLRANTKVRITGLIPIDMYAVCRDKLSLSDYKLDTVARHLLGAKKEDVHYKEIPRLFAAGPEGRRRLGMYCVQDSALVMDLLNHFVIHVEVAEIAKIAHIPCRRVLDDGQQIRVFSCLLAAAQKENFILPMPSASDRDGYQGATVIQPLSGFYNSPVLVVDFASLYPSIIQAHNLCYSTMITPGEEHRLAGLRPGEDYESFRLTGGVYHFVKKHVHESFLASLLTSWLAKRKAIKKLLAACEDPRQRTILDKQQLAIKCTCNAVYGFTGVANGLFPCLSIAETVTLQGRTMLERAKAFVEALSPANLQALAPSPDAWAPLNPEGQLRVIYGDTDSLFIECRGFSESETLRFAEALAAHTTRSLFVAPISLEAEKTFSCLMLITKKRYVGVLTDGKTLMKGVELVRKTACKFVQTRCRRVLDLVLADARVKEAASLLSHRPFQESFTQGLPVGFLPVIDILNQAYTDLREGRVPMGELCFSTELSRKLSAYKSTQMPHLAVYQKFVERNEELPQIHDRIQYVFVEPKGGVKGARKTEMAEDPAYAERHGVPVAVDHYFDKLLQGAANILQCLFDNNSGAALSVLQNFTARPPF
BALF4,MTRRRVLSVVVLLAALACRLGAQTPEQPAPPATTVQPTATRQQTSFPFRVCELSSHGDLFRFSSDIQCPSFGTRENHTEGLLMVFKDNIIPYSFKVRSYTKIVTNILIYNGWYADSVTNRHEEKFSVDSYETDQMDTIYQCYNAVKMTKDGLTRVYVDRDGVNITVNLKPTGGLANGVRRYASQTELYDAPGWLIWTYRTRTTVNCLITDMMAKSNSPFDFFVTTTGQTVEMSPFYDGKNKETFHERADSFHVRTNYKIVDYDNRGTNPQGERRAFLDKGTYTLSWKLENRTAYCPLQHWQTFDSTIATETGKSIHFVTDEGTSSFVTNTTVGIELPDAFKCIEEQVNKTMHEKYEAVQDRYTKGQEAITYFITSGGLLLAWLPLTPRSLATVKNLTELTTPTSSPPSSPSPPAPSAARGSTPAAVLRRRRRDAGNATTPVPPTAPGKSLGTLNNPATVQIQFAYDSLRRQINRMLGDLARAWCLEQKRQNMVLRELTKINPTTVMSSIYGKAVAAKRLGDVISVSQCVPVNQATVTLRKSMRVPGSETMCYSRPLVSFSFINDTKTYEGQLGTDNEIFLTKKMTEVCQATSQYYFQSGNEIHVYNDYHHFKTIELDGIATLQTFISLNTSLIENIDFASLELYSRDEQRASNVFDLEGIFREYNFQAQNIAGLRKDLDNAVSNGRNQFVDGLGELMDSLGSVGQSITNLVSTVGGLFSSLVSGFISFFKNPFGGMLILVLVAGVVILVISLTRRTRQMSQQPVQMLYPGIDELAQQHASGEGPGINPISKTELQAIMLALHEQNQEQKRAAQRAAGPSVASRALQAARDRFPGLRRRRYHDPETAAALLGEAETEF,MTRRRVLSVVVLLAALACRLGAQTPEQPAPPATTVQPTATRQQTSFPFRVCELSSHGDLFRFSSDIQCPSFGTRENHTEGLLMVFKDNIIPYSFKVRSYTKIVTNILIYNGWYADSVTNRHEEKFSVDSYETDQMDTIYQCYNAVKMTKDGLTRVYVDRDGVNITVNLKPTGGLANGVRRYASQTELYDAPGWLIWTYRTRTTVNCLITDMMAKSNSPFDFFVTTTGQTVEMSPFYDGKNKETFHERADSFHVRTNYKIVDYDNRGTNPQGERRAFLDKGTYTLSWKLENRTAYCPLQHWQTFDSTIATETGKSIHFVTDEGTSSFVTNTTVGIELPDAFKCIEEQVNKTMHEKYEAVQDRYTKGQEAITYFITSGGLLLAWLPLTPRSLATVKNLTELTTPTSSPPSSPSPPAPPAARGSTSAAVLRRRRRDAGNATTPVPPAAPGKSLGTLNNPATVQIQFAYDSLRRQINRMLGDLARAWCLEQKRQNMVLRELTKINPTTVMSSIYGKAVAAKRLGDVISVSQCVPVNQATVTLRKSMRVPGSETMCYSRPLVSFSFINDTKTYEGQLGTDNEIFLTKKMTEVCQATSQYYFQSGNEIHVYNDYHHFKTIELDGIATLQTFISLNTSLIENIDFASLELYSRDEQRASNVFDLEGIFREYNFQAQNIAGLRKDLDNAVSNGRNQFVDGLGELMDSLGSVGQSITNLVSTVGGLFSSLVSGFISFFKNPFGGMLILVLVAGVVILVISLTRRTRQMSQQPVQMLYPGIDELAQQHASGEGPGINPISKTELQAIMLALHEQNQEQKRAAQRAAGPSVASRALQAARDRFPGLRRRRYHDPETAAALLGEAETEF
BALF3,MSGLLAAAYSQVYALAVELSVCTRLDPRSLDVAAVVRNAGLLAELEAILLPRLRRQNDRACSALSLELVHLLENSREASAALLAPGRKGTRVPPLRTPSVAYSVEFYGGHKVDVSLCLINDIEILMKRINSVFYCMSHTMGLESLERALDLLGRFRGVSPIPDPRLYITSVPCWRCVGELMVLPNHGNPSTAEGTHVSCNHLAVPVNPEPVSGLFENEVRQAGLGHLLEAEEKARPGGPEEGAVPGPGRPEAEGATRALDTYNVFSTVPPEVAELSELLYWNSGGHAIGATGQGEGGGHSRLSALFARERRLALVRGACEEALAGARLTHLFDAVAPGATERLFCGGVYSSSGDAVEALKADCAAAFTAHPQYRAILQKRNELYTRLNRAMQRLGRGEEEASRESPEVPRPAGAREPGPSGALSDALKRKEQYLRQVATEGLAKLQSCLAQQSETLTETLCLRVWGDVVYWELARMRNHFLYRRAFVSGPWEDRRAGEGAAFENSKYIKTHLFTQTLSSEHLHALTHSLYTFITGPLAEESGLFPPPSNVALARCCDAAGTLPHQKAFLTSLIWPGIEPSDWIETSFNSFYSVPGGSLASSQQILCRALREAVLTVSLYNKTWGRSLILRRADAVSPGQALPPDGLYLTYDSDRPLILLYKGRGWVFKDLYALLYLHLQMRDDSA,MSGLLAAAYSQVYALAVELSVCARLDPRSLDVAAVVRNAGLLAELEAILLPRLRRQNDRACSALSLELVHLLENSREASAALLAPGRKGTRVPPLRTPSVAYSVEFYGGHKVDVSLCLINDIEILMKRINSVFYCMSHTMGLESLERALDLLGRFRGVSPIPDPRLYITSVPCWRCVGELMVLPNHGNPSTAEGTHVSCNHLAVPVNPEPVSGLFENEVRQAGLGHLLEAEEKARPGGPEEGAVPGPGRPEAEGATRALDTYNVFSTVPPEVAELSELLYWNSGGHAIGATGQGEGGGHSRLSALFARERRLALVRRACEEALAGARLTHLFDAVAPGATERLFCGGVYSSSGDAVEALKADCAAAFTAHPQYRAILQKRNELYTRLNRAMQRLGRGEEEASRESPEVPRPAGAREPGPSGALSDALKRKEQYLRQVATEGLAKLQSCLAQQSETLTETLCLRVWGDVVYWELARMRNHFLYRRAFVSGPWEDRRAGEGAAFENSKYIKTHLFTQTLSSEHLHALTHSLYTFITGPLAEESGLFPPPSNVALARCCDAAGTLPHQKAFLTSLIWPGIEPSDWIETSFNSFYSVPGGSLASSQQILCRALREAVLTVSLYNKTWGRSLILRRADAVSPGQALPPDGLYLTYDSDRPLILLYKGRGWVFKDLYALLYLHLQMRDDSA
BALF2,MQGAQTSEDNLGSQSQPGPCGYIYFYPLATYPLREVATLGTGYAGHRCLTVPLLCGITVEPGFSINVKALHRRPDPNCGLLRATSYHRDIYVFHNAHMVPPIFEGPGLEALCGETREVFGYDAYSALPRESSKPGDFFPEGLDPSAYLGAVAITEAFKERLYSGNLVAIPSLKQEVAVGQSASVRVPLYDKEVFPEGVPQLRQFYNSDLSRCMHEALYTGLAQALRVRRVGKLVELLEKQSLQDQAKVAKVAPLKEFPASTISHPDSGALMIVDSAACELAVSYAPAMLEASHETPASLNYDSWPLFADCEGPEARVAALHRYNASLAPHVSTQIFATNSVLYVSGVSKSTGQGKESLFNSFYMTHGLGTLQEGTWDPCRRPCFSGWGGPDVTGTNGPGNYAVEHLVYAASFSPNLLARYAYYLQFCQGQKSSLTPVPETGSYVAGAAASPMCSLCEGRAPAVCLNTLFFRLRDRFPPVMSTQRRDPYVISGASGSYNETDFLGNFLNFIDKEDDGQRPDDEPRYTYWQLNQNLLERLSRLGIDAEGKLEKEPHGPRDFVKMFKDVDAAVDAEVVQFMNSMAKNNITYKDLVKSCYHVMQYSCNPFAQPACPIFTQLFYRSLLTILQDISLPICMCYENDNPGLGQSPPEWLKGHYQTLCTNFRSLAIDKGVLTAKEAKVVHGEPTCDLPDLDAALQGRVYGRRLPVRMSKVLMLCPRNIKIKNRVVFTGENAALQNSFIKSTTRRENYIINGPYMKFLNTYHKTLFPDTKLSSLYLWHNFSRRRSVPVPSGASAEEYSDLALFVDGGSRAHEESNVIDVVPGNLVTYAKQRLNNAILKACGQTQFYISLIQGLVPRTQSVPARDYPHVLGTRAVESAAAYAEATSSLTATTVVCAATDCLSQVCKARPVVTLPVTINKYTGVNGNNQIFQAGNLGYFMGRGVDRNLLQAPGAGLRKQAGGSSMRKKFVFATPTLGLTVKRRTQAATTYEIENIRAGLEAIISQKQEEDCVFDVVCNLVDAMGEACASLTRDDAEYLLGRFSVLADSVLETLATIASSGIEWTAEAARDFLEGVWGGPGAAQDNFISVAEPVSTASQASAGLLLGGGGQGSGGRRKRRLATVLPGLEV,MQGAQTSEDNLGSQSQPGPCGYIYFYPLATYPLREVATLGTGYAGHRCLTVPLLCGITVEPGFSINVKALHRRPDPNCGLLRATSYHRDIYVFHNAHMVPPIFEGPGLEALCGETREVFGYDAYSALPRESSEPGDFFPEGLDPSAYLGAVAITEAFKERLYSGNLVAIPSLKQEVAVGQSASVRVPLYDKEVFPEGVPQLRQFYNSDLSRCMHEALYTGLAQALRVRRVGKLVELLEKQSLQDQAKVAKVAPLKEFPASTISHPDSGALMIVDSAACELAVSYAPAMLEASHETPASLNYDSWPLFADCEGPEARVAALHRYNASLAPHVSTQIFATNSVLYVSGVSKSTGQGKESLFNSFYMTHGLGTLQEGTWDPCRRPCFSGWGGPDVTGTNGPGNYAVEHLVYAASFSPNLLARYAYYLQFCQGQKSSLTPVPETGSYVAGAAASPMCSLCEGRAPAVCLNTLFFRLRDRFPPVMSTQRRDPYVISGASGSYNETDFLGNFLNFIDKEDDGQRPDDEPRYTYWQLNQNLLERLSRLGIDAEGKLEKEPHGPRDFVKMFKDVDAAVDAEVVQFMNSMAKNNITYKDLVKSCYHVMQYSCNPFAQPACPIFTQLFYRSLLTILQDISLPICMCYENDNPGLGQSPPEWLKGHYQTLCTNFRSLAIDKGVLTAKEAKVVHGEPTCDLPDLDAALQGRVYGRRLPVRMSKVLMLCPRNIKIKNRVVFTGENAALQNSFIKSTTRRENYIINGPYMKFLNTYHKTLFPDTKLSSLYLWHNFSRRRSVPVPSGASAEEYSDLALFVDGGSRAHEESNVIDVVPGNLVTYAKQRLNNAILKACGQTQFYISLIQGLVPRTQSVPARDYPHVLGTRAVESAAAYAEATSSLTATTVVCAATDCLSQVCKARPVVTLPVTINKYTGVNGNNQIFQAGNLGYFMGRGVDRNLLQAPGAGLRKQAGGSSMRKKFVFATPTLGLTVKRRTQAATTYEIENIRAGLEAIISQKQEEDCVFDVVCNLVDAMGEACASLTRDDAEYLLGRFSVLADSVLETLATIASSGIEWTAGAARDFLEGVWGGPGAAQDNFISVAEPVSTASQASAGLLLGGGGQGSGGRRKRRLATVLPGLEV
BALF1,MRPAKSTDSVFVRTPVEAWVAPSPPDDKVAESSYLMFRAMYAVFTRDEKDLPLPALVLCRLIKASLRKDRKLYAELACRTADIGGKDTHVRLIISVLRAVYNDHYDYWSRLRVVLCYTVVFAVRNYLDDHKSAAFVLGAIAHYLALYRRLWFARLGGMPRSLRRQFPVTWALASLTDFLKSL,MRPAKSTDSVFVRTPVEAWVAPSPPDDKVAESSYLMFRAMYAVFTRDEKDLPLPALVLCRLIKASLRKDRKLYAELACRTADIGGKDTHVRLIISVLRAVYNDHYDYWSRLRVVLCYTVVFAVRNYLDDHKSAAFVLGAIAHYLALYRRLWFARLGGMPRSLRRQFPVTWALASLTDFLKSL
BARF1,MARFIAQLLLLASCVAAGQAVTAFLGERVTLTSYWRRVSLGPEIEVSWFKLGPGEEQVLIGRMHHDVIFIEWPFRGFFDIHRSANTFFLVVTAANISHDGNYLCRMKLGETEVTKQEHLSVVKPLTLSVHSERSQFPDFSVLTVTCTVNAFPHPHVQWLMPEGVEPAPTAANGGVMKEKDGSLSVAVDLSLPKPWHLPVTCVGKNDKEEAHGVYVSGYLSQ,MARFIAQLLLLASCVAAGQAVTAFLGERVTLTSYWRRVSLGPEIEVSWFKLGPGEEQVLIGRMHHDVIFIEWPFRGFFDIHRSANTFFLVVTAANISHDGNYLCRMKLGETEVTKQEHLSVVKPLTLSVHSERSQFPDFSVLTVTCTVNAFPHPHVQWLMPEGVEPAPTAANGGVMKEKDGSLSVAVDLSLPKPWHLPVTCVGKNDKEEAHGVYVSGYLSQ
BNLF2b,MRPGRPLAGFYATLRRSFRRMSKRSKNKAKKERVPVEDRPPTPMPTSQRLIRRNALGGGVRPDAEDCIQRFHPLEPALGVSTKNFDLLSLRCELGWCG,MRPGRPLAGFYATLRRSFRRMSKRSKNKAKKERVPVEDRPPTPMPTSQRLIRRNALGGGVRPDAEDCIQRCHPLEPALGVSTKNFDLLSLRCELGWCG
BNLF2a,MVHVLERALLEQQSSACGLPGSSTETRPSHPCPEDPDVSRLRLLLVVLCVLFGLLCLLLI,MVHVLERALLEQQSSACGLPGSSTETRPSHPCPEDPDVSRLRLLLVVLCVLFGLLCLLLI
LMP-1,MEHDLERGPPGPRRPPRGPPLSSSLGLALLLLLLALLFWLYIVMSDWTGGALLVLYSFALMLIIIILIIFIFRRDLLCPLGALCILLLMITLLLIALWNLHGQALFLGIVLFIFGCLLVLGIWIYLLEMLWRLGATIWQLLAFFLAFFLDLILLIIALYLQQNWWTLLVDLLWLLLFLAILIWMYYHGQRHSDEHHHDDSLPHPQQATDDSGHESDSNSNEGRHHLLVSGAGDGPPLCSQNLGAPGGGPDNGPQDPDNTDDNGPQDPDNTDDNGPHDPLPQDPDNTDDNGPQDPDNTDDNGPHDPLPHSPSDSAGNDGGPPQLTEEVENKGGDQGPPLMTDGGGGHSHDSGHGGGDPHLPTLLLGSSGSGGDDDDPHGPVQLSYYD,MEHDLERGPPGPRRPPRGPPLSSSLGLALLLLLLALLFWLYIVMSDWTGGALLVLYSFALILIIIILIIFIFRRDLLCPLGALCLLLLMITLLLIALWNLHGQALYLGIVLFIFGCLLVLGLWIYLLEILWRLGATIWQLLAFFLAFFLDLILLIIALYLQQNWWTLLVDLLWLLLFLAILIWMYYHGQRHSDEHHHDDSLPHPQQATDDSGHESDSNSNEGRHHLLVTGAGDGPPLCSQNLGAPGGGPDNGPQDPDNTDDNGPQDPDNTDDNGPQDPDNTDDNGPQDPDNTADNGPHDPLPHNPSDSAGNDGGPPNLTEEVENKGGDRGPPSMTDGGGGDPHLPTLLLGTSGSGGDDDDPHGPVQLSYYD
