Protein ID,Virus,Protein Family,Protein,Gene
A0A059WI18,CeHV1,ICP0,ICP0,ICP0
A0A0K2YTA9,CPV,VITF3S,VITF3S,VITF3S
A0A0R8I9X5,ORFV,NTPASE2,NTPASE2,NTPASE2
A0A193H3A4,HTLV4,tax,tax,tax
A0A663DJA2,SARS-CoV-2,ORF10,ORF10,ORF10
A0A6B9WDP7,BtCoV-RaTG13,M,M,M
A0A6B9WE90,BtCoV-RaTG13,NS8,NS8,NS8
A0A6B9WF22,BtCoV-RaTG13,NS6,NS6,NS6
A0A6B9WFI6,BtCoV-RaTG13,E,E,E
A0A6B9WFM6,BtCoV-RaTG13,NS7b,NS7b,NS7b
A0A6B9WGW4,BtCoV-RaTG13,NS3,NS3,NS3
A0A6B9WHD3,BtCoV-RaTG13,Spike,Spike,Spike
A0A6B9WI44,BtCoV-RaTG13,NS7a,NS7a,NS7a
A0A6B9WI45,BtCoV-RaTG13,N,N,N
A0A6B9WIQ1|PRO_0000449619,BtCoV-RaTG13,NSP1,NSP1,NSP1
A0A6B9WIQ1|PRO_0000449620,BtCoV-RaTG13,NSP2,NSP2,NSP2
A0A6B9WIQ1|PRO_0000449621,BtCoV-RaTG13,NSP3,NSP3,NSP3
A0A6B9WIQ1|PRO_0000449622,BtCoV-RaTG13,NSP4,NSP4,NSP4
A0A6B9WIQ1|PRO_0000449623,BtCoV-RaTG13,NSP5,NSP5,NSP5
A0A6B9WIQ1|PRO_0000449624,BtCoV-RaTG13,NSP6,NSP6,NSP6
A0A6B9WIQ1|PRO_0000449625,BtCoV-RaTG13,NSP7,NSP7,NSP7
A0A6B9WIQ1|PRO_0000449626,BtCoV-RaTG13,NSP8,NSP8,NSP8
A0A6B9WIQ1|PRO_0000449627,BtCoV-RaTG13,NSP9,NSP9,NSP9
A0A6B9WIQ1|PRO_0000449628,BtCoV-RaTG13,NSP10,NSP10,NSP10
A0A6B9WIQ1|PRO_0000449629,BtCoV-RaTG13,NSP12,NSP12,NSP12
A0A6B9WIQ1|PRO_0000449630,BtCoV-RaTG13,NSP13,NSP13,NSP13
A0A6B9WIQ1|PRO_0000449631,BtCoV-RaTG13,NSP14,NSP14,NSP14
A0A6B9WIQ1|PRO_0000449632,BtCoV-RaTG13,NSP15,NSP15,NSP15
A0A6B9WIQ1|PRO_0000449633,BtCoV-RaTG13,NSP16,NSP16,NSP16
A4UHP9,EBLV1,P,P,P
A4UHQ4,EBLV2,P,P,P
A5HBD7,WUPyV,ST,ST,ST
A5HBG1,WUPyV,LT,LT,LT
A6YGN7,KIPyV,LT,LT,LT
A7XCG4,TPV,45L,45L,45L
A7XCG8,TPV,NTPASE2,NTPASE2,NTPASE2
A7XCH9,TPV,VLTF1,VLTF1,VLTF1
A7XCI6,TPV,L4,L4,L4
A7XCK0,TPV,H4,H4,H4
A7XCK1,TPV,VLTF4,VLTF4,VLTF4
A7XCL0,TPV,VETFS,VETFS,VETFS
A7XCL5,TPV,NTPASE1,NTPASE1,NTPASE1
A7XCL8,TPV,VLTF2,VLTF2,VLTF2
A7XCM0,TPV,VLTF3,VLTF3,VLTF3
A7XCM7,TPV,VETFL,VETFL,VETFL
A7XCM8,TPV,VITF3S,VITF3S,VITF3S
A7XCP7,TPV,VITF3L,VITF3L,VITF3L
A9J0Q5,VACV,VETFL,VETFL,VETFL
B2VQF8,HAdVD37,DBP,DBP,DBP
B2XY05,DUVV,P,P,P
B3U4X9,BWAV,NSS,NSS,NSS
B6DVW7,MCPyV,LT,LT,LT
B9A5B6,HAdV8,L2,L2,L2
B9VXI8,HCMV,UL17,UL17,UL17
B9VXK4,HCMV,UL34,UL34,UL34
C0H677,HCMV,UL29,UL29,UL29
C1BEG3,HCMV,UL74A,UL74A,UL74A
C7B7D2,HPV116,E6,E6,E6
C7B7D3,HPV116,E7,E7,E7
C7B7D5,HPV116,E2,E2,E2
D0EF42,HAdV7,L2,L2,L2
D0EF64,HAdV7,E4,E4,E4
D0Z5S8,HAdV31,L2,L2,L2
D0Z5U4,HAdV31,E3,E3,E3
D3IZ94,PCPV,VLTF3,VLTF3,VLTF3
D3IZH9,PCPV,DBP,DBP,DBP
D3IZI3,PCPV,NTPASE2,NTPASE2,NTPASE2
D3IZI6,PCPV,LTEF,LTEF,LTEF
D3IZJ2,PCPV,VLTF1,VLTF1,VLTF1
D3IZJ7,PCPV,L4,L4,L4
D3IZK7,PCPV,H4,H4,H4
D3IZK8,PCPV,VLTF4,VLTF4,VLTF4
D3IZL6,PCPV,VETFS,VETFS,VETFS
D3IZL9,PCPV,NTPASE1,NTPASE1,NTPASE1
D3IZM4,PCPV,VLTF2,VLTF2,VLTF2
D3IZN1,PCPV,VETFL,VETFL,VETFL
D3IZN2,PCPV,VITF3S,VITF3S,VITF3S
D3IZP8,PCPV,VITF3L,VITF3L,VITF3L
D5LX53,HCMV,UL42,UL42,UL42
D5LX59,HCMV,LTP,LTP,UL48
E5LC01,KSHV,LANA1,LANA1,ORF73
F1DT60,HAdV17,IVa2,IVa2,IVa2
F5H8Q3,HCMV,UL148,UL148,UL148
F5H8R0,HCMV,UL147A,UL147A,UL147A
F5H8Y5,KSHV,TRX1,TRX1,ORF62
F5H982,KSHV,NEC1,NEC1,ORF69
F5H991,HCMV,US26,US26,US26
F5H9T4,HCMV,UL9,UL9,UL9
F5H9W4,KSHV,TRM2,TRM2,ORF67A
F5H9W9,KSHV,ORF55,ORF55,ORF55
F5H9Z4,HCMV,UL20,UL20,UL20
F5HA06,HCMV,vCXC2,vCXC2,UL147
F5HA27,KSHV,NEC2,NEC2,ORF67
F5HAD1,KSHV,ORF58,ORF58,ORF58
F5HAI6,KSHV,CEP1,CEP1,ORF42
F5HAK6,HCMV,UL148B,UL148B,UL148B
F5HAK9,KSHV,gH,gH,ORF22
F5HAQ7,HCMV,UL135,UL135,UL135
F5HAR3,HCMV,US19,US19,US19
F5HAW0,KSHV,RIR2,RIR2,ORF60
F5HAY6,HCMV,UL36,UL36,UL36
F5HAZ3,HCMV,US23,US23,US23
F5HB39,KSHV,CVC1,CVC1,ORF32
F5HB41,HCMV,US30,US30,US30
F5HB62,KSHV,TK,TK,ORF21
F5HB81,KSHV,gB,gB,ORF8
F5HB98,KSHV,K8.1,K8.1,K8.1
F5HBL8,KSHV,ORF52,ORF52,ORF52
F5HBR4,HCMV,PORTL,PORTL,UL104
F5HBX1,HCMV,vCXCL1,vCXCL1,UL146
F5HC79,HCMV,TRM1,TRM1,UL56
F5HCD4,KSHV,ORF35,ORF35,ORF35
F5HCJ2,KSHV,vCCL3,vCCL3,K4.1
F5HCK7,HCMV,UL140,UL140,UL140
F5HCP3,HCMV,UL130,UL130,UL130
F5HCV3,KSHV,RTA,RTA,ORF50
F5HD27,HCMV,UL121,UL121,UL121
F5HDA4,KSHV,K7,K7,K7
F5HDB7,KSHV,gL,gL,ORF47
F5HDD0,KSHV,gM,gM,ORF39
F5HDE4,KSHV,ORF45,ORF45,ORF45
F5HDE7,HCMV,UL148C,UL148C,UL148C
F5HDY6,KSHV,ORF27,ORF27,ORF27
F5HE44,HCMV,US12,US12,US12
F5HE74,HCMV,UL148A,UL148A,UL148A
F5HEF2,KSHV,CEP2,CEP2,ORF33
F5HEF3,HCMV,US34,US34,US34
F5HEN7,HCMV,SCP,SCP,UL48A
F5HEN8,HCMV,HELI,HELI,UL105
F5HES7,KSHV,UL91,UL91,ORF30
F5HET4,HCMV,UL131A,UL131A,UL131A
F5HET8,KSHV,K6,K6,K6
F5HEU7,KSHV,ITP,ITP,ORF63
F5HEZ4,KSHV,vFLIP,vFLIP,ORF71
F5HF23,HCMV,RL5A,RL5A,RL5A
F5HF35,HCMV,UL136,UL136,UL136
F5HF36,KSHV,K4.2,K4.2,K4.2
F5HF44,HCMV,UL145,UL145,UL145
F5HF47,KSHV,CTNP,CTNP,ORF68
F5HF49,HCMV,AN,AN,UL98
F5HF68,KSHV,VIRF,VIRF1,K9
F5HF90,HCMV,UL22A,UL22A,UL22A
F5HFA1,KSHV,UNG,UNG,ORF46
F5HFD2,KSHV,VTBP,VTBP,ORF24
F5HFJ8,HCMV,UL91,UL91,UL91
F5HFQ0,KSHV,gN,gN,ORF53
F5HFZ4,HCMV,NEC1,NEC1,UL53
F5HG20,KSHV,UL49,UL49,ORF66
F5HG95,HCMV,US29,US29,US29
F5HG98,HCMV,UL38,UL38,UL38
F5HGB6,KSHV,TRM3,TRM3,ORF29
F5HGC2,HCMV,UL30,UL30,UL30
F5HGG3,HCMV,UL26,UL26,UL26
F5HGH5,KSHV,VPK,VPK,ORF36
F5HGI9,HCMV,TRM2,TRM2,UL51
F5HGJ3,KSHV,vBCL2,vBCL2,ORF16
F5HGK9,KSHV,PORTL,PORTL,ORF43
F5HGN8,KSHV,TRX2,TRX2,ORF26
F5HGP1,HCMV,gO,gO,UL74
F5HGQ8,HCMV,UL138,UL138,UL138
F5HGU6,HCMV,UL132,UL132,UL132
F5HHH2,HCMV,UL142,UL142,UL142
F5HHL7,HCMV,UL148D,UL148D,UL148D
F5HHQ0,HCMV,gN,gN,UL73
F5HHS3,HCMV,UL124,UL124,UL124
F5HHT6,HCMV,US21,US21,US21
F5HHY1,KSHV,CEP3,CEP3,ORF38
F5HI25,KSHV,ORF28,ORF28,ORF28
F5HI32,HCMV,RL10,RL10,RL10
F5HIC6,KSHV,VIRF,VIRF3,K10.5
F5HID2,KSHV,PAP,PAP,ORF59
F5HIM6,KSHV,TEG4,TEG4,ORF23
F5HIN0,KSHV,PRIM,PRIM,ORF56
F6KS47,PARV4,NS1,NS1,NS1
F7V995,HCMV,RL8A,RL8A,RL8A
F7V996,HCMV,RL9A,RL9A,RL9A
F7V998,HCMV,UL150A,UL150A,UL150A
F7V999,HCMV,US33A,US33A,US33A
G0XU00,CPV,NTPASE2,NTPASE2,NTPASE2
G0XUM9,CPV,L4,L4,L4
G3G929,SuHV1,ICP4,ICP4,ICP4
I1YP44,EBV,BDLF3,BDLF3,BDLF3
K0FHU3,KSHV,DBP,DBP,ORF6
K9N4V0,MERS-CoV,ORF4a,ORF4a,ORF4a
K9N4V7,MERS-CoV,N,N,N
K9N5Q8,MERS-CoV,Spike,Spike,Spike
K9N5R3,MERS-CoV,E,E,E
K9N638|PRO_0000422454,MERS-CoV,NSP1,NSP1,NSP1
K9N638|PRO_0000422455,MERS-CoV,NSP2,NSP2,NSP2
K9N638|PRO_0000422456,MERS-CoV,NSP3,NSP3,NSP3
K9N638|PRO_0000422457,MERS-CoV,NSP4,NSP4,NSP4
K9N638|PRO_0000422458,MERS-CoV,NSP5,NSP5,NSP5
K9N638|PRO_0000422459,MERS-CoV,NSP6,NSP6,NSP6
K9N638|PRO_0000422460,MERS-CoV,NSP7,NSP7,NSP7
K9N638|PRO_0000422461,MERS-CoV,NSP8,NSP8,NSP8
K9N638|PRO_0000422462,MERS-CoV,NSP9,NSP9,NSP9
K9N638|PRO_0000422463,MERS-CoV,NSP10,NSP10,NSP10
K9N638|PRO_0000422464,MERS-CoV,NSP11,NSP11,NSP11
K9N643,MERS-CoV,ORF4b,ORF4b,ORF4b
K9N796,MERS-CoV,ORF3,ORF3,ORF3
K9N7A1,MERS-CoV,M,M,M
K9N7C7|PRO_0000422439,MERS-CoV,NSP1,NSP1,NSP1
K9N7C7|PRO_0000422440,MERS-CoV,NSP2,NSP2,NSP2
K9N7C7|PRO_0000422441,MERS-CoV,NSP3,NSP3,NSP3
K9N7C7|PRO_0000422442,MERS-CoV,NSP4,NSP4,NSP4
K9N7C7|PRO_0000422443,MERS-CoV,NSP5,NSP5,NSP5
K9N7C7|PRO_0000422444,MERS-CoV,NSP6,NSP6,NSP6
K9N7C7|PRO_0000422445,MERS-CoV,NSP7,NSP7,NSP7
K9N7C7|PRO_0000422446,MERS-CoV,NSP8,NSP8,NSP8
K9N7C7|PRO_0000422447,MERS-CoV,NSP9,NSP9,NSP9
K9N7C7|PRO_0000422448,MERS-CoV,NSP10,NSP10,NSP10
K9N7C7|PRO_0000422449,MERS-CoV,NSP12,NSP12,NSP12
K9N7C7|PRO_0000422450,MERS-CoV,NSP13,NSP13,NSP13
K9N7C7|PRO_0000422451,MERS-CoV,NSP14,NSP14,NSP14
K9N7C7|PRO_0000422452,MERS-CoV,NSP15,NSP15,NSP15
K9N7C7|PRO_0000422453,MERS-CoV,NSP16,NSP16,NSP16
K9N7D2,MERS-CoV,ORF5,ORF5,ORF5
O09800,HSV1,gN,gN,UL49A
O09802,HSV1,US8.5,US8.5,US8.5
O39920,HCMV,UL41A,UL41A,UL41A
O39988,HSV2,SHUT,SHUT,UL41
O42047,HRSVB1,M2-2,M2-2,M2-2
O42050,HRSVB1,M2-1,M2-1,M2-1
O56282,HHV7,DBP,DBP,U41
P01876,Human,IGHA,IGHA,IGHA
P02768,Human,ALB,ALB,ALB
P03070,SV40,LT,LT,LT
P03071,BKPyV,LT,LT,LT
P03072,JCPyV,LT,LT,LT
P03081,SV40,ST,ST,ST
P03083,JCPyV,ST,ST,ST
P03086,JCPyV,Agnoprotein,Agnoprotein,Agnoprotein
P03118,HPV1,E2,E2,E2
P03120,HPV16,E2,E2,E2
P03126,HPV16,E6,E6,E6
P03129,HPV16,E7,E7,E7
P03132,AAV2,Rep68,Rep68,Rep68
P03169,HCMV,IE,IE1,UL123
P03170,HSV1,ICP47,ICP47,US12
P03172,HSV2,gD,gD,gD
P03179,EBV,MTP,MTP,BNRF1
P03181,EBV,BHLF1,BHLF1,BHLF1
P03184,EBV,CTNP,CTNP,BFLF1
P03185,EBV,NEC2,NEC2,BFRF1
P03186,EBV,LTP,LTP,BPLF1
P03187,EBV,TRX1,TRX1,BORF1
P03188,EBV,gB,gB,BALF4
P03189,EBV,ITP,ITP,BOLF1
P03191,EBV,PAP,PAP,BMRF1
P03192,EBV,BMRF2,BMRF2,BMRF2
P03193,EBV,PRIM,PRIM,BSLF1
P03195,EBV,DUT,DUT,BLLF3
P03198,EBV,DPOL,DPOL,BALF5
P03199,EBV,BLLF2,BLLF2,BLLF2
P03200,EBV,GP350,GP350,BLLF1
P03203,EBV,EBNA,EBNA4,EBNA4
P03204,EBV,EBNA,EBNA6,EBNA6
P03205,EBV,GP42,GP42,BZLF2
P03206,EBV,BZLF1,BZLF1,BZLF1
P03208,EBV,BILF1,BILF1,BILF1
P03209,EBV,RTA,RTA,BRLF1
P03210,EBV,BRRF2,BRRF2,BRRF2
P03211,EBV,EBNA,EBNA1,BKRF1
P03212,EBV,gL,gL,BKRF2
P03213,EBV,PORTL,PORTL,BBRF1
P03214,EBV,HELI,HELI,BBLF4
P03215,EBV,gM,gM,BBRF3
P03217,EBV,AN,AN,BGLF5
P03218,EBV,BILF2,BILF2,BILF2
P03220,EBV,ECP,ECP,BGLF3
P03222,EBV,CVC1,CVC1,BGLF1
P03224,EBV,BDLF3,BDLF3,BDLF3
P03226,EBV,MCP,MCP,BcLF1
P03227,EBV,DBP,DBP,BALF2
P03230,EBV,LMP1,LMP1,BNLF1
P03231,EBV,gH,gH,BXLF2
P03232,EBV,pTEG,pTEG,BXRF1
P03234,EBV,SCAF,SCAF,BVRF2
P03235,EBV,EC-RF4,EC-RF4,EC-RF4
P03238,HAdV2,E4,E4,E4
P03255,HAdV5,E1A,E1A,E1A
P03256,HAdV7,E1A,E1A,E1A
P03259,HAdV12,E1A,E1A,E1A
P03264,HAdV2,DBP,DBP,DBP
P03272,HAdV2,IVa2,IVa2,IVa2
P03273,HAdV7,IVa2,IVa2,IVa2
P03295,VACV,L4,L4,L4
P03410,HTLV2,tax,tax,tax
P03421,HRSVA2,P,P,P
P03495,IAV-U,NS1,NS1,NS1
P03496,IAV-PR,NS1,NS1,NS1
P03514,SSHV,NSS,NSS,NSS
P03520,VSIV,P,P,P
P04288,HSV1,gM,gM,UL10
P04289,HSV1,CEP3,CEP3,UL11
P04290,HSV1,VPK,VPK,UL13
P04291,HSV1,ECP,ECP,UL14
P04292,HSV1,DPOL,DPOL,UL30
P04293,HSV1,DPOL,DPOL,UL30
P04294,HSV1,AN,AN,UL12
P04295,HSV1,TRM3,TRM3,UL15
P04296,HSV1,DBP,DBP,UL29
P04308,VACV,VETFS,VETFS,VETFS
P04407,HSV2,TK,TK,UL23
P04413,HSV1,US3,US3,US3
P04485,HSV1,ICP22,ICP22,US1
P04487,HSV1,US11,US11,US11
P04488,HSV1,gE,gE,US8
P04497,HAdV7,DBP,DBP,DBP
P04498,HAdV12,DBP,DBP,DBP
P04543,HRSVA2,NS2,NS2,NS2
P04608,HIV1,tat,tat,tat
P04874,LACV,NSS,NSS,NSS
P05928,HIV1,vpr,vpr,vpr
P06024,SuHV1,gC,gC,
P06025,RABV,N,N,N
P06162,HPIV3,P,P,P
P06434,HCMV,IE,IE2,UL122
P06437,HSV1,gB,gB,UL27
P06463,HPV18,E6,E6,E6
P06465,HPV1,E7,E7,E7
P06473,HCMV,gB,gB,UL55
P06474,HSV1,RIR2,RIR2,UL40
P06477,HSV1,gH,gH,UL22
P06480,HSV1,gJ,gJ,US5
P06481,HSV1,US9,US9,US9
P06484,HSV1,gG,gG,US4
P06485,HSV1,US2,US2,US2
P06486,HSV1,US10,US10,US10
P06487,HSV1,gI,gI,US7
P06489,HSV2,AN,AN,UL12
P06490,HSV1,TRM1,TRM1,UL28
P06491,HSV1,MCP,MCP,UL19
P06492,HSV1,VP16,VP16,UL48
P06500,HAdV4,DBP,DBP,DBP
P06724,HCMV,V30K,V30K,
P06725,HCMV,UL83,UL83,UL83
P06726,HCMV,UL82,UL82,UL82
P06747,RABV,P,P,P
P06763,HSV2,gB,gB,gB
P06921,HPV5,E2,E2,E2
P06929,HPV1,E6,E6,E6
P06930,HPV5,E6,E6,E6
P06932,HPV5,E7,E7,E7
P07387,HCMV,TEG,TEG,
P07400,LCMV,N,N,N
P07562,SuHV1,gG,gG,70
P07610,VACV,VLTF2,VLTF2,VLTF2
P07645,SuHV1,gD,gD,
P07646,SuHV1,gI,gI,
P08318,HCMV,UL32,UL32,UL32
P08353,HSV1,ICP34.5,ICP34.5,RL1
P08354,SuHV1,gE,gE,
P08355,SuHV1,gB,gB,
P08392,HSV1,ICP4,ICP4,RS1
P08393,HSV1,ICP0,ICP0,RL2
P08543,HSV1,RIR1,RIR1,UL39
P08546,HCMV,DPOL,DPOL,UL54
P08560,HCMV,UL18,UL18,UL18
P09245,VZV,MCP,MCP,ORF40
P09246,VZV,DBP,DBP,ORF29
P09247,VZV,RIR2,RIR2,ORF18
P09248,VZV,RIR1,RIR1,ORF19
P09249,VZV,TYSY,TYSY,ORF13
P09250,VZV,TK,TK,ORF36
P09251,VZV,US3,US3,ORF66
P09255,VZV,ICP22,ICP22,ORF63/ORF70
P09256,VZV,gC,gC,ORF14
P09257,VZV,gB,gB,ORF31
P09258,VZV,gI,gI,ORF67
P09260,VZV,gH,gH,ORF37
P09261,VZV,gK,gK,ORF5
P09263,VZV,UL47,UL47,ORF11
P09264,VZV,UL46,UL46,ORF12
P09265,VZV,VP16,VP16,ORF10
P09267,VZV,ORF2,ORF2,ORF2
P09268,VZV,UL55,UL55,ORF3
P09269,VZV,ICP27,ICP27,ORF4
P09271,VZV,TEG7,TEG7,ORF7
P09273,VZV,UL43,UL43,ORF15
P09275,VZV,SHUT,SHUT,ORF17
P09276,VZV,TRX1,TRX1,ORF20
P09277,VZV,ITP,ITP,ORF21
P09279,VZV,SCP,SCP,ORF23
P09280,VZV,NEC2,NEC2,ORF24
P09281,VZV,TRM2,TRM2,ORF25
P09282,VZV,CTNP,CTNP,ORF26
P09283,VZV,NEC1,NEC1,ORF27
P09284,VZV,TRM1,TRM1,ORF30
P09285,VZV,ORF32,ORF32,ORF32
P09286,VZV,SCAF,SCAF,ORF33
P09287,VZV,CVC2,CVC2,ORF34
P09290,VZV,UL20,UL20,ORF39
P09291,VZV,TRX2,TRX2,ORF41
P09292,VZV,CVC1,CVC1,ORF43
P09293,VZV,CEP2,CEP2,ORF44
P09294,VZV,TRM3,TRM3,ORF45/ORF42
P09295,VZV,ECP,ECP,ORF46
P09296,VZV,VPK,VPK,ORF47
P09297,VZV,CEP3,CEP3,ORF49
P09298,VZV,gM,gM,ORF50
P09299,VZV,OBP,OBP,ORF51
P09301,VZV,CEP1,CEP1,ORF53
P09302,VZV,PORTL,PORTL,ORF54
P09305,VZV,ORF57,ORF57,ORF57
P09309,VZV,IE61,IE61,ORF61
P09310,VZV,ICP4,ICP4,ORF62/ORF71
P09311,VZV,US10,US10,ORF64/ORF69
P09312,VZV,US9,US9,ORF65
P09694,HCMV,IRL4,IRL4,IRL4
P09695,HCMV,TRS1,TRS1,TRS1
P09696,HCMV,HHLF2,HHLF2,US35
P09697,HCMV,HHLF3,HHLF3,US33
P09698,HCMV,HHFL4,HHFL4,YHR4
P09700,HCMV,US24,US24,US24
P09702,HCMV,HHRF1,HHRF1,YHR1
P09703,HCMV,US27,US27,US27
P09707,HCMV,HHRF6,HHRF6,US31
P09708,HCMV,HHRF7,HHRF7,US32
P09711,HCMV,HKRFX,HKRFX,J1I
P09712,HCMV,US3,US3,US3
P09713,HCMV,US2,US2,US2
P09714,HCMV,HQLF3,HQLF3,US1
P09715,HCMV,IRS1,IRS1,IRS1
P09716,HCMV,HVLF1,HVLF1,US17
P09718,HCMV,HVLF3,HVLF3,US15
P09719,HCMV,HVLF4,HVLF4,US14
P09720,HCMV,HVLF5,HVLF5,US13
P09722,HCMV,HWLF1,HWLF1,US22
P09724,HCMV,HWLF3,HWLF3,US20
P09727,HCMV,US11,US11,US11
P09728,HCMV,US10,US10,US10
P09729,HCMV,US9,US9,US9
P09730,HCMV,US8,US8,US8
P09731,HCMV,US7,US7,US7
P09854,HSV1,DPOL,DPOL,UL30
P09855,HSV1,TEG4,TEG4,UL21
P0A015,Saureus,Protein-A,Protein-A,Protein-A
P0C569,MOKV,P,P,P
P0C570,MOKV,N,N,N
P0C5B5,HCoV-HKU1-N2,I,I,I
P0C686,HBV,X,X,X
P0C6F8|PRO_0000338075,BtCoV-HKU3,NSP1,NSP1,NSP1
P0C6F8|PRO_0000338076,BtCoV-HKU3,NSP2,NSP2,NSP2
P0C6F8|PRO_0000338077,BtCoV-HKU3,NSP3,NSP3,NSP3
P0C6F8|PRO_0000338078,BtCoV-HKU3,NSP4,NSP4,NSP4
P0C6F8|PRO_0000338079,BtCoV-HKU3,NSP5,NSP5,NSP5
P0C6F8|PRO_0000338080,BtCoV-HKU3,NSP6,NSP6,NSP6
P0C6F8|PRO_0000338081,BtCoV-HKU3,NSP7,NSP7,NSP7
P0C6F8|PRO_0000338082,BtCoV-HKU3,NSP8,NSP8,NSP8
P0C6F8|PRO_0000338083,BtCoV-HKU3,NSP9,NSP9,NSP9
P0C6F8|PRO_0000338084,BtCoV-HKU3,NSP10,NSP10,NSP10
P0C6F8|PRO_0000338085,BtCoV-HKU3,NSP11,NSP11,NSP11
P0C6L3,HDV,S-HDAg,S-HDAg,S-HDAg
P0C6N0,EBV,sBARF1,sBARF1,BARF1
P0C6U2|PRO_0000338183,HCoV-229E,NSP1,NSP1,NSP1
P0C6U2|PRO_0000338184,HCoV-229E,NSP2,NSP2,NSP2
P0C6U2|PRO_0000338185,HCoV-229E,NSP3,NSP3,NSP3
P0C6U2|PRO_0000338186,HCoV-229E,NSP4,NSP4,NSP4
P0C6U2|PRO_0000338187,HCoV-229E,NSP5,NSP5,NSP5
P0C6U2|PRO_0000338188,HCoV-229E,NSP6,NSP6,NSP6
P0C6U2|PRO_0000338189,HCoV-229E,NSP7,NSP7,NSP7
P0C6U2|PRO_0000338190,HCoV-229E,NSP8,NSP8,NSP8
P0C6U2|PRO_0000338191,HCoV-229E,NSP9,NSP9,NSP9
P0C6U2|PRO_0000338192,HCoV-229E,NSP10,NSP10,NSP10
P0C6U2|PRO_0000338193,HCoV-229E,NSP11,NSP11,NSP11
P0C6U3|PRO_0000338195,HCoV-HKU1-N1,NSP1,NSP1,NSP1
P0C6U3|PRO_0000338196,HCoV-HKU1-N1,NSP2,NSP2,NSP2
P0C6U3|PRO_0000338197,HCoV-HKU1-N1,NSP3,NSP3,NSP3
P0C6U3|PRO_0000338198,HCoV-HKU1-N1,NSP4,NSP4,NSP4
P0C6U3|PRO_0000338199,HCoV-HKU1-N1,NSP5,NSP5,NSP5
P0C6U3|PRO_0000338200,HCoV-HKU1-N1,NSP6,NSP6,NSP6
P0C6U3|PRO_0000338201,HCoV-HKU1-N1,NSP7,NSP7,NSP7
P0C6U3|PRO_0000338202,HCoV-HKU1-N1,NSP8,NSP8,NSP8
P0C6U3|PRO_0000338203,HCoV-HKU1-N1,NSP9,NSP9,NSP9
P0C6U3|PRO_0000338204,HCoV-HKU1-N1,NSP10,NSP10,NSP10
P0C6U3|PRO_0000338205,HCoV-HKU1-N1,NSP11,NSP11,NSP11
P0C6U4|PRO_0000338207,HCoV-HKU1-N2,NSP1,NSP1,NSP1
P0C6U4|PRO_0000338208,HCoV-HKU1-N2,NSP2,NSP2,NSP2
P0C6U4|PRO_0000338209,HCoV-HKU1-N2,NSP3,NSP3,NSP3
P0C6U4|PRO_0000338210,HCoV-HKU1-N2,NSP4,NSP4,NSP4
P0C6U4|PRO_0000338211,HCoV-HKU1-N2,NSP5,NSP5,NSP5
P0C6U4|PRO_0000338212,HCoV-HKU1-N2,NSP6,NSP6,NSP6
P0C6U4|PRO_0000338213,HCoV-HKU1-N2,NSP7,NSP7,NSP7
P0C6U4|PRO_0000338214,HCoV-HKU1-N2,NSP8,NSP8,NSP8
P0C6U4|PRO_0000338215,HCoV-HKU1-N2,NSP9,NSP9,NSP9
P0C6U4|PRO_0000338216,HCoV-HKU1-N2,NSP10,NSP10,NSP10
P0C6U4|PRO_0000338217,HCoV-HKU1-N2,NSP11,NSP11,NSP11
P0C6U5|PRO_0000338219,HCoV-HKU1-N5,NSP1,NSP1,NSP1
P0C6U5|PRO_0000338220,HCoV-HKU1-N5,NSP2,NSP2,NSP2
P0C6U5|PRO_0000338221,HCoV-HKU1-N5,NSP3,NSP3,NSP3
P0C6U5|PRO_0000338222,HCoV-HKU1-N5,NSP4,NSP4,NSP4
P0C6U5|PRO_0000338223,HCoV-HKU1-N5,NSP5,NSP5,NSP5
P0C6U5|PRO_0000338224,HCoV-HKU1-N5,NSP6,NSP6,NSP6
P0C6U5|PRO_0000338225,HCoV-HKU1-N5,NSP7,NSP7,NSP7
P0C6U5|PRO_0000338226,HCoV-HKU1-N5,NSP8,NSP8,NSP8
P0C6U5|PRO_0000338227,HCoV-HKU1-N5,NSP9,NSP9,NSP9
P0C6U5|PRO_0000338228,HCoV-HKU1-N5,NSP10,NSP10,NSP10
P0C6U5|PRO_0000338229,HCoV-HKU1-N5,NSP11,NSP11,NSP11
P0C6U6|PRO_0000338231,HCoV-NL63,NSP1,NSP1,NSP1
P0C6U6|PRO_0000338232,HCoV-NL63,NSP2,NSP2,NSP2
P0C6U6|PRO_0000338233,HCoV-NL63,NSP3,NSP3,NSP3
P0C6U6|PRO_0000338234,HCoV-NL63,NSP4,NSP4,NSP4
P0C6U6|PRO_0000338235,HCoV-NL63,NSP5,NSP5,NSP5
P0C6U6|PRO_0000338236,HCoV-NL63,NSP6,NSP6,NSP6
P0C6U6|PRO_0000338237,HCoV-NL63,NSP7,NSP7,NSP7
P0C6U6|PRO_0000338238,HCoV-NL63,NSP8,NSP8,NSP8
P0C6U6|PRO_0000338239,HCoV-NL63,NSP9,NSP9,NSP9
P0C6U6|PRO_0000338240,HCoV-NL63,NSP10,NSP10,NSP10
P0C6U6|PRO_0000338241,HCoV-NL63,NSP11,NSP11,NSP11
P0C6U7|PRO_0000338243,HCoV-OC43,NSP1,NSP1,NSP1
P0C6U7|PRO_0000338244,HCoV-OC43,NSP2,NSP2,NSP2
P0C6U7|PRO_0000338245,HCoV-OC43,NSP3,NSP3,NSP3
P0C6U7|PRO_0000338246,HCoV-OC43,NSP4,NSP4,NSP4
P0C6U7|PRO_0000338247,HCoV-OC43,NSP5,NSP5,NSP5
P0C6U7|PRO_0000338248,HCoV-OC43,NSP6,NSP6,NSP6
P0C6U7|PRO_0000338249,HCoV-OC43,NSP7,NSP7,NSP7
P0C6U7|PRO_0000338250,HCoV-OC43,NSP8,NSP8,NSP8
P0C6U7|PRO_0000338251,HCoV-OC43,NSP9,NSP9,NSP9
P0C6U7|PRO_0000338252,HCoV-OC43,NSP10,NSP10,NSP10
P0C6U7|PRO_0000338253,HCoV-OC43,NSP11,NSP11,NSP11
P0C6U8|PRO_0000338255,SARS-CoV,NSP1,NSP1,NSP1
P0C6U8|PRO_0000338256,SARS-CoV,NSP2,NSP2,NSP2
P0C6U8|PRO_0000338257,SARS-CoV,NSP3,NSP3,NSP3
P0C6U8|PRO_0000338258,SARS-CoV,NSP4,NSP4,NSP4
P0C6U8|PRO_0000338259,SARS-CoV,NSP5,NSP5,NSP5
P0C6U8|PRO_0000338260,SARS-CoV,NSP6,NSP6,NSP6
P0C6U8|PRO_0000338261,SARS-CoV,NSP7,NSP7,NSP7
P0C6U8|PRO_0000338262,SARS-CoV,NSP8,NSP8,NSP8
P0C6U8|PRO_0000338263,SARS-CoV,NSP9,NSP9,NSP9
P0C6U8|PRO_0000338264,SARS-CoV,NSP10,NSP10,NSP10
P0C6U8|PRO_0000338265,SARS-CoV,NSP11,NSP11,NSP11
P0C6W2|PRO_0000291335,BtCoV-HKU3,NSP1,NSP1,NSP1
P0C6W2|PRO_0000291336,BtCoV-HKU3,NSP2,NSP2,NSP2
P0C6W2|PRO_0000291337,BtCoV-HKU3,NSP3,NSP3,NSP3
P0C6W2|PRO_0000291338,BtCoV-HKU3,NSP4,NSP4,NSP4
P0C6W2|PRO_0000291339,BtCoV-HKU3,NSP5,NSP5,NSP5
P0C6W2|PRO_0000291340,BtCoV-HKU3,NSP6,NSP6,NSP6
P0C6W2|PRO_0000291341,BtCoV-HKU3,NSP7,NSP7,NSP7
P0C6W2|PRO_0000291342,BtCoV-HKU3,NSP8,NSP8,NSP8
P0C6W2|PRO_0000291343,BtCoV-HKU3,NSP9,NSP9,NSP9
P0C6W2|PRO_0000291344,BtCoV-HKU3,NSP10,NSP10,NSP10
P0C6W2|PRO_0000291345,BtCoV-HKU3,NSP12,NSP12,NSP12
P0C6W2|PRO_0000291346,BtCoV-HKU3,NSP13,NSP13,NSP13
P0C6W2|PRO_0000291347,BtCoV-HKU3,NSP14,NSP14,NSP14
P0C6W2|PRO_0000291348,BtCoV-HKU3,NSP15,NSP15,NSP15
P0C6W2|PRO_0000291349,BtCoV-HKU3,NSP16,NSP16,NSP16
P0C6X1|PRO_0000037293,HCoV-229E,NSP1,NSP1,NSP1
P0C6X1|PRO_0000037294,HCoV-229E,NSP2,NSP2,NSP2
P0C6X1|PRO_0000037295,HCoV-229E,NSP3,NSP3,NSP3
P0C6X1|PRO_0000037296,HCoV-229E,NSP4,NSP4,NSP4
P0C6X1|PRO_0000037297,HCoV-229E,NSP5,NSP5,NSP5
P0C6X1|PRO_0000037298,HCoV-229E,NSP6,NSP6,NSP6
P0C6X1|PRO_0000037299,HCoV-229E,NSP7,NSP7,NSP7
P0C6X1|PRO_0000037300,HCoV-229E,NSP8,NSP8,NSP8
P0C6X1|PRO_0000037301,HCoV-229E,NSP9,NSP9,NSP9
P0C6X1|PRO_0000037302,HCoV-229E,NSP10,NSP10,NSP10
P0C6X1|PRO_0000037303,HCoV-229E,NSP12,NSP12,NSP12
P0C6X1|PRO_0000037304,HCoV-229E,NSP13,NSP13,NSP13
P0C6X1|PRO_0000037305,HCoV-229E,NSP14,NSP14,NSP14
P0C6X1|PRO_0000037306,HCoV-229E,NSP15,NSP15,NSP15
P0C6X1|PRO_0000037307,HCoV-229E,NSP16,NSP16,NSP16
P0C6X2|PRO_5000093333,HCoV-HKU1-N1,NSP1,NSP1,NSP1
P0C6X2|PRO_5000093334,HCoV-HKU1-N1,NSP2,NSP2,NSP2
P0C6X2|PRO_5000093335,HCoV-HKU1-N1,NSP3,NSP3,NSP3
P0C6X2|PRO_5000093336,HCoV-HKU1-N1,NSP4,NSP4,NSP4
P0C6X2|PRO_5000093337,HCoV-HKU1-N1,NSP5,NSP5,NSP5
P0C6X2|PRO_5000093338,HCoV-HKU1-N1,NSP6,NSP6,NSP6
P0C6X2|PRO_5000093339,HCoV-HKU1-N1,NSP7,NSP7,NSP7
P0C6X2|PRO_5000093340,HCoV-HKU1-N1,NSP8,NSP8,NSP8
P0C6X2|PRO_5000093341,HCoV-HKU1-N1,NSP9,NSP9,NSP9
P0C6X2|PRO_5000093342,HCoV-HKU1-N1,NSP10,NSP10,NSP10
P0C6X2|PRO_5000093343,HCoV-HKU1-N1,NSP12,NSP12,NSP12
P0C6X2|PRO_5000093344,HCoV-HKU1-N1,NSP13,NSP13,NSP13
P0C6X2|PRO_5000093345,HCoV-HKU1-N1,NSP14,NSP14,NSP14
P0C6X2|PRO_5000093346,HCoV-HKU1-N1,NSP15,NSP15,NSP15
P0C6X2|PRO_5000093347,HCoV-HKU1-N1,NSP16,NSP16,NSP16
P0C6X3|PRO_0000297773,HCoV-HKU1-N2,NSP1,NSP1,NSP1
P0C6X3|PRO_0000297774,HCoV-HKU1-N2,NSP2,NSP2,NSP2
P0C6X3|PRO_0000297775,HCoV-HKU1-N2,NSP3,NSP3,NSP3
P0C6X3|PRO_0000297776,HCoV-HKU1-N2,NSP4,NSP4,NSP4
P0C6X3|PRO_0000297777,HCoV-HKU1-N2,NSP5,NSP5,NSP5
P0C6X3|PRO_0000297778,HCoV-HKU1-N2,NSP6,NSP6,NSP6
P0C6X3|PRO_0000297779,HCoV-HKU1-N2,NSP7,NSP7,NSP7
P0C6X3|PRO_0000297780,HCoV-HKU1-N2,NSP8,NSP8,NSP8
P0C6X3|PRO_0000297781,HCoV-HKU1-N2,NSP9,NSP9,NSP9
P0C6X3|PRO_0000297782,HCoV-HKU1-N2,NSP10,NSP10,NSP10
P0C6X3|PRO_0000297783,HCoV-HKU1-N2,NSP12,NSP12,NSP12
P0C6X3|PRO_0000297784,HCoV-HKU1-N2,NSP13,NSP13,NSP13
P0C6X3|PRO_0000297785,HCoV-HKU1-N2,NSP14,NSP14,NSP14
P0C6X3|PRO_0000297786,HCoV-HKU1-N2,NSP15,NSP15,NSP15
P0C6X3|PRO_0000297787,HCoV-HKU1-N2,NSP16,NSP16,NSP16
P0C6X4|PRO_0000297788,HCoV-HKU1-N5,NSP1,NSP1,NSP1
P0C6X4|PRO_0000297789,HCoV-HKU1-N5,NSP2,NSP2,NSP2
P0C6X4|PRO_0000297790,HCoV-HKU1-N5,NSP3,NSP3,NSP3
P0C6X4|PRO_0000297791,HCoV-HKU1-N5,NSP4,NSP4,NSP4
P0C6X4|PRO_0000297792,HCoV-HKU1-N5,NSP5,NSP5,NSP5
P0C6X4|PRO_0000297793,HCoV-HKU1-N5,NSP6,NSP6,NSP6
P0C6X4|PRO_0000297794,HCoV-HKU1-N5,NSP7,NSP7,NSP7
P0C6X4|PRO_0000297795,HCoV-HKU1-N5,NSP8,NSP8,NSP8
P0C6X4|PRO_0000297796,HCoV-HKU1-N5,NSP9,NSP9,NSP9
P0C6X4|PRO_0000297797,HCoV-HKU1-N5,NSP10,NSP10,NSP10
P0C6X4|PRO_0000297798,HCoV-HKU1-N5,NSP12,NSP12,NSP12
P0C6X4|PRO_0000297799,HCoV-HKU1-N5,NSP13,NSP13,NSP13
P0C6X4|PRO_0000297800,HCoV-HKU1-N5,NSP14,NSP14,NSP14
P0C6X4|PRO_0000297801,HCoV-HKU1-N5,NSP15,NSP15,NSP15
P0C6X4|PRO_0000297802,HCoV-HKU1-N5,NSP16,NSP16,NSP16
P0C6X5|PRO_0000283874,HCoV-NL63,NSP1,NSP1,NSP1
P0C6X5|PRO_0000283875,HCoV-NL63,NSP2,NSP2,NSP2
P0C6X5|PRO_0000283876,HCoV-NL63,NSP3,NSP3,NSP3
P0C6X5|PRO_0000283877,HCoV-NL63,NSP4,NSP4,NSP4
P0C6X5|PRO_0000283878,HCoV-NL63,NSP5,NSP5,NSP5
P0C6X5|PRO_0000283879,HCoV-NL63,NSP6,NSP6,NSP6
P0C6X5|PRO_0000283880,HCoV-NL63,NSP7,NSP7,NSP7
P0C6X5|PRO_0000283881,HCoV-NL63,NSP8,NSP8,NSP8
P0C6X5|PRO_0000283882,HCoV-NL63,NSP9,NSP9,NSP9
P0C6X5|PRO_0000283883,HCoV-NL63,NSP10,NSP10,NSP10
P0C6X5|PRO_0000283884,HCoV-NL63,NSP12,NSP12,NSP12
P0C6X5|PRO_0000283885,HCoV-NL63,NSP13,NSP13,NSP13
P0C6X5|PRO_0000283886,HCoV-NL63,NSP14,NSP14,NSP14
P0C6X5|PRO_0000283887,HCoV-NL63,NSP15,NSP15,NSP15
P0C6X5|PRO_0000283888,HCoV-NL63,NSP16,NSP16,NSP16
P0C6X6|PRO_0000037308,HCoV-OC43,NSP12,NSP12,NSP12
P0C6X6|PRO_0000283826,HCoV-OC43,NSP1,NSP1,NSP1
P0C6X6|PRO_0000283827,HCoV-OC43,NSP2,NSP2,NSP2
P0C6X6|PRO_0000283828,HCoV-OC43,NSP3,NSP3,NSP3
P0C6X6|PRO_0000283829,HCoV-OC43,NSP4,NSP4,NSP4
P0C6X6|PRO_0000283830,HCoV-OC43,NSP5,NSP5,NSP5
P0C6X6|PRO_0000283831,HCoV-OC43,NSP6,NSP6,NSP6
P0C6X6|PRO_0000283832,HCoV-OC43,NSP7,NSP7,NSP7
P0C6X6|PRO_0000283833,HCoV-OC43,NSP8,NSP8,NSP8
P0C6X6|PRO_0000283834,HCoV-OC43,NSP9,NSP9,NSP9
P0C6X6|PRO_0000283835,HCoV-OC43,NSP10,NSP10,NSP10
P0C6X6|PRO_0000283836,HCoV-OC43,NSP13,NSP13,NSP13
P0C6X6|PRO_0000283837,HCoV-OC43,NSP14,NSP14,NSP14
P0C6X6|PRO_0000283838,HCoV-OC43,NSP15,NSP15,NSP15
P0C6X6|PRO_0000283839,HCoV-OC43,NSP16,NSP16,NSP16
P0C6X7|PRO_0000037309,SARS-CoV,NSP1,NSP1,NSP1
P0C6X7|PRO_0000037310,SARS-CoV,NSP2,NSP2,NSP2
P0C6X7|PRO_0000037311,SARS-CoV,NSP3,NSP3,NSP3
P0C6X7|PRO_0000037312,SARS-CoV,NSP5,NSP5,NSP5
P0C6X7|PRO_0000037313,SARS-CoV,NSP6,NSP6,NSP6
P0C6X7|PRO_0000037314,SARS-CoV,NSP7,NSP7,NSP7
P0C6X7|PRO_0000037315,SARS-CoV,NSP8,NSP8,NSP8
P0C6X7|PRO_0000037316,SARS-CoV,NSP9,NSP9,NSP9
P0C6X7|PRO_0000037317,SARS-CoV,NSP10,NSP10,NSP10
P0C6X7|PRO_0000037318,SARS-CoV,NSP12,NSP12,NSP12
P0C6X7|PRO_0000037319,SARS-CoV,NSP13,NSP13,NSP13
P0C6X7|PRO_0000037320,SARS-CoV,NSP14,NSP14,NSP14
P0C6X7|PRO_0000037321,SARS-CoV,NSP15,NSP15,NSP15
P0C6X7|PRO_0000037322,SARS-CoV,NSP16,NSP16,NSP16
P0C6X7|PRO_0000283841,SARS-CoV,NSP4,NSP4,NSP4
P0C6Z0,EBV,PAP,PAP,BMRF1
P0C6Z3,EBV,gN,gN,BLRF1
P0C6Z6,EBV,vIL10,vIL10,BCRF1
P0C6Z8,EBV,VPK,VPK,BGLF4
P0C6Z9,EBV,CEP1,CEP1,BBRF2
P0C702,EBV,RIR1,RIR1,BORF2
P0C705,EBV,CVC2,CVC2,BVRF1
P0C717,EBV,BLRF2,BLRF2,BLRF2
P0C723,EBV,BRRF1,BRRF1,BRRF1
P0C724,EBV,BKRF4,BKRF4,BKRF4
P0C726,EBV,LF2,LF2,LF2
P0C727,EBV,LF3,LF3,LF3
P0C736,EBV,BHRF1,BHRF1,BHRF1
P0C737,EBV,BNLF2a,BNLF2a,BNLF2a
P0C741,EBV,LMP1,LMP1,BNLF1
P0C742,EBV,BDLF2,BDLF2,BDLF2
P0C744,EBV,TRM3,TRM3,BGRF1/BdRF1
P0C746,HTLV1,HBZ,HBZ,HBZ
P0C788,KSHV,OX2V,OX2V,K14
P0C799,BDV,P,P,P
P0CAP7,EBV,RIR2,RIR2,BaRF1
P0CK48,EBV,NEC1,NEC1,BFLF2
P0CK50,EBV,TEG7,TEG7,BSRF1
P0CK52,EBV,CEP3,CEP3,BBLF1
P0CK54,EBV,CEP2,CEP2,BGLF2
P0CK56,EBV,UL92,UL92,BDLF4
P0CK57,EBV,UL92,UL92,BDLF4
P0CK58,EBV,BALF1,BALF1,BALF1
P0DOE0,HHV6A,GQ2,GQ2,U100
P0DOE1,HHV6B,GQ2,GQ2,U100
P0DOE9,HRSVA2,NS1,NS1,NS1
P0DOI9,KIPyV,ST,ST,ST
P0DPH7,Human,TUBA3C,TUBA3C,TUBA3C
P0DTC1|PRO_0000449635,SARS-CoV-2,NSP1,NSP1,NSP1
P0DTC1|PRO_0000449636,SARS-CoV-2,NSP2,NSP2,NSP2
P0DTC1|PRO_0000449637,SARS-CoV-2,NSP3,NSP3,NSP3
P0DTC1|PRO_0000449638,SARS-CoV-2,NSP4,NSP4,NSP4
P0DTC1|PRO_0000449639,SARS-CoV-2,NSP5,NSP5,NSP5
P0DTC1|PRO_0000449640,SARS-CoV-2,NSP6,NSP6,NSP6
P0DTC1|PRO_0000449641,SARS-CoV-2,NSP7,NSP7,NSP7
P0DTC1|PRO_0000449642,SARS-CoV-2,NSP8,NSP8,NSP8
P0DTC1|PRO_0000449643,SARS-CoV-2,NSP9,NSP9,NSP9
P0DTC1|PRO_0000449644,SARS-CoV-2,NSP10,NSP10,NSP10
P0DTC1|PRO_0000449645,SARS-CoV-2,NSP11,NSP11,NSP11
P0DTC2,SARS-CoV-2,Spike,Spike,Spike
P0DTC3,SARS-CoV-2,ORF3a,ORF3a,ORF3a
P0DTC4,SARS-CoV-2,E,E,E
P0DTC5,SARS-CoV-2,M,M,M
P0DTC6,SARS-CoV-2,NS6,NS6,NS6
P0DTC7,SARS-CoV-2,NS7A,NS7A,NS7A
P0DTC8,SARS-CoV-2,NS8,NS8,NS8
P0DTC9,SARS-CoV-2,N,N,N
P0DTD1|PRO_0000449619,SARS-CoV-2,NSP1,NSP1,NSP1
P0DTD1|PRO_0000449620,SARS-CoV-2,NSP2,NSP2,NSP2
P0DTD1|PRO_0000449621,SARS-CoV-2,NSP3,NSP3,NSP3
P0DTD1|PRO_0000449622,SARS-CoV-2,NSP4,NSP4,NSP4
P0DTD1|PRO_0000449623,SARS-CoV-2,NSP5,NSP5,NSP5
P0DTD1|PRO_0000449624,SARS-CoV-2,NSP6,NSP6,NSP6
P0DTD1|PRO_0000449625,SARS-CoV-2,NSP7,NSP7,NSP7
P0DTD1|PRO_0000449626,SARS-CoV-2,NSP8,NSP8,NSP8
P0DTD1|PRO_0000449627,SARS-CoV-2,NSP9,NSP9,NSP9
P0DTD1|PRO_0000449628,SARS-CoV-2,NSP10,NSP10,NSP10
P0DTD1|PRO_0000449629,SARS-CoV-2,NSP12,NSP12,NSP12
P0DTD1|PRO_0000449630,SARS-CoV-2,NSP13,NSP13,NSP13
P0DTD1|PRO_0000449631,SARS-CoV-2,NSP14,NSP14,NSP14
P0DTD1|PRO_0000449632,SARS-CoV-2,NSP15,NSP15,NSP15
P0DTD1|PRO_0000449633,SARS-CoV-2,NSP16,NSP16,NSP16
P0DTD2,SARS-CoV-2,ORF9b,ORF9b,ORF9b
P0DTD3,SARS-CoV-2,ORF14,ORF14,ORF14
P0DTD8,SARS-CoV-2,NS7b,NS7b,NS7b
P10185,HSV1,gL,gL,UL1
P10186,HSV1,UNG,UNG,UL2
P10188,HSV1,UL4,UL4,UL4
P10189,HSV1,HELI,HELI,UL5
P10190,HSV1,PORTL,PORTL,UL6
P10191,HSV1,CEP1,CEP1,UL7
P10192,HSV1,HEPA,HEPA,UL8
P10193,HSV1,OBP,OBP,UL9
P10200,HSV1,CEP2,CEP2,UL16
P10201,HSV1,CVC1,CVC1,UL17
P10202,HSV1,TRX2,TRX2,UL18
P10204,HSV1,UL20,UL20,UL20
P10205,HSV1,TEG4,TEG4,UL21
P10208,HSV1,pTEG,pTEG,UL24
P10209,HSV1,CVC2,CVC2,UL25
P10210,HSV1,SCAF,SCAF,UL26
P10212,HSV1,TRM1,TRM1,UL28
P10215,HSV1,NEC1,NEC1,UL31
P10216,HSV1,UL32,UL32,UL32
P10217,HSV1,TRM2,TRM2,UL33
P10218,HSV1,NEC2,NEC2,UL34
P10219,HSV1,SCP,SCP,UL35
P10220,HSV1,LTP,LTP,UL36
P10221,HSV1,ITP,ITP,UL37
P10226,HSV1,PAP,PAP,UL42
P10227,HSV1,UL43,UL43,UL43
P10228,HSV1,gC,gC,UL44
P10229,HSV1,UL45,UL45,UL45
P10230,HSV1,UL46,UL46,UL46
P10231,HSV1,UL47,UL47,UL47
P10233,HSV1,VP22,VP22,UL49
P10234,HSV1,DUT,DUT,UL50
P10235,HSV1,UL51,UL51,UL51
P10236,HSV1,PRIM,PRIM,UL52
P10238,HSV1,ICP27,ICP27,UL54
P10239,HSV1,UL55,UL55,UL55
P10240,HSV1,UL56,UL56,UL56
P10407,HAdV4,E1A,E1A,E1A
P10541,HAdV40,E1A,E1A,E1A
P11313,SuHV1,US9,US9,
P11315,HAdV3,E3,E3,E3
P11806,HAdV40,DBP,DBP,DBP
P11870,SuHV1,DBP,DBP,UL29
P11871,SuHV1,TRM1,TRM1,
P12540,HAdV12,IVa2,IVa2,IVa2
P12888,EBV,UNG,UNG,BKRF3
P12923,VACV,I3,I3,I3
P12927,VACV,NPH2,NPH2,NPH2
P12977,EBV,EBNA,EBNA3,BLRF3-BERF1
P12978,EBV,EBNA,EBNA2,BYRF1
P13158,HSV2,UNG,UNG,UL2
P13198,EBV,LMP1,LMP1,BNLF1
P13200,HCMV,CEP3,CEP3,UL99
P13285,EBV,LMP2,LMP2,
P13287,HSV2,US3,US3,US3
P13290,HSV2,gG,gG,US4
P13291,HSV2,gI,gI,US7
P13292,HSV2,US2,US2,US2
P13293,HSV2,gJ,gJ,US5
P13294,HSV2,CEP3,CEP3,UL11
P14079,HTLV1,tax,tax,tax
P14334,HCMV,US6,US6,US6
P14345,HSV2,ICP47,ICP47,US12
P14347,EBV,UL49,UL49,BFRF2
P14348,EBV,SCP,SCP,BFRF3
P14353,HFV,BEL1,BEL1,BEL1
P14379,HSV2,ICP22,ICP22,US12
P14998,BKPyV,Agnoprotein,Agnoprotein,Agnoprotein
P15000,BKPyV,ST,ST,ST
P15130,HCoV-229E,N,N,N
P15422,HCoV-229E,M,M,M
P15423,HCoV-229E,Spike,Spike,Spike
P16494,BUNV,NSS,NSS,NSS
P16719,HCMV,UL1,UL1,UL1
P16721,HCMV,UL11,UL11,UL11
P16723,HCMV,UL19,UL19,UL19
P16725,HCMV,pTEG,pTEG,UL76
P16727,HCMV,UL84,UL84,UL84
P16728,HCMV,TRX2,TRX2,UL85
P16729,HCMV,MCP,MCP,UL86
P16730,HCMV,VTBP,VTBP,UL87
P16731,HCMV,TEG4,TEG4,UL88
P16732,HCMV,TRM3,TRM3,UL89
P16733,HCMV,gM,gM,UL100
P16734,HCMV,CEP1,CEP1,UL103
P16737,HCMV,UL106,UL106,UL106
P16738,HCMV,UL109,UL109,UL109
P16739,HCMV,UL119,UL119,UL119/UL118
P16740,HCMV,UL120,UL120,UL120
P16743,HCMV,UL7,UL7,UL7
P16744,HCMV,UL8,UL8,UL8
P16745,HCMV,UL9,UL9,UL9
P16746,HCMV,UL59,UL59,UL59
P16747,HCMV,UL67,UL67,UL67
P16748,HCMV,UL68,UL68,UL68
P16749,HCMV,ICP27,ICP27,UL69
P16750,HCMV,gO,gO,UL74
P16751,HCMV,UL78,UL78,UL78
P16752,HCMV,UL79,UL79,UL79
P16752,HCMV,UL79,UL79,UL79
P16754,HCMV,UL2,UL2,UL2
P16757,HCMV,UL16,UL16,UL16
P16758,HCMV,UL20,UL20,UL20
P16759,HCMV,UL21,UL21,UL21
P16760,HCMV,UL24,UL24,UL24
P16761,HCMV,P85,P85,UL25
P16766,HCMV,UL35,UL35,UL35
P16769,HCMV,UNG,UNG,UL114
P16770,HCMV,UL117,UL117,UL117
P16771,HCMV,UL127,UL127,UL127
P16773,HCMV,UL131,UL131,UL131
P16775,HCMV,UL3,UL3,UL3
P16776,HCMV,UL5,UL5,UL5
P16777,HCMV,UL12,UL12,UL12
P16778,HCMV,UL37,UL37,UL37
P16780,HCMV,UL40,UL40,UL40
P16781,HCMV,UL43,UL43,UL43
P16782,HCMV,RIR1,RIR1,UL45
P16783,HCMV,TRX1,TRX1,UL46
P16784,HCMV,ITP,ITP,UL47
P16786,HCMV,UL49,UL49,UL49
P16787,HCMV,UL96,UL96,UL96
P16788,HCMV,VPK,VPK,UL97
P16790,HCMV,PAP,PAP,UL44
P16793,HCMV,CTNP,CTNP,UL52
P16795,HCMV,gN,gN,UL73
P16796,HCMV,UL90,UL90,UL90
P16797,HCMV,UL91,UL91,UL91
P16798,HCMV,UL92,UL92,UL92
P16799,HCMV,CVC1,CVC1,UL93
P16800,HCMV,CEP2,CEP2,UL94
P16801,HCMV,ECP,ECP,UL95
P16802,HCMV,IRL2,IRL2,IRL2
P16803,HCMV,IRL5,IRL5,IRL5
P16805,HCMV,IRL7,IRL7,IRL7
P16806,HCMV,IRL8,IRL8,IRL8
P16807,HCMV,IRL9,IRL9,IRL9
P16809,HCMV,IR11,IR11,IRL11
P16810,HCMV,IRL12,IRL12,IRL12
P16811,HCMV,IRL13,IRL13,IRL13
P16812,HCMV,UL34,UL34,UL34
P16813,HCMV,UL39,UL39,UL39
P16814,HCMV,UL41,UL41,UL41
P16816,HCMV,UL58,UL58,UL58
P16817,HCMV,UL60,UL60,UL60
P16818,HCMV,UL61,UL61,UL61
P16819,HCMV,UL62,UL62,UL62
P16820,HCMV,UL63,UL63,UL63
P16821,HCMV,UL64,UL64,UL64
P16822,HCMV,UL66,UL66,UL66
P16823,HCMV,TEG7,TEG7,UL71
P16824,HCMV,DUT,DUT,UL72
P16825,HCMV,UL81,UL81,UL81
P16826,HCMV,UL101,UL101,UL101
P16827,HCMV,HEPA,HEPA,UL102
P16828,HCMV,UL107,UL107,UL107
P16829,HCMV,UL108,UL108,UL108
P16830,HCMV,UL110,UL110,UL110
P16832,HCMV,gL,gL,UL115
P16835,HCMV,UL125,UL125,UL125
P16836,HCMV,UL126,UL126,UL126
P16838,HCMV,UL129,UL129,UL129
P16839,HCMV,US4,US4,US4
P16840,HCMV,US5,US5,US5
P16842,HCMV,US36,US36,US36
P16843,HCMV,UL10,UL10,UL10
P16844,HCMV,UL15A,UL15A,UL15A
P16845,HCMV,UL22A,UL22A,UL22A/UL20A
P16846,HCMV,UL23,UL23,UL23
P16847,HCMV,UL28,UL28,UL28
P16848,HCMV,UL31,UL31,UL31
P16849,HCMV,UL33,UL33,UL33
P17142,HCMV,IRL3,IRL3,IRL3
P17143,HCMV,J1L,J1L,J1L
P17144,HCMV,J1S,J1S,J1S
P17145,HCMV,US25,US25,US25
P17146,HCMV,GP48,GP48,UL4
P17147,HCMV,DBP,DBP,UL57
P17148,HCMV,UL65,UL65,UL65
P17149,HCMV,PRIM,PRIM,UL70
P17150,HCMV,vIL10,vIL10,UL111A
P17151,HCMV,EP84,EP84,UL112/UL113
P17175,HCMV,GP48,GP48,UL4
P17586,HSV1,TRX1,TRX1,UL38
P17588,HSV1,LRP1,LRP1,
P17589,HSV1,LRP2,LRP2,
P17887,HHV6A,MCP,MCP,U57
P18098,HIV2,tat,tat,tat
P18100,HIV2,vpr,vpr,vpr
P19739,HCoV-229E,NS4a,NS4a,NS4a
P19740,HCoV-229E,NS4b,NS4b,NS4b
P19741,HCoV-229E,E,E,E
P19893,HCMV,IE,IE2,UL122
P20639,VACV,K3,K3,K3
P20986,VACV,VITF3S,VITF3S,VITF3S
P20998,VACV,VITF3L,VITF3L,VITF3L
P21601,HCMV,IRL14,IRL14,IRL14
P21602,HCMV,TRL14,TRL14,TRL14
P21698,RVFV,NSS,NSS,NSS
P21738,HPIV4b,P,P,P
P22044,HPIV4a,P,P,P
P22363,RABV,P,P,P
P22485,HSV2,gK,gK,UL53
P23056,HPIV2,P,P,P
P24381,SuHV1,US3,US3,
P24382,SuHV1,US2,US2,28K
P24433,HHV6A,SCAF,SCAF,U53
P24434,HHV6A,U54,U54,U54
P24435,HHV6A,U55,U55,U55
P24437,HHV6A,VTBP,VTBP,U58
P24438,HHV6A,TEG4,TEG4,U59
P24439,HHV6A,UL91,UL91,U62
P24440,HHV6A,UL92,UL92,U63
P24441,HHV6A,CVC1,CVC1,U64
P24442,HHV6A,CEP2,CEP2,U65
P24443,HHV6A,TRM3,TRM3,U66/U60
P24444,HHV6A,ECP,ECP,U67
P24445,HHV6A,UL96,UL96,U68
P24446,HHV6A,VPK,VPK,U69
P24448,HHV6A,CEP3,CEP3,U71
P24827,SuHV1,ICP22,ICP22,RSP40
P24994,HSV2,gB,gB,UL27
P25214,EBV,TRX2,TRX2,BDLF1
P25215,EBV,VTBP,VTBP,BCRF1
P25939,EBV,TRM1,TRM1,BALF3
P27363,SuHV1,TK,TK,
P27416,SuHV1,gH,gH,
P27552,HPV41,E2,E2,E2
P27555,HPV41,E6,E6,E6
P27556,HPV41,E7,E7,E7
P27958,HCV,POLY,POLY,POLY
P28275,HSV2,UNG,UNG,UL2
P28276,HSV2,ICP27,ICP27,UL54
P28277,HSV2,HELI,HELI,UL5
P28278,HSV2,gL,gL,UL1
P28279,HSV2,UL3,UL3,UL3
P28280,HSV2,UL4,UL4,UL4
P28281,HSV2,UL55,UL55,UL55
P28282,HSV2,UL56,UL56,UL56
P28283,HSV2,ICP34.5,ICP34.5,RL1
P28284,HSV2,ICP0,ICP0,RL2
P28857,HHV6A,DPOL,DPOL,U38
P28865,HHV6A,NEC1,NEC1,U37
P29129,SuHV1,ICP0,ICP0,EP0
P29362,EBV,LMP1,LMP1,BNLF1
P29839,HCMV,UL84,UL84,UL84
P30003,HHV6A,UL37,UL37,U30
P30005,HHV6A,gO,gO,U47
P30024,HHV6A,U16,U16,U17/U16
P30025,CeHV1,US9,US9,
P30118,EBV,HEPA,HEPA,BBLF2
P30215,HCoV-OC43,HE,HE,HE
P30660,SuHV1,AN,AN,UL12
P30661,SuHV1,ECP,ECP,UL14
P30662,SuHV1,VPK,VPK,UL13
P30816,CeHV1,gE,gE,US8
P30817,CeHV1,US10,US10,
P30927,MuV,V,V,V
P32530,HPIV1,P,P,P
P32888,HSV1,TRX1,TRX1,UL38
P33469,HCoV-OC43,N,N,N
P33479,SuHV1,ICP4,ICP4,
P33485,SuHV1,NA,NA,
P35974,MeV,P,P,P
P36297,HSV1,UL56,UL56,UL56
P36313,HSV1,ICP34.5,ICP34.5,RL1
P36314,SuHV1,SHUT,SHUT,
P36320,HHV6B,gB,gB,U39
P36334,HCoV-OC43,Spike,Spike,Spike
P36342,CeHV1,gD,gD,
P36343,CeHV1,gI,gI,
P36344,CeHV1,gJ,gJ,
P36384,HSV2,DBP,DBP,UL29
P36385,HSV2,PRTP,PRTP,UL28
P36702,SuHV1,PAP,PAP,
P36710,HAdV12,E4,E4,E4
P37318,HSV1,ICP34.5,ICP34.5,RL1
P37319,HSV1,ICP34.5,ICP34.5,RL1
P48752,HAdV40,IVa2,IVa2,IVa2
P50639,HHV7,UNG,UNG,U81
P50641,HHV7,RIR1,RIR1,U28
P50643,SuHV1,RIR1,RIR1,UL39
P50645,SuHV1,RIR2,RIR2,UL40
P52338,HHV6A,DBP,DBP,U41
P52339,HHV7,DBP,DBP,U41
P52340,HHV6A,LTP,LTP,U31
P52341,HHV7,DUT,DUT,U45
P52342,HHV7,DPOL,DPOL,U38
P52344,HHV7,VPK,VPK,U69
P52346,HHV7,AN,AN,U70
P52347,HHV7,MCP,MCP,U57
P52348,HHV6A,TRX1,TRX1,U29
P52349,HHV7,TRX1,TRX1,U29
P52351,HHV7,SCAF,SCAF,U53
P52352,HHV7,gB,gB,U39
P52353,HHV7,gH,gH,U48
P52354,HHV6A,ICP27,ICP27,U42
P52355,HHV7,ICP27,ICP27,U42
P52357,HHV7,HELI,HELI,U77
P52358,HHV7,CEP3,CEP3,U71
P52359,HHV7,CEP2,CEP2,U65
P52360,HHV7,CVC1,CVC1,U64
P52361,HHV7,NEC1,NEC1,U37
P52362,HHV7,LTP,LTP,U31
P52363,HHV7,VTBP,VTBP,U58
P52364,HHV7,TEG4,TEG4,U59
P52365,HHV7,UL91,UL91,U62
P52366,HHV7,gN,gN,U46
P52372,HHV7,gM,gM,U72
P52376,HHV7,HEPA,HEPA,U74
P52378,HHV6A,OBP,OBP,U73
P52379,HHV7,OBP,OBP,U73
P52380,HHV6A,UL33,UL33,U12
P52381,HHV7,UL33,UL33,U12
P52383,HHV7,U51,U51,U51
P52385,HHV7,TRM1,TRM1,U40
P52386,HHV7,pTEG,pTEG,U49
P52388,HHV7,CVC2,CVC2,U50
P52437,HHV6A,ITP,ITP,U30
P52438,HHV7,ITP,ITP,U30
P52439,HHV6A,PAP,PAP,U27
P52440,HHV7,PAP,PAP,U27
P52441,HHV6A,UL49,UL49,U33
P52442,HHV7,UL49,UL49,U33
P52443,HHV6A,U26,U26,U26
P52445,HHV7,U26,U26,U26
P52447,HHV6B,UNG,UNG,U81
P52448,HHV6B,AN,AN,U70
P52449,HHV6B,gM,gM,U72
P52450,HHV6B,HELI,HELI,U77
P52451,HHV6B,HEPA,HEPA,U74
P52454,HHV6B,PORTL,PORTL,U76
P52455,HHV7,PORTL,PORTL,U76
P52457,HHV6B,CEP1,CEP1,U75
P52458,HHV7,CEP1,CEP1,U75
P52459,HHV6B,CEP3,CEP3,U71
P52460,HHV6A,U83,U83,U83
P52461,HHV6B,U83,U83,U83
P52462,HHV7,TRM3,TRM3,U66/U60
P52463,HHV6A,CTNP,CTNP,U36
P52464,HHV7,CTNP,CTNP,U36
P52465,HHV6A,NEC2,NEC2,U34
P52466,HHV7,NEC2,NEC2,U34
P52468,HHV7,PRIM,PRIM,U43
P52469,HHV6A,UL79,UL79,U52
P52470,HHV7,UL79,UL79,U52
P52471,HHV7,UL92,UL92,U63
P52472,HHV7,ECP,ECP,U67
P52474,HHV7,TEG7,TEG7,U44
P52475,HHV7,UL96,UL96,U68
P52506,SuHV1,UNG,UNG,
P52509,HHV7,gL,gL,U82
P52511,SuHV1,gL,gL,UL1
P52516,HHV7,U54,U54,U54
P52517,HHV7,U55A,U55A,U55A
P52518,HHV7,U55B,U55B,U55B
P52519,HHV7,P100,P100,U11
P52520,HHV7,U3,U3,U3
P52521,HHV7,U4,U4,U4
P52522,HHV7,U5,U5,U5
P52523,HHV7,U8,U8,U8
P52524,HHV7,U10,U10,U10
P52525,HHV7,gO,gO,U47
P52526,HHV6B,gL,gL,U82
P52527,HHV6A,U25,U25,U25
P52528,HHV7,U25,U25,U25
P52529,HHV6A,U79,U79,U79/U80
P52531,HHV7,U79,U79,U79/U80
P52533,HHV6B,U84,U84,U84
P52534,HHV7,U84,U84,U84
P52537,HHV6B,CVC2,CVC2,U50
P52538,HHV6B,DBP,DBP,U41
P52539,HHV6B,ICP27,ICP27,U42
P52540,HHV6B,PRIM,PRIM,U43
P52541,HHV6B,DUT,DUT,U45
P52542,HHV6B,U51,U51,U51
P52544,HHV6B,TRM1,TRM1,U40
P52545,HHV6B,pTEG,pTEG,U49
P52546,HHV6B,TEG7,TEG7,U44
P52548,HHV6B,UL79,UL79,U52
P52549,HHV6B,gO,gO,U47
P59594,SARS-CoV,Spike,Spike,Spike
P59595,SARS-CoV,N,N,N
P59596,SARS-CoV,M,M,M
P59632,SARS-CoV,ORF3a,ORF3a,ORF3a
P59633,SARS-CoV,ORF3b,ORF3b,ORF3b
P59634,SARS-CoV,NS6,NS6,NS6
P59635,SARS-CoV,NS7a,NS7a,NS7a
P59636,SARS-CoV,ORF9b,ORF9b,ORF9b
P59637,SARS-CoV,E,E,E
P60504,HSV2,ICP47,ICP47,US12
P60505,HHV7,U21,U21,U21
P68319,VACV,VLTF3,VLTF3,VLTF3
P68321,HHV7,TRX2,TRX2,U56
P68324,HHV6A,gH,gH,U48
P68331,HSV1,gK,gK,UL53
P68336,HSV2,VP16,VP16,UL48
P68438,VACV,H4,H4,H4
P68613,VACV,VLTF1,VLTF1,VLTF1
P68950,HAdV2,L2,L2,L2
P68976,HAdV2,E3,E3,E3
P69332,HCMV,US28,US28,US28
P69334,HCMV,US18,US18,US18
P69521,HSV2,RIR2,RIR2,UL40
P81780,HSV2,gG,gG,US4
P89083,HAdV9,E4,E4,E4
P89429,HSV2,PORTL,PORTL,UL6
P89430,HSV2,CEP1,CEP1,UL7
P89431,HSV2,HEPA,HEPA,UL8
P89432,HSV2,OBP,OBP,UL9
P89433,HSV2,gM,gM,UL10
P89436,HSV2,VPK,VPK,UL13
P89437,HSV2,ECP,ECP,UL14
P89439,HSV2,CEP2,CEP2,UL16
P89440,HSV2,CVC1,CVC1,UL17
P89443,HSV2,UL20,UL20,UL20
P89444,HSV2,TEG4,TEG4,UL21
P89445,HSV2,gH,gH,UL22
P89447,HSV2,pTEG,pTEG,UL24
P89448,HSV2,CVC2,CVC2,UL25
P89449,HSV2,SCAF,SCAF,UL26
P89451,HSV2,TRM1,TRM1,UL28
P89453,HSV2,DPOL,DPOL,UL30
P89455,HSV2,CTNP,CTNP,UL32
P89457,HSV2,NEC2,NEC2,UL34
P89458,HSV2,SCP,SCP,UL35
P89459,HSV2,LTP,LTP,UL36
P89460,HSV2,ITP,ITP,UL37
P89461,HSV2,TRX1,TRX1,UL38
P89462,HSV2,RIR1,RIR1,UL39
P89463,HSV2,PAP,PAP,UL42
P89464,HSV2,UL43,UL43,UL43
P89465,HSV2,UL45,UL45,UL45
P89466,HSV2,UL46,UL46,UL46
P89467,HSV2,UL47,UL47,UL47
P89468,HSV2,VP22,VP22,UL49
P89469,HSV2,DUT,DUT,UL50
P89470,HSV2,TEG7,TEG7,UL51
P89471,HSV2,PRIM,PRIM,UL52
P89474,HSV2,ICP22,ICP22,US1
P89475,HSV2,gE,gE,US8
P89476,HSV2,US8.5,US8.5,US8.5
P89477,HSV2,US9,US9,US9
P89478,HSV2,US10,US10,US10
P89479,HSV2,US11,US11,US11
P90463,KSHV,TYSY,TYSY,ORF70
P90489,KSHV,MIR2,MIR2,K5
P90493,HSV2,ICP4,ICP4,RS1
P90495,KSHV,MIR1,MIR1,K3
Q00701,HHV6A,P100,P100,U11
Q00702,SuHV1,UL20,UL20,UL20
Q00703,SuHV1,TEG4,TEG4,UL21
Q00705,SuHV1,MCP,MCP,
Q01346,HHV6A,U8,U8,U8
Q01348,HHV6A,U10,U10,U10
Q01349,HHV6A,U1,U1,U1
Q01350,HHV6A,U3,U3,U3
Q01352,HHV6A,U5,U5,U5
Q01353,HHV6A,U7,U7,U7
Q01455,HCoV-OC43,M,M,M
Q04360,EBV,ICP27,ICP27,BMLF1/BSLF2
Q04853,HCoV-OC43,ORF5a,ORF5a,ORF5a
Q04854,HCoV-OC43,E,E,E
Q06094,HHV6A,gN,gN,U46
Q07286,EBV,BLRF3,BLRF3,BLRF3
Q0NPV0,CPV,VETFL,VETFL,VETFL
Q0NPV7,CPV,VLTF2,VLTF2,VLTF2
Q0NPW0,CPV,NTPASE1,NTPASE1,NTPASE1
Q0NPX3,CPV,VLTF4,VLTF4,VLTF4
Q0NPX4,CPV,H4,H4,H4
Q0R5R1,HTLV3,tax,tax,tax
Q0ZME2,HCoV-HKU1-N5,I,I,I
Q0ZME3,HCoV-HKU1-N5,N,N,N
Q0ZME4,HCoV-HKU1-N5,M,M,M
Q0ZME5,HCoV-HKU1-N5,E,E,E
Q0ZME6,HCoV-HKU1-N5,ORF4,ORF4,ORF4
Q0ZME7,HCoV-HKU1-N5,Spike,Spike,Spike
Q0ZME8,HCoV-HKU1-N5,HE,HE,HE
Q14EA6,HCoV-HKU1-N2,N,N,N
Q14EA7,HCoV-HKU1-N2,M,M,M
Q14EA8,HCoV-HKU1-N2,E,E,E
Q14EA9,HCoV-HKU1-N2,ORF4,ORF4,ORF4
Q14EB0,HCoV-HKU1-N2,Spike,Spike,Spike
Q14EB1,HCoV-HKU1-N2,HE,HE,HE
Q1HVB3,EBV,LMP1,LMP1,BNLF1
Q1HVD3,EBV,TEG4,TEG4,BTRF1
Q1HVF7,EBV,EBNA,EBNA1,BKRF1
Q1HVG4,EBV,EBNA,EBNA4,BERF2A-BERF2B
Q1PIT3,VACV,NTPASE1,NTPASE1,NTPASE1
Q1XBW5,HSV1,UL3,UL3,UL3
Q2HR63,KSHV,SCP,SCP,ORF65
Q2HR64,KSHV,LTP,LTP,ORF64
Q2HR67,KSHV,RIR1,RIR1,ORF61
Q2HR71,KSHV,VIRF,VIRF2,K11
Q2HR73,KSHV,VIRF,VIRF4,K10
Q2HR75,KSHV,ICP27,ICP27,ORF57
Q2HR78,KSHV,DUT,DUT,ORF54
Q2HR80,KSHV,ORF52,ORF52,ORF52
Q2HR82,KSHV,KbZIP,KbZIP,K8
Q2HR83,KSHV,ORF49,ORF49,ORF49
Q2HR85,KSHV,ORF48,ORF48,ORF48
Q2HR89,KSHV,HELI,HELI,ORF44
Q2HR92,KSHV,HEPA,HEPA,ORF40
Q2HR95,KSHV,AN,AN,ORF37
Q2HR98,KSHV,ECP,ECP,ORF34
Q2HRA1,KSHV,UL92,UL92,ORF31
Q2HRA7,KSHV,MCP,MCP,ORF25
Q2HRB2,KSHV,pTEG,pTEG,ORF20
Q2HRB3,KSHV,CVC2,CVC2,ORF19
Q2HRB4,KSHV,UL79,UL79,ORF18
Q2HRB6,KSHV,SCAF,SCAF,ORF17
Q2HRC6,KSHV,DYR,DYR,ORF2
Q2HRC7,KSHV,vIL6,vIL6,K2
Q2HRC8,KSHV,ORF11,ORF11,ORF11
Q2HRC9,KSHV,ORF10,ORF10,ORF10
Q2HRD0,KSHV,DPOL,DPOL,ORF9
Q2HRD2,KSHV,TRM1,TRM1,ORF7
Q2HRD3,KSHV,DBP,DBP,ORF6
Q2HRD4,KSHV,ORF4,ORF4,ORF4
Q2HRD5,KSHV,K1,K1,K1
Q2KSD4,HAdV4,E3,E3,E3
Q2KSF2,HAdV4,L2,L2,L2
Q2MG95,EBV,UL79,UL79,BVLF1
Q3I8P5,MPXV,VITF3,VITF3,VITF3
Q3I8P6,MPXV,VETFL,VETFL,VETFL
Q3I8Q6,MPXV,NTPASE1,NTPASE1,NTPASE1
Q3I8S0,MPXV,H4,H4,H4
Q3I8U5,MPXV,NTPASE2,NTPASE2,NTPASE2
Q3KSP5,EBV,LF2,LF2,LF2
Q3KSQ2,EBV,TK,TK,BXLF1
Q3KSS4,EBV,EBNA,EBNA1,BKRF1
Q3KST0,EBV,EBNA,EBNA6,BERF3-BERF4
Q3KSV2,EBV,EBNA,EBNA2,BYRF1
Q3LZW9,BtCoV-HKU3,E,E,E
Q3LZX0,BtCoV-HKU3,ORF3,ORF3,ORF3
Q3LZX1,BtCoV-HKU3,Spike,Spike,Spike
Q3LZX3,BtCoV-HKU3,ORF9b,ORF9b,ORF9b
Q3LZX4,BtCoV-HKU3,N,N,N
Q3LZX5,BtCoV-HKU3,NS8,NS8,NS8
Q3LZX6,BtCoV-HKU3,NS7b,NS7b,NS7b
Q3LZX7,BtCoV-HKU3,NS7a,NS7a,NS7a
Q3LZX8,BtCoV-HKU3,NS6,NS6,NS6
Q3LZX9,BtCoV-HKU3,M,M,M
Q4JQS7,VZV,AN,AN,ORF48
Q4JQT7,VZV,TEG4,TEG4,ORF38
Q4JQU0,VZV,pTEG,pTEG,ORF35
Q4JQU7,VZV,DPOL,DPOL,ORF28
Q4JQV9,VZV,PAP,PAP,ORF16
Q4JQW6,VZV,VP22,VP22,ORF9
Q4JQW7,VZV,DUT,DUT,ORF8
Q4JQW9,VZV,PRIM,PRIM,ORF6
Q4JQX4,VZV,ORF1,ORF1,ORF1
Q4JQX9,VZV,LTP,LTP,ORF22
Q4VID0,HCoV-OC43,I,I,I
Q5GF91,HAdV4,E4,E4,E4
Q5GFC2,HAdV4,IVa2,IVa2,IVa2
Q5IXR3,MPXV,VLTF3,VLTF3,VLTF3
Q5IXR4,MPXV,VLTF2,VLTF2,VLTF2
Q5IXS2,MPXV,VETFS,VETFS,VETFS
Q5IXT0,MPXV,VLTF4,VLTF4,VLTF4
Q5IXU2,MPXV,L4,L4,L4
Q5IXU7,MPXV,VLTF1,VLTF1,VLTF1
Q5MQC5,HCoV-HKU1-N1,I,I,I
Q5MQC6,HCoV-HKU1-N1,N,N,N
Q5MQC7,HCoV-HKU1-N1,M,M,M
Q5MQC8,HCoV-HKU1-N1,E,E,E
Q5MQC9,HCoV-HKU1-N1,NS4,NS4,NS4
Q5MQD0,HCoV-HKU1-N1,Spike,Spike,Spike
Q5MQD1,HCoV-HKU1-N1,HE,HE,HE
Q5Y0M9,CeHV2,ICP4,ICP4,RS1
Q5Y0P2,CeHV2,ICP22,ICP22,US1
Q5Y0P4,CeHV2,ICP0,ICP0,RL2
Q5Y0P7,CeHV2,ICP27,ICP27,UL54
Q5Y0Q4,CeHV2,VP16,VP16,UL48
Q5Y0S3,CeHV2,DBP,DBP,UL29
Q64857,HAdV40,E4,E4,E4
Q65ZG0,VZV,gN,gN,ORF9A
Q66003,CEV,NSS,NSS,NSS
Q66453,DUVV,N,N,N
Q68396,HCMV,UL144,UL144,UL144
Q69022,EBV,EBNA,EBNA2,BYRF1
Q69066,HHV6B,B7,B7,B7
Q69091,HSV1,gD,gD,US6
Q69113,HSV2,VP16,VP16,UL48
Q69138,EBV,EBNA,EBNA3,BLRF3-BERF1
Q69140,EBV,EBNA,EBNA6,BERF3-BERF4
Q69489,HHV6A,GP105,GP105,U96/U97/U98/U99/U100
Q69505,HHV7,U24,U24,U24
Q69513,HHV7,IE,IE2,U86
Q69535,HHV6B,P100,P100,U11
Q69545,HHV6A,LJ1,LJ1,LJ1
Q69548,HHV6A,U13,U13,U13
Q69549,HHV6A,P85,P85,U14
Q69550,HHV6A,U15,U15,U15
Q69552,HHV6A,U17,U17,U17
Q69553,HHV6A,U18,U18,U18
Q69555,HHV6A,U20,U20,U20
Q69556,HHV6A,U21,U21,U21
Q69557,HHV6A,U22,U22,U22
Q69558,HHV6A,U23,U23,U23
Q69559,HHV6A,U24,U24,U24
Q69561,HHV6A,TRM2,TRM2,U35
Q69562,HHV6A,U61,U61,U61
Q69566,HHV6A,U88,U88,U88
Q69567,HHV6A,IE,IE1,U90/U89
Q69569,HHV6A,U91,U91,U91
Q69572,HHV6A,GQ1,GQ1,U100
Q69577,HHV6A,RJ1,RJ1,RJ1
Q6F6K2,VZV,ORF0,ORF0,ORF0
Q6LDW4,HTLV3,tat,tat,tat
Q6Q1R8,HCoV-NL63,N,N,N
Q6Q1R9,HCoV-NL63,M,M,M
Q6Q1S0,HCoV-NL63,E,E,E
Q6Q1S1,HCoV-NL63,NS3,NS3,NS3
Q6Q1S2,HCoV-NL63,Spike,Spike,Spike
Q6QCJ5,VZV,ICP0,ICP0,ORF61
Q6QCQ2,VZV,ICP27,ICP27,ORF4
Q6RJQ3,HCMV,UL141,UL141,UL141
Q6SVX2,HCMV,TRS1,TRS1,TRS1
Q6SVZ0,HCMV,US16,US16,US16
Q6SW05,HCMV,UL150,UL150,UL150
Q6SW10,HCMV,UL133,UL133,UL133
Q6SW14,HCMV,UL139,UL139,UL139
Q6SW31,HCMV,UL120,UL120,UL120
Q6SW34,HCMV,UL116,UL116,UL116
Q6SW48,HCMV,ECP,ECP,UL95
Q6SW55,HCMV,VTBP,VTBP,UL87
Q6SW62,HCMV,SCAF,SCAF,UL80
Q6SW65,HCMV,CVC2,CVC2,UL77
Q6SW67,HCMV,gH,gH,UL75
Q6SW73,HCMV,ICP27,ICP27,UL69
Q6SW81,HCMV,NEC2,NEC2,UL50
Q6SW82,HCMV,UL49,UL49,UL49
Q6SW94,HCMV,UL37,UL37,UL37
Q6SWA4,HCMV,UL27,UL27,UL27
Q6SWB7,HCMV,UL14,UL14,UL14
Q6SWB8,HCMV,UL13,UL13,UL13
Q6SWB9,HCMV,UL11,UL11,UL11
Q6SWC3,HCMV,UL7,UL7,UL7
Q6SWC4,HCMV,UL6,UL6,UL6
Q6SWC6,HCMV,UL4,UL4,UL4
Q6SWC7,HCMV,UL2,UL2,UL2
Q6SWC8,HCMV,UL1,UL1,UL1
Q6SWC9,HCMV,RL13,RL13,RL13
Q6SWD0,HCMV,RL12,RL12,RL12
Q6SWD3,HCMV,IRL6,IRL6,RL6
Q6SWD5,HCMV,HKLF1,HKLF1,RL1
Q6SWN9,HCMV,vCXC2,vCXC2,UL147
Q6TUQ4,YMTV,VITF3L,VITF3L,VITF3L
Q6TUS0,YMTV,VITF3S,VITF3S,VITF3S
Q6TUS6,YMTV,VLTF3,VLTF3,VLTF3
Q6TUS7,YMTV,VLTF2,VLTF2,VLTF2
Q6TUT9,YMTV,76R,76R,76R
Q6TUU0,YMTV,H4,H4,H4
Q6TUV0,YMTV,L4,L4,L4
Q6TUV5,YMTV,VLTF1,VLTF1,VLTF1
Q6TUW4,YMTV,NTPASE2,NTPASE2,NTPASE2
Q6TUW8,YMTV,45L,45L,45L
Q6TV88,BPSV,VITF3L,VITF3L,VITF3L
Q6TVA4,BPSV,VITF3S,VITF3S,VITF3S
Q6TVA5,BPSV,VETFL,VETFL,VETFL
Q6TVB1,BPSV,VLTF3,VLTF3,VLTF3
Q6TVB2,BPSV,VLTF2,VLTF2,VLTF2
Q6TVB6,BPSV,H4,H4,H4
Q6TVB9,BPSV,ORF069,ORF069,ORF069
Q6TVC7,BPSV,VLTF4,VLTF4,VLTF4
Q6TVC8,BPSV,H4,H4,H4
Q6TVD8,BPSV,L4,L4,L4
Q6TVE3,BPSV,VLTF1,VLTF1,VLTF1
Q6TVF2,BPSV,NTPASE2,NTPASE2,NTPASE2
Q6TVM0,ORFV,VITF3L,VITF3L,VITF3L
Q6TVN6,ORFV,VITF3S,VITF3S,VITF3S
Q6TVN7,ORFV,VETFL,VETFL,VETFL
Q6TVP3,ORFV,VLTF3,VLTF3,VLTF3
Q6TVP4,ORFV,VLTF2,VLTF2,VLTF2
Q6TVP8,ORFV,NTPASE1,NTPASE1,NTPASE1
Q6TVQ1,ORFV,ORF069,ORF069,ORF069
Q6TVQ9,ORFV,VLTF4,VLTF4,VLTF4
Q6TVR0,ORFV,H4,H4,H4
Q6TVS0,ORFV,L4,L4,L4
Q6TVS5,ORFV,VLTF1,VLTF1,VLTF1
Q6TVT1,ORFV,ORF038,ORF038,ORF038
Q6TVT8,ORFV,ORF032,ORF032,ORF032
Q6WB96,HMPV,M2-2,M2-2,M2-2
Q6WB97,HMPV,M2-1,M2-1,M2-1
Q6XA69,HHV6B,IE,IE1,U90
Q76QJ1,CPV,VLTF3,VLTF3,VLTF3
Q76QJ5,CPV,VETFS,VETFS,VETFS
Q76QK3,CPV,VLTF1,VLTF1,VLTF1
Q76RC5,VACV,VLTF4,VLTF4,VLTF4
Q77PU6,HHV6B,IE,IE1,U90
Q77Q36,KSHV,vCYCL,vCYCL,ORF72
Q77Q38,KSHV,K12,K12,K12
Q77Q82,KSHV,VIRF,VIRF1,K9
Q77Z83,HHV6A,IE,IE2,U90/U87/U86
Q785N4,HHV6B,DBP,DBP,U41
Q7M6G6,HCMV,US34A,US34A,US34A
Q7M6R1,HCMV,UL21A,UL21A,UL21A
Q7T401,CeHV1,ICP4,ICP4,RS1
Q7T5C5,CeHV1,ICP22,ICP22,US1
Q7TFA0,SARS-CoV,NS8a,NS8a,NS8a
Q7TFA1,SARS-CoV,NS7b,NS7b,NS7b
Q7TLC4,CeHV16,ICP47,ICP47,US12
Q7TLC7,SARS-CoV,ORF14,ORF14,ORF14
Q805X4,CeHV1,ICP27,ICP27,UL54
Q805Y1,CeHV1,VP16,VP16,UL48
Q805Z9,CeHV1,DBP,DBP,UL29
Q80872,HCoV-OC43,NS2a,NS2a,NS2a
Q80H93,SARS-CoV,NS8b,NS8b,NS8b
Q82171,HSV1,SHUT,SHUT,UL41
Q83417,SuHV1,SCAF,SCAF,
Q85041,SuHV1,gM,gM,UL10
Q85227,SuHV1,TEG7,TEG7,UL51
Q85228,SuHV1,PRIM,PRIM,UL52
Q85230,SuHV1,gK,gK,UL53
Q85232,SuHV1,ICP27,ICP27,UL54
Q86539,HSV2,gN,gN,UL49A
Q86625,HSV1,US8.5,US8.5,US8.5
Q87042,SFV,BEL1,BEL1,BEL1
Q87088,SuHV1,gN,gN,UL49.5
Q89268,AAV2,Rep78,Rep78,Rep78
Q89270,AAV2,Rep52,Rep52,Rep52
Q89478,HHV7,DR7,DR7,DR7
Q89532,HAdV40,L2,L2,L2
Q89544,HHV6A,DR5,DR5,DR5
Q89565,HHV6A,DR8,DR8,DR8
Q89584,HHV6A,DR6,DR6,DR6
Q89660,HHV6A,DR3,DR3,DR3
Q89681,HHV6A,DR4,DR4,DR4
Q89698,HHV6A,U1,U1,U1
Q89730,HSV2,gC,gC,UL44
Q89738,HHV6A,OX2V,OX2V,U85
Q89743,HHV6A,DR7,DR7,DR7
Q89746,HHV6A,DR1,DR1,DR1
Q89863,HHV6A,U78,U78,U78
Q89882,HHV6A,U95,U95,U95
Q89893,HHV6A,DR2,DR2,DR2
Q8AZJ3,EBV,BNLF2b,BNLF2b,BNLF2b
Q8AZJ5,EBV,LF1,LF1,LF1
Q8AZK7,EBV,EBNA,EBNA5,EBNA-LP
Q8BB47,HHV6A,IE,IE2,U90/U86
Q8QMT0,CPV,VITF3L,VITF3L,VITF3L
Q8QMY7,CPV,CPXV082,CPXV082,CPXV082
Q8QXN6,SuHV1,VP16,VP16,UL48
Q8V4V4,MPXV,VITF3L,VITF3L,VITF3L
Q8V516,MPXV,I3L,I3L,I3L
Q90030,SuHV1,DUT,DUT,UL50
Q96895,HHV6B,B6,B6,B6
Q96896,HHV6B,U79,U79,U79/U80
Q98146,KSHV,vGPCR,vGPCR,ORF74
Q98157,KSHV,VMI2,VMI2,K4
Q98214,MOCV,MC046L,MC046L,MC046L
Q98218,MOCV,NTPASE2,NTPASE2,NTPASE2
Q98235,MOCV,VLTF1,VLTF1,VLTF1
Q98241,MOCV,L4,L4,L4
Q98252,MOCV,H4,H4,H4
Q98262,MOCV,VETFS,VETFS,VETFS
Q98267,MOCV,NTPASE1,NTPASE1,NTPASE1
Q98270,MOCV,VLTF2,VLTF2,VLTF2
Q98271,MOCV,VLTF3,VLTF3,VLTF3
Q98277,MOCV,VETFL,VETFL,VETFL
Q98278,MOCV,VITF3S,VITF3S,VITF3S
Q98295,MOCV,VITF3L,VITF3L,VITF3L
Q98817,HAdV41,E3,E3,E3
Q9DHJ8,YLDV,VITF3L,VITF3L,VITF3L
Q9DHL4,YLDV,VITF3S,VITF3S,VITF3S
Q9DHL5,YLDV,VETFL,VETFL,VETFL
Q9DHM1,YLDV,VLTF3,VLTF3,VLTF3
Q9DHM2,YLDV,VLTF2,VLTF2,VLTF2
Q9DHM5,YLDV,NTPASE1,NTPASE1,NTPASE1
Q9DHM9,YLDV,VETFS,VETFS,VETFS
Q9DHN7,YLDV,76R,76R,76R
Q9DHN8,YLDV,H4,H4,H4
Q9DHQ0,YLDV,L4,L4,L4
Q9DHQ5,YLDV,VLTF1,VLTF1,VLTF1
Q9DHR7,YLDV,45L,45L,45L
Q9DUN1,KSHV,VIRF,VIRF3,K10.5
Q9DYE0,HHV6A,U17,U17,U17/U16
Q9E2H5,VZV,ORF0,ORF0,ORF0
Q9J3M8,VZV,gE,gE,ORF68
Q9J3N1,VZV,gL,gL,ORF60
Q9J3N2,VZV,UNG,UNG,ORF59
Q9J3N3,VZV,UL3,UL3,ORF58
Q9J3N4,VZV,UL4,UL4,ORF56
Q9J3N5,VZV,HELI,HELI,ORF55
Q9J3N6,VZV,HEPA,HEPA,ORF52
Q9JFM0,HAdV8,E3,E3,E3
Q9PWX1,HHV6B,DR1,DR1,DR1
Q9PX32,HHV6B,DR3,DR3,DR3
Q9PX43,HHV6B,B3,B3,B3
Q9PX53,HHV6B,DR6,DR6,DR6
Q9PX69,HHV6B,B1,B1,B1
Q9PX71,HHV6B,B2,B2,B2
Q9PZT1,B19V,NS1,NS1,NS1
Q9Q2P0,EBV,RPMS1,RPMS1,
Q9Q9U9,BoDV2,P,P,P
Q9QB84,YMTV,VETFL,VETFL,VETFL
Q9QB93,YMTV,NTPASE1,NTPASE1,NTPASE1
Q9QB97,YMTV,VETFS,VETFS,VETFS
Q9QJ10,HHV6B,B9,B9,B9
Q9QJ11,HHV6B,GQ1,GQ1,U100
Q9QJ12,HHV6B,U95,U95,U95
Q9QJ13,HHV6B,B8,B8,B8
Q9QJ14,HHV6B,U91,U91,U91
Q9QJ16,HHV6B,IE,IE2,U90/U86
Q9QJ19,HHV6B,CEP2,CEP2,U65
Q9QJ21,HHV6B,UL92,UL92,U63
Q9QJ22,HHV6B,UL91,UL91,U62
Q9QJ25,HHV6B,VTBP,VTBP,U58
Q9QJ27,HHV6B,TRX2,TRX2,U56
Q9QJ29,HHV6B,U54,U54,U54
Q9QJ36,HHV6B,UL49,UL49,U33
Q9QJ39,HHV6B,RIR1,RIR1,U28
Q9QJ41,HHV6B,U24A,U24A,U24A
Q9QJ42,HHV6B,U24,U24,U24
Q9QJ43,HHV6B,U23,U23,U23
Q9QJ45,HHV6B,U21,U21,U21
Q9QJ48,HHV6B,U15,U15,U15
Q9QJ49,HHV6B,P85,P85,U14
Q9QJ51,HHV6B,vGPCR,vGPCR,U12
Q9QJ53,HHV6B,U6,U6,U6
Q9QJ54,HHV6B,U7,U7,U7
Q9QJ55,HHV6B,U4,U4,U4
Q9QJ58,HHV6B,B5,B5,B5
Q9QJ59,HHV6B,B4,B4,B4
Q9QNF7,HSV1,TK,TK,UL23
Q9QR69,KSHV,K15,K15,K15
Q9QR70,KSHV,ORF75,ORF75,ORF75
Q9QR71,KSHV,LANA1,LANA1,ORF73
Q9QSP3,ABLV,P,P,P
Q9W9H8,HHV6B,DR7,DR7,DR7
Q9WSZ6,HHV6B,U94,U94,U94
Q9WT06,HHV6B,ECP,ECP,U67
Q9WT32,HHV6B,SCP,SCP,U32
Q9WT45,HHV6B,UL38,UL38,U19
Q9WT46,HHV6B,U18,U18,U18
Q9WT55,HHV6B,U9,U9,U9
Q9YLA0,HAdV9,E1A,E1A,E1A
R9UNW8,MERS-CoV,ORF8b,ORF8b,ORF8b
R9UQN1,MERS-CoV,E,E,E
U6C6B2,MCPyV,ST,ST,ST
V5LTE9,BPSV,ORF032,ORF032,ORF032
V9LLX6,HCMV,UL128,UL128,UL128
