Construct,Tile ID,Protein,Avg
CL370,Spike-DMS_SARS2-V952D_3,V952D,1.74943
CL371,Spike-DMS_SARS2-N955A_1,N955A,-1.57679
CL372,Spike-DMS_SARS2-K964P_3,K964P,1.529332
CL373,Spike-DMS_SARS2-G971F_3,G971F,0.273388
CL374,Spike-DMS_SARS2-A972L_1,A972L,-0.69554
CL375,Spike-DMS_SARS2-L977D_1,L977D,-1.07928
CL376,Spike-DMS_SARS2-I980E_2,I980E,-1.40288
CL377,Spike-DMS_SARS2-NF969AA_1,NF969AA,-1.56401
CL378,Spike-DMS_SARS2-DR994AA_2,DR994AA,-1.18475
CL379,Spike-DMS_SARS2-EAE988AAA_3,EAE988AAA,-1.23177
CL380,Spike-DMS_SARS2-V951del5_1,d951-955,1.425402
CL381,Spike-DMS_SARS2-V963del5_2,d963-967,-1.58974
CL382,Spike-DMS_SARS2-D979del5_3,d979-983,-1.50104
CL383,Spike-DMS_SARS2-V987del5_1,d987-991,-1.62549
CL384,Spike-DMS_SARS2-K947A-K964A_1,K947A-K964A,1.957935
CL385,Spike-DMS_SARS2-WT_4,WT,0.453448
CL386,,MAX,
JT126,,empty,
