Construct,Tile_ID,Tile Sequence
CL104,vTR_Q9YLA0_003,TTAAACCGGCCAACATACCCGTCTCActccGAGGATTTTGTCGATACTGTGCTGGAAGACGAGCTCCACCCATCCCCCTTCGAGCTGGGCCCGACACTCCAAGATCTGTACGATTTGGAGGTGGACGCTCATGACGATGACCCTAACGAGGAAGCCGTTAATCTTATTTTCCCTGAATCAATGATCTTGCAGGCAGACATCGCCAACGAAAGCACCCCACTTCACACCCCCACGCTGTCTCCCATACCTGAACTGGAGGAGGAAGACGAGggatGGAGACGcGCTACTCGTTCCTTTCGA
CL105,vTR_P06930_001,TTAAACCGGCCAACATACCCGTCTCActccATGGCAGAGGGGGCTGAGCACCAACAGAAGCTGACCGAAAAAGACAAGGCTGAATTGCCTCTGTCCATTAGGGATCTCGCCGAGGCACTCGGAATCCCCGTTATAGACTGCTTGATTCCATGTAATTTCTGCGGCAACTTTCTGAACTACCTGGAGGCCTGCGAATTCGATTATAAAAGACTTAGCCTTATCTGGAAGGACTACTGTGTGTTTGCGTGTTGTCGGGTCTGCTGCGGTGCCggatGGAGACGcGCTACTCGTTCCTTTCGA
CL106,vTR_F5HCV3_059,TTAAACCGGCCAACATACCCGTCTCActccCCACCCCCTCTCGATGTGGACCAGTCTCTGTTCGCGCTGCTGGATGAGGCAGGCCCTGAGACCTGGGACGTCGGATCTCCGCTGTCACCCACCGATGACGCCCTTTTGAGTTCAATTCTGCAGGGTCTCTACCAACTTGACACACCCCCTCCGTTGAGATCCCCAAGCCCCGCCTCCTTTGGCCCTGAAAGCCCAGCTGATATCCCAAGCCCCAGTGGAGGGGAATATACTCAGCTCCAGggatGGAGACGcGCTACTCGTTCCTTTCGA
CL107,vTR_Q6XA69_005,TTAAACCGGCCAACATACCCGTCTCActccGAGAGCATCAAGGAAATTCTCGAGGAGAGCCTCAAGTGTGACGTGTCATTCGAAAGCCTGCTGTTTCCCGAGCTTGAGGCCTTTGATTTGTTCATTCCTGAGTCTTCCAACGACATAGCGAGCAAAAATGTCTCTTACTCCAGTAACGTAGAAGAGGGAGCATCTGAAGAATTCAAAGCACTGGTGGCTCAATCCGTGGGGAATTGCATCCAGTCAATCGGCGCTAGTGTTAAGGCCGCCggatGGAGACGcGCTACTCGTTCCTTTCGA
CL108,vTR_P19893_004,TTAAACCGGCCAACATACCCGTCTCActccAAGGCAACAACCTTTCTGCAGACGATGCTGAGAAAGGAAGTGAATAGCCAACTGAGCCTCGGGGACCCGTTGTTCCCTGAACTTGCGGAGGAGTCTCTCAAAACTTTCGAACAGGTCACTGAGGATTGCAACGAGAACCCCGAGAAAGATGTGCTTGCTGAACTGGGTGACATCTTGGCCCAGGCTGTTAATCATGCCGGAATTGACTCCAGTTCAACCGGCCCAACACTGACCACACACggatGGAGACGcGCTACTCGTTCCTTTCGA
CL109,vTR_P12978_040,TTAAACCGGCCAACATACCCGTCTCActccCTCCATCAAGGACAGGGGGCAGGCGACAGTCCTACGCCCGGTCCGTCTAACGCTGCACCCGTGTGCAGGAATTCCCACACCGCCACACCAAATGTCTCTCCAATACATGAGCCTGAGTCACACAACTCACCAGAAGCCCCCATTCTTTTCCCGGACGATTGGTACCCTCCTAGCATCGACCCCGCGGACCTGGATGAAAGTTGGGATTATATCTTTGAGACTACCGAAAGCCCAAGCTCCggatGGAGACGcGCTACTCGTTCCTTTCGA
CL110,vTR_P10541_013,TTAAACCGGCCAACATACCCGTCTCActccGCTATGCCCACCTATGTGAACGAAAATGAGAATGAACTGGTCCTGGATTGCCCCGAGAACCCCGGGCGCGGATGTAGAGCCTGCGATTTCCATCGGGGGACGAGTGGTAACCCTGAGGCCATGTGCGCGCTCTGTTACATGAGGTTGACCGGCCACTGTATTTACTCTCCTATCTCCGACGCAGAGGGCGAGAGCGAATCAGGAAGCCCAGAAGACACAGACTTTCCGCACCCACTTACTggatGGAGACGcGCTACTCGTTCCTTTCGA
CL111,vTR_Q2HR71_031,TTAAACCGGCCAACATACCCGTCTCActccTCACACGTATCTGGTCTCGATGACTGCCTGCCTATGGTTGACCATATCGAGGGGTGCCTCCTGGATTTGTTGTCCGACGTGGGCCAAGAACTCCCCGACCTGGGGGATCTGGGCGAACTTCTTTGTGAGACAGCCTCCCCTCAGGGCCCGATGCAGAGCGAGGGGGGTGAAGAGGGATCAACCGAAAGTGTGTCTGTCCTGCCCGCAACTCACCCACTGGAGAGTAGCGCTCCAGGAGCCggatGGAGACGcGCTACTCGTTCCTTTCGA
CL112,vTR_P06492_041,TTAAACCGGCCAACATACCCGTCTCActccTTTTTGCCTGCTGGCCACACCAGAAGGCTCAGCACGGCTCCCCCCACCGATGTCTCCCTGGGCGATGAACTGCATCTCGACGGTGAGGACGTGGCCATGGCCCATGCCGACGCACTTGATGATTTCGACCTGGACATGCTTGGGGACGGAGATTCACCTGGACCAGGGTTTACACCACACGACTCTGCCCCGTACGGCGCACTGGACATGGCGGATTTCGAGTTCGAACAGATGTTTACTggatGGAGACGcGCTACTCGTTCCTTTCGA
CL113,vTR_P09265_001,TTAAACCGGCCAACATACCCGTCTCActccATGGAGTGCAATCTCGGCACCGAACACCCTTCTACCGACACATGGAACAGAAGCAAGACGGAACAGGCAGTGGTGGACGCGTTCGATGAGTCCCTGTTCGGTGACGTAGCCAGTGACATCGGATTTGAGACATCTCTTTACTCACATGCTGTCAAAACTGCCCCTAGCCCACCCTGGGTTGCTTCCCCAAAGATACTGTATCAGCAACTGATTAGGGATTTGGATTTTTCAGAAGGGCCCggatGGAGACGcGCTACTCGTTCCTTTCGA
CL114,vTR_P03209_054,TTAAACCGGCCAACATACCCGTCTCActccGTGATCCCACAGAAGGAGGAGGCAGCTATATGTGGGCAAATGGACCTCAGCCACCCACCTCCCAGGGGCCATCTCGACGAACTGACTACGACCTTGGAGAGTATGACCGAAGATCTGAACCTGGATTCTCCCCTGACTCCTGAGCTGAATGAGATTCTTGACACCTTTCTTAACGATGAATGCTTGCTCCACGCCATGCATATTTCAACAGGATTGAGCATCTTCGACACATCCCTGTTCggatGGAGACGcGCTACTCGTTCCTTTCGA
CL115,vTR_G3G929_001,TTAAACCGGCCAACATACCCGTCTCActccATGGCCGACGACCTGTTCGACTTCATCGAAACCGAGGGAAACTTTTCTCAACTTCTGGCCGCTGCGGCTGCCGCAGCTGAGGAGGAAGGGATTGCATCAGGGCCTGATGGCGGCTCACAGGGCAGTAGACGGAGGGGTAGCTCCGGCGAGGATCTCCTGTTTGGTCCCGGGGGATTGTTCAGCGACGATGCGGCAGAAGCTGAGGCTGAAGCCGCTGTTCTCGCAGCCGCAGCCGGAGCCggatGGAGACGcGCTACTCGTTCCTTTCGA
CL116,vTR_Q2HR73_062,TTAAACCGGCCAACATACCCGTCTCActccCTCGAACGGCGCGAGTGTGTTTGCCCCGGGTCCGGCGAACGACCAAGGGTGCCTTTGGTAAGTACTTATGCTGGAGACAGATACGCCGTCGGGGGGTACGGACCCGAACAGTCTCTGGTGCCACCTCCGCTTGGCCTGCCCCTGACACTGTCCAACCTGCAGGGCGAAGATATCTGCACATGGGAGGAGGGTCTCGGTAATATTCTTAGCGAGTTGCAAGAGGAGCCTTCAAGCTCTACCggatGGAGACGcGCTACTCGTTCCTTTCGA
CL117,vTR_O56282_106,TTAAACCGGCCAACATACCCGTCTCActccGATGGCAGGGAGCCTCTGGCAAAATCCGTCATGAACAAGATACAGCACCTGACAGATTTGAATGTTCACGACTTTTCACTTTCTACCCTGTTGTCCGTGTTTGAGGAGCAAGTGGAAGACAGCGCCGCTATCTACGACTTCAGCGAGCTCCTCGTAGAAGGAAACGAGCAGGGTTTCGGGATTCTGAAGTGCGAAGAGACTGAACATGAGAATGAAGAGCCCAGTCTTAAAAAGGCCAGAggatGGAGACGcGCTACTCGTTCCTTTCGA
CL118,vTR_Q9DUN1_020,TTAAACCGGCCAACATACCCGTCTCActccACAAGACATTCTGCGTCAGGCGTGCAGCCCGTTGACGACGCAAACGCTGATAGCCCAGGCTCTGGTGATGAGGGGCCTTCCACTCGGCACAGTGACTCCCAGCCACCTCCCGCTGACGAAACCACGGTCCACACCGACAATGTAGAGGATGATTTGACACTCCTGGATAAGGAAAGCGCCTGCGCCCTTATGTACCATGTGGGACAAGAGATGGACATGCTGATGAGGGCCATGTGTGATggatGGAGACGcGCTACTCGTTCCTTTCGA
CL119,CoV_K9N5Q8_120,TATCCGAAGCGTGGAGTAcCGTCTCActccTTTTATGCCCCCGAGCCTATAACCAGCTTGAACACTAAATACGTTGCTCCCCAAGTCACCTACCAGAACATCAGCACGAATCTGCCGCCACCACTCCTGGGCAATTCCACCGGAATTGACTTCCAGGACGAACTTGATGAATTCTTCAAGAACGTGTCCACATCAATTCCTAATTTTGGGTCTCTGACACAGATCAACACAACCCTGCTGGATCTCACTTATGAGATGCTTAGTTTGCAGggatGGAGACGcGGTATGCGTAGGAGTCAA
CL120,vTR_P12977_076,TTAAACCGGCCAACATACCCGTCTCActccCAATCCCAGTACTTCGACCTGCCTCTTACTCAGCCAATCAATCACGGCGCTCCCGCGGCACATTTCCTCCACCAGCCACCCATGGAAGGACCATGGGTGCCCGAGCAATGGATGTTTCAAGGGGCCCCGCCTAGCCAGGGAACAGACGTAGTGCAGCACCAGTTGGATGCCCTGGGGTACACCCTGCATGGTCTCAACCACCCTGGCGTTCCTGTCTCTCCCGCTGTGAACCAGTATCATggatGGAGACGcGCTACTCGTTCCTTTCGA
CL121,CoV_P0C6U2|PRO_0000338185_008,TATCCGAAGCGTGGAGTAcCGTCTCActccACATACTACATCTATGATGAAGAGGGCGGAAACGATCTCAGCCTGCCGGTGATGATTTCAGAGTGGCCTCTTTCCGTGCAACAGGCACAGCAGGAGGCCACCTTGCCCGACATCGCTGAAGATGTCGTCGATCAGGTAGAAGAAGTTAATAGTATCTTTGACATTGAGACTGTGGACGTGAAGCACGACGTTTCTCCATTCGAGATGCCCTTCGAGGAACTGAACGGGCTGAAAATACTCggatGGAGACGcGGTATGCGTAGGAGTCAA
CL122,vTR_P09310_002,TTAAACCGGCCAACATACCCGTCTCActccCCTCAGCGAGCCGGCTCACCTGACACACTCGAGCTGATGGATCTGCTGGATGCCGCAGCTGCTGCAGCCGAGCATCGGGCTCGCGTCGTGACGTCCAGTCAGCCAGATGACCTCCTGTTCGGTGAAAACGGGGTTATGGTGGGAAGAGAGCACGAGATCGTGAGCATTCCATCTGTAAGCGGGCTTCAACCCGAGCCCAGGACCGAAGACGTCGGCGAAGAATTGACTCAGGACGATTACggatGGAGACGcGCTACTCGTTCCTTTCGA
CL123,CoV_A0A6B9WDP7_003,TATCCGAAGCGTGGAGTAcCGTCTCActccCTCGTAATAGGATTCTTGTTTCTGACTTGGATATGCCTTCTCCAGTTTGCCTACGCCAACCGCAACCGGTTTCTCTATATTATCAAGCTGATCTTCTTGTGGCTGTTGTGGCCCGTGACACTGGCTTGTTTCGTTCTGGCCGCAGTGTATAGAATCAATTGGATTACCGGGGGCATCGCAATTGCGATGGCTTGCCTTGTCGGTCTGATGTGGCTCAGCTACTTTATCGCCTCCTTCAGGggatGGAGACGcGGTATGCGTAGGAGTCAA
CL124,vTR_Q77Q82_034,TTAAACCGGCCAACATACCCGTCTCActccATCCTCCTGACGTCTTCCTGTAACGGGATTTTCTGTGTGTGCTACCACAACGGACCTGTACATTTTATAGGGAATACTGTGCCTCCCGACTCAGGTCCTCTTCTGCTGCCGCAGGGAAAGCCAACAAGGATCTTTAATCCCAATACCTTCTTGGTTGGCTTGGCAAACAGCCCCCTTCCTGCCCCCAGTCACGTCACCTGCCCACTCGTGAAACTGTGGCTGGGCAAGCCAGTGGCTGTCggatGGAGACGcGCTACTCGTTCCTTTCGA
CL125,vTR_Q5Y0P4_010,TTAAACCGGCCAACATACCCGTCTCActccGTGTGTACGGAGCGCATCGACGAGACTCAGCTTTGTGCGGCTTTCCCATGCTTGCACCGGTTTTGCATTCCCTGCCTGAAGACCTGGCTGCCTATGAGAAACAGCTGCCCCCTCTGTAACGCAGTGGTTGCCTATCTGATAGTGGGCGTCAAACCGGATGGGTCTTACTCCACAATTCCTGTCATCAATGACCCAAGAACCAGGGCCGAAGCCGAAGAGGCAGTACGAGCTGGAACAGCCggatGGAGACGcGCTACTCGTTCCTTTCGA
CL126,vTR_C0H677_035,TTAAACCGGCCAACATACCCGTCTCActccGACCGCAGCAGTCTTTACGAGGCCAACCCCGAACTCAGGCTCCCTTTCAAGAAACGGAGATTGGTCGTGGGTTACTTTGACTCTCTGTCATCTCTGTATCTTCGAGGCCAACCCAAATTCTCCTCCATCTGGCGCGGCCTGCGAGATGCCTGGACCCACAAGAGGCCAAAGCCTAGAGAGAGAGCTAGCGGAGTGCATTTGCAGAGGTATGTTCGGGCAACAGCGGGGCGGTGGCTGCCAggatGGAGACGcGCTACTCGTTCCTTTCGA
CL127,vTR_P03203_062,TTAAACCGGCCAACATACCCGTCTCActccAAACAGAGCCGGCCCCCGGAGACCGCCGCACCTAGACAGTGGCCTATGCCTCTTCGACCAATCCCCATGAGGCCACTGCGCATGCAACCAATCCCGTTCAACCACCCAGTGGGCCCAACACCTCACCAGACCCCTCAGGTCGAAATTACACCCTATAAGCCCACGTGGGCGCAGATTGGACATATACCCTACCAGCCCACTCCAACCGGGCCTGCCACTATGCTGCTCAGACAATGGGCTggatGGAGACGcGCTACTCGTTCCTTTCGA
CL128,vTR_P06726_040,TTAAACCGGCCAACATACCCGTCTCActccCTCTTCCCAAGGAGCAACGTCATGAGAGGGGCTGTGTCTGAGTTTCTTCCGCAATCACCCGGGCTCCCTCCAACCGAGGAGGAGGAGGAAGAGGAAGAAGAGGACGACGAAGACGATCTGTCAAGTACGCCCACACCTACCCCCCTGTCCGAGGCAATGTTTGCCGGTTTCGAAGAAGCTAGCGGCGACGAGGATTCCGATACACAGGCCGGCCTGTCTCCTGCGTTGATCCTGACTGGAggatGGAGACGcGCTACTCGTTCCTTTCGA
CL129,vTR_A6YGN7_009,TTAAACCGGCCAACATACCCGTCTCActccCAGTCATCCCAGATCCCCACATATGGCACGCCCGATTGGGACGAGTGGTGGAGCCAGTTTAACACTTACTGGGAGGAAGAGCTGAGGTGCAATGAGAGTATGCCTTCTAGCCCAAAGAGATCTGCTCCCGAAGAAGAACCGAGCTGTAGTCAAGCCACCCCTCCAAAGAAAAAACACGCCTTCGACGCATCACTCGAATTCCCTAAGGAGTTGCTGGAGTTTGTGTCCCATGCGGTCTTCggatGGAGACGcGCTACTCGTTCCTTTCGA
CL130,vTR_Q9DUN1_024,TTAAACCGGCCAACATACCCGTCTCActccACGACAGTTCATACTGATAACGTGGAAGACGACCTGACCTTGCTGGACAAGGAAAGCGCATGTGCCCTCATGTACCACGTGGGTCAAGAGATGGACATGCTGATGAGGGCAATGTGCGATGAGGACCTGTTCGATCTCCTTGGAATCCCCGAGGATGTCATAGCTACCTCACAGCCTGGCGGGGATACAGACGCGTCCGGGGTCGTAACTGAAGGATCTATTGCCGCTAGTGCCGTGGGCggatGGAGACGcGCTACTCGTTCCTTTCGA
CL131,vTR_Q2HR82_021,TTAAACCGGCCAACATACCCGTCTCActccCCAGTCTTCGTGTCCCTCAAAGCTGAAGTTTGTGACCAGAGCCACTCACCTACACGCAAACAGGGGAGGTATGGCAGGGTGTCTAGCAAGGCCTACACTCGACAGCTTCAGCAGGCCCTGGAAGAGAAGGACGCACAACTGTGCTTCCTGGCGGCCCGGCTGGAGGCACATAAGGAGCAGATTATCTTTTTGAGAGATATGCTCATGAGAATGTGCCAGCAACCGGCTAGTCCCACCGATggatGGAGACGcGCTACTCGTTCCTTTCGA
CL132,vTR_P19893_017,TTAAACCGGCCAACATACCCGTCTCActccAAGCCGCCCGTGCCACCTGCTCCAATCATGCTCCCCCTTATTAAACAGGAGGACATCAAACCAGAACCTGATTTCACGATCCAGTACAGGAACAAGATTATTGACACTGCAGGCTGCATCGTGATATCAGATAGTGAAGAGGAACAAGGGGAGGAGGTTGAGACCCGGGGCGCCACTGCCTCTTCTCCCTCCACAGGTAGCGGAACACCCAGAGTCACCAGCCCTACCCACCCTCTGTCCggatGGAGACGcGCTACTCGTTCCTTTCGA
CL133,vTR_P10541_017,TTAAACCGGCCAACATACCCGTCTCActccATGTGCGCCCTGTGTTACATGCGGCTCACAGGCCACTGTATTTATTCCCCTATCAGCGACGCAGAAGGAGAAAGCGAGTCAGGTAGTCCCGAGGACACCGATTTCCCCCATCCATTGACTGCCACACCTCCACACGGGATAGTCAGGACGATCCCGTGCCGCGTGTCTTGCAGAAGGCGACCAGCTGTTGAGTGTATTGAAGATCTTCTGGAAGAGGATCCTACCGACGAGCCCCTGAACggatGGAGACGcGCTACTCGTTCCTTTCGA
CL134,vTR_P12978_011,TTAAACCGGCCAACATACCCGTCTCActccCAGCGGAGGGACGCCTGGACGCAAGAGCCCTCCCCACTCGATAGAGACCCTCTCGGGTATGATGTGGGGCATGGACCGCTTGCCAGCGCAATGCGCATGTTGTGGATGGCTAACTACATCGTCCGGCAGTCTCGAGGCGACAGGGGCCTGATTTTGCCACAGGGTCCCCAGACCGCCCCCCAAGCTAGACTGGTGCAGCCTCACGTTCCACCCCTGCGCCCTACAGCGCCTACTATACTGggatGGAGACGcGCTACTCGTTCCTTTCGA
CL135,vTR_P03204_048,TTAAACCGGCCAACATACCCGTCTCActccGAAATGCCAATGGTCATCCTGCACCAGCCTCCTCCGGTGCCTAAGCCAGTGCCTGTGAAACCCACACCCCCACCATCCAGACGCCGGCGGGGAGCTTGCGTGGTTTACGATGACGATGTGATAGAAGTAATTGACGTCGAGACCACTGAGGACAGCAGCTCTGTTTCACAGCCCAACAAACCCCACAGGAAGCATCAAGATGGCTTCCAGAGGAGTGGTAGACGACAGAAGCGCGCCGCAggatGGAGACGcGCTACTCGTTCCTTTCGA
CL136,vTR_Q2HR71_028,TTAAACCGGCCAACATACCCGTCTCActccCCCGTGATTTTTCCGCATGAGACCCAAGGCCTGCTTGCTCCTCCCGCAGGCCAGAGTCAGACTCCATTCAGCCCAGAGGGACCAGTGCCTTCTCACGTATCCGGGTTGGATGACTGCCTGCCCATGGTTGACCACATCGAAGGGTGCCTCCTGGATCTCCTTTCAGATGTCGGTCAGGAACTGCCTGACCTGGGTGACCTCGGAGAATTGCTGTGTGAGACAGCCAGCCCTCAGGGCCCCggatGGAGACGcGCTACTCGTTCCTTTCGA
CL137,vTR_P12977_083,TTAAACCGGCCAACATACCCGTCTCActccCCCGTGTCACCCGCCGTGAACCAGTACCATCTTAGTCAGGCGGCATTCGGCCTCCCCATCGACGAGGATGAGAGCGGAGAGGGGTCTGATACATCCGAACCATGCGAGGCTCTGGACTTGAGCATACACGGCCGGCCGTGTCCCCAAGCCCCAGAATGGCCTGTCCAGGAAGAGGGAGGGCAGGATGCTACCGAAGTTCTGGACCTGTCCATTCACGGTAGGCCAAGACCTCGCACTCCTggatGGAGACGcGCTACTCGTTCCTTTCGA
CL138,vTR_Q2HR73_050,TTAAACCGGCCAACATACCCGTCTCActccTGGTCAAGCGGCGGCGCCCCGAATCAGGGGTTGTCTCACACCCAAGGCGGAGCAAGTGCTACACCATCCGCCGGGGCCCCTCCAACACCCGAGGTGGCTGAAAGACAGGAGCCTAGCTCCAGTGGGATCCCCTACGTCTGCCAGGGTGACAACATGGCAACTGGATATCGGAGGGTTACCACGTCTAGCGGTGCGCTCGAAGTGGAGATAATTGACCTGACCGGAGATTCAGATACTCCCggatGGAGACGcGCTACTCGTTCCTTTCGA
CL139,CoV_K9N5Q8_104,TATCCGAAGCGTGGAGTAcCGTCTCActccCAAGCGCTCAGCAAATTGGCTTCAGAGCTGAGTAACACTTTCGGCGCTATTTCCGCCTCTATAGGAGACATCATTCAGCGCTTGGATGTGCTGGAACAAGATGCCCAGATCGACAGGCTTATCAATGGGAGACTGACAACCCTCAACGCATTTGTAGCCCAGCAGCTTGTTCGGTCCGAATCTGCCGCACTGAGCGCTCAGCTGGCCAAGGACAAAGTGAATGAGTGCGTCAAGGCACAGggatGGAGACGcGGTATGCGTAGGAGTCAA
CL140,vTR_E5LC01_024,TTAAACCGGCCAACATACCCGTCTCActccAACAGAAGCGTGTATCCACCCTGGGCAACTGAGAGTCCTATCTACGTTGGCTCCTCTAGTGATGGTGATACACCGCCCAGGCAGCCTCCAACCAGCCCCATTTCAATAGGGTCCTCTTCTCCTAGCGAAGGGTCATGGGGCGACGACACGGCTATGCTCGTCTTGCTGGCCGAGATCGCGGAAGAAGCTAGCAAGAATGAGAAAGAATGCTCCGAGAATAACCAAGCCGGAGAGGACAACggatGGAGACGcGCTACTCGTTCCTTTCGA
CL141,vTR_Q77Q82_016,TTAAACCGGCCAACATACCCGTCTCActccGTCGACGCCAGCTTTAAGGGCACACGCGGTCGACGGAGAATGCTCGCTGCTCTGCGGAGGACCAGGGGATTGCAGGAGATTGGCAAAGGCATCTCTCAAGACGGGCATCACTTCCTTGTTTTTAGAGTGCGAAAGCCCGAGGAAGAACAGTGCGTAGAGTGTGGTGTGGTGGCGGGGGCCGTCCACGATTTCAATAACATGGCACGCCTGCTGCAGGAAGGATTCTTTTCCCCTGGGCAGggatGGAGACGcGCTACTCGTTCCTTTCGA
CL142,vTR_P01876_027,TTAAACCGGCCAACATACCCGTCTCActccCTGGTGAGGTGGCTCCAGGGCAGTCAAGAATTGCCGCGCGAGAAGTACCTCACTTGGGCCTCAAGACAGGAGCCATCCCAGGGCACAACTACATTTGCTGTCACATCTATCCTGCGAGTAGCGGCCGAAGACTGGAAGAAAGGAGACACGTTCAGCTGCATGGTTGGGCATGAGGCTCTGCCTCTTGCATTCACCCAGAAAACCATTGATCGGCTGGCCGGTAAGCCCACCCACGTGAACggatGGAGACGcGCTACTCGTTCCTTTCGA
CL143,vTR_P02768_020,TTAAACCGGCCAACATACCCGTCTCActccGAATGCTGTCAGGCTGCAGACAAAGCCGCGTGCCTCCTGCCTAAGCTGGACGAGTTGAGAGATGAGGGCAAGGCATCATCCGCTAAACAGAGGCTTAAATGCGCCAGCCTGCAGAAGTTCGGGGAACGAGCCTTTAAGGCTTGGGCCGTCGCACGGCTCTCTCAACGCTTCCCCAAGGCTGAGTTTGCCGAAGTTAGTAAGCTTGTGACTGATCTGACCAAAGTGCACACAGAGTGTTGTggatGGAGACGcGCTACTCGTTCCTTTCGA
CL144,vTR_fiducial_025,TTAAACCGGCCAACATACCCGTCTCActccTTCTACATCCCCGTGCAGATCCCCGGCTACCAGTACGTGAGCCCCGAGGGCAACTGCATCGAGCACGTGCAGCCCACCAGCGCCTTCATCCAGCAGCCCTTCATCGACGAGGACCCCGACAAGGAGAAGAAGATCAAGGAGCTGGAGATGCTGCTGATGAGCGCCGAGAACGAGGTGAGAAGAAAGAGAATCCCCAGCCAGCCCGGCAGCTTCAGCAGCTGGAGCGGCAGCTTCCTGATGggatGGAGACGcGCTACTCGTTCCTTTCGA
CL145,vTR_fiducial_096,TTAAACCGGCCAACATACCCGTCTCActccAGAGCCCCCACCCAGGTGACCGTGAGCCCCGAGACCCACATGGACCTGACCAAGGGCTGCGTGACCTTCGAGGACATCGCCATCTACTTCAGCCAGGACGAGTGGGGCCTGCTGGACGAGGCCCAGAGACTGCTGTACCTGGAGGTGATGCTGGAGAACTTCGCCCTGGTGGCCAGCCTGGGCTGCGGCCACGGCACCGAGGACGAAGAGACCCCTAGCGACCAGAACGTGAGCGTGGGCggatGGAGACGcGCTACTCGTTCCTTTCGA
CL146,CoV_K9N5Q8_089,TATCCGAAGCGTGGAGTAcCGTCTCActccACAGGGTCCAGATCAGCACGGAGTGCAATTGAAGATCTGCTGTTCGACAAAGTTACTATCGCCGATCCAGGCTACATGCAGGGATACGACGATTGTATGCAGCAGGGACCGGCTAGCGCTAGGGACTTGATATGCGCGCAATACGTGGCCGGCTATAAGGTCCTCCCCCCTCTCATGGACGTGAACATGGAGGCCGCCTATACCAGCTCTCTTCTGGGTTCCATCGCTGGCGTAGGGTGGggatGGAGACGcGGTATGCGTAGGAGTCAA
CL147,CoV_random_set05_0485,TATCCGAAGCGTGGAGTAcCGTCTCActccGCCAACACCTACCTGATAACAAGGCTCACTGTCAATGAGATCGTCATGATTCGAAGTCTCCTTCCCTTGATGGACTATCAGTGGACCAAGTCCCCTATGTCAGACTCTGTACAGTACCAGTTCCGGTCCACGGTGGATAGCGAGGGCGTGGAACTGATCGACGCATTCGCCAGAACAGTGAGGCAAAGCCCACGCTTTGATGAGACCGCTCTGACACTGTCAACTTCTGAAGTTCACAAAggatGGAGACGcGGTATGCGTAGGAGTCAA
JT126,empty,
