Tile ID,Tile Info,Tile Sequence,DNA Sequence,Library,Type
fiducial_001,Short_nuclear_domain;CBX1_HUMAN;Chromo_shadow;104;52,EESEKPRGFARGLEPERIIGATDSSGELMFLMKWKNSDEADLVPAKEANVKCPQVVISFYEERLTWHSYPSEDDDKKDDK,GAGGAGAGCGAGAAGCCCAGAGGCTTCGCCAGAGGCCTGGAGCCCGAGAGAATCATCGGCGCCACCGACAGCAGCGGCGAGCTGATGTTCCTGATGAAGTGGAAGAACAGCGACGAGGCCGACCTGGTGCCCGCCAAGGAGGCCAACGTGAAGTGCCCCCAGGTGGTGATCAGCTTCTACGAGGAGAGACTGACCTGGCACAGCTACCCCAGCGAGGACGACGACAAGAAGGACGACAAG,alpha_herpesvirus,fiducial_control
fiducial_002,Short_nuclear_domain;SUMO3_HUMAN;Rad60-SLD;12;70,ENDHINLKVAGQDGSVVQFKIKRHTPLSKLMKAYCERQGLSMRQIRFRFDGQPINETDTPAQLEMEDEDTIDVFQQQTGG,GAGAACGACCACATCAACCTGAAGGTGGCCGGCCAGGACGGCAGCGTGGTGCAGTTCAAGATCAAGAGACACACCCCCCTGAGCAAGCTGATGAAGGCCTACTGCGAGAGACAGGGCCTGAGCATGAGACAGATCAGATTCAGATTCGACGGCCAGCCCATCAACGAGACCGACACCCCCGCCCAGCTGGAGATGGAGGACGAGGACACCATCGACGTGTTCCAGCAGCAGACCGGCGGC,alpha_herpesvirus,fiducial_control
fiducial_003,Short_nuclear_domain;CDYL2_HUMAN;Chromo;1;50,ASGDLYEVERIVDKRKNKKGKWEYLIRWKGYGSTEDTWEPEHHLLHCEEFIDEFNGLHMSKDKRIKSGKQSSTSKLLRDS,GCCAGCGGCGACCTGTACGAGGTGGAGAGAATCGTGGACAAGAGAAAGAACAAGAAGGGCAAGTGGGAGTACCTGATCAGATGGAAGGGCTACGGCAGCACCGAGGACACCTGGGAGCCCGAGCACCACCTGCTGCACTGCGAGGAGTTCATCGACGAGTTCAACGGCCTGCACATGAGCAAGGACAAGAGAATCAAGAGCGGCAAGCAGAGCAGCACCAGCAAGCTGCTGAGAGACAGC,alpha_herpesvirus,fiducial_control
fiducial_004,Short_nuclear_domain;MPP8_HUMAN;Chromo;44;50,AEAFGDSEEDGEDVFEVEKILDMKTEGGKVLYKVRWKGYTSDDDTWEPEIHLEDCKEVLLEFRKKIAENKAKAVRKDIQR,GCCGAGGCCTTCGGCGACAGCGAGGAGGACGGCGAGGACGTGTTCGAGGTGGAGAAGATCCTGGACATGAAGACCGAGGGCGGCAAGGTGCTGTACAAGGTGAGATGGAAGGGCTACACCAGCGACGACGACACCTGGGAGCCCGAGATCCACCTGGAGGACTGCAAGGAGGTGCTGCTGGAGTTCAGAAAGAAGATCGCCGAGAACAAGGCCAAGGCCGTGAGAAAGGACATCCAGAGA,alpha_herpesvirus,fiducial_control
fiducial_005,Short_nuclear_domain;YAF2_HUMAN;YAF2_RYBP;78;32,KDKVEKEKSEKETTSKKNSHKKTRPRLKNVDRSSAQHLEVTVGDLTVIITDFKEKTKSPPASSAASADQHSQSGSSSDNT,AAGGACAAGGTGGAGAAGGAGAAGAGCGAGAAGGAGACCACCAGCAAGAAGAACAGCCACAAGAAGACCAGACCCAGACTGAAGAACGTGGACAGAAGCAGCGCCCAGCACCTGGAGGTGACCGTGGGCGACCTGACCGTGATCATCACCGACTTCAAGGAGAAGACCAAGAGCCCCCCCGCCAGCAGCGCCGCCAGCGCTGACCAACACAGCCAAAGCGGAAGCAGCAGCGACAACACC,alpha_herpesvirus,fiducial_control
fiducial_006,Short_nuclear_domain;CREM_HUMAN;bZIP_1;265;45,VVMAASPGSLHSPQQLAEEATRKRELRLMKNREAAKECRRRKKEYVKCLESRVAVLEVQNKKLIEELETLKDICSPKTDY,GTGGTGATGGCCGCCAGCCCCGGCAGCCTGCACAGCCCCCAGCAGCTTGCTGAGGAAGCCACCAGAAAGAGAGAGCTGAGACTGATGAAGAACAGAGAGGCCGCCAAGGAGTGCAGAAGAAGAAAGAAGGAGTACGTGAAGTGCCTGGAGAGCAGAGTGGCCGTGCTGGAGGTGCAGAACAAGAAGCTGATCGAGGAGCTGGAGACCCTGAAGGACATCTGCAGCCCCAAGACCGACTAC,alpha_herpesvirus,fiducial_control
fiducial_007,Short_nuclear_domain;TOX_HUMAN;HMG_box;255;68,KDPNEPQKPVSAYALFFRDTQAAIKGQNPNATFGEVSKIVASMWDGLGEEQKQVYKKKTEAAKKEYLKQLAAYRASLVSK,AAGGACCCCAACGAGCCCCAGAAGCCCGTGAGCGCCTACGCCCTGTTCTTCAGAGACACCCAGGCCGCCATCAAGGGCCAGAACCCCAACGCCACCTTCGGCGAGGTGAGCAAGATCGTGGCCAGCATGTGGGACGGCCTGGGCGAGGAGCAGAAGCAGGTGTACAAGAAGAAGACCGAGGCCGCCAAGAAGGAGTACCTGAAGCAGCTGGCCGCCTACAGAGCCAGCCTGGTGAGCAAG,alpha_herpesvirus,fiducial_control
fiducial_008,Short_nuclear_domain;SSX2_HUMAN;SSXRD;108;31,PKIMPKKPAEEGNDSEEVPEASGPQNDGKELCPPGKPTTSEKIHERSGPKRGEHAWTHRLRERKQLVIYEEISDPEEDDE,CCCAAGATCATGCCCAAGAAGCCCGCCGAGGAGGGCAACGACAGCGAGGAGGTGCCCGAGGCTAGCGGACCCCAGAACGACGGCAAGGAGCTGTGCCCCCCCGGCAAGCCCACCACCAGCGAGAAGATCCACGAGAGAAGCGGCCCCAAGAGAGGCGAGCACGCCTGGACCCACAGACTGAGAGAGAGAAAGCAGCTGGTGATCTACGAGGAGATCAGCGACCCCGAGGAGGACGACGAG,alpha_herpesvirus,fiducial_control
fiducial_009,Short_nuclear_domain;ASCL1_HUMAN;HLH;105;52,SGFGYSLPQQQPAAVARRNERERNRVKLVNLGFATLREHVPNGAANKKMSKVETLRSAVEYIRALQQLLDEHDAVSAAFQ,AGCGGCTTCGGCTACAGCCTGCCCCAGCAGCAGCCCGCCGCCGTGGCTAGAAGAAACGAGAGAGAGAGAAACAGAGTGAAGCTGGTGAACCTGGGCTTCGCCACCCTGAGAGAGCACGTGCCCAACGGCGCCGCCAACAAGAAGATGAGCAAGGTGGAGACCCTGAGAAGCGCCGTGGAGTACATCAGAGCCCTGCAGCAGCTGCTGGACGAGCACGACGCCGTGAGCGCCGCCTTCCAG,alpha_herpesvirus,fiducial_control
fiducial_010,Short_nuclear_domain;SCMH1_HUMAN;SAM_1;580;65,DASRLSGRDPSSWTVEDVMQFVREADPQLGPHADLFRKHEIDGKALLLLRSDMMMKYMGLKLGPALKLSYHIDRLKQGKF,GACGCCAGCAGACTGAGCGGCAGAGACCCCAGCAGCTGGACCGTGGAGGACGTGATGCAGTTCGTGAGAGAGGCCGACCCCCAGCTGGGCCCCCACGCCGACCTGTTCAGAAAGCACGAGATCGACGGCAAGGCCCTGCTGCTGCTGAGAAGCGACATGATGATGAAGTACATGGGCCTGAAGCTGGGCCCCGCCCTGAAGCTGAGCTACCACATCGACAGACTGAAGCAGGGCAAGTTC,alpha_herpesvirus,fiducial_control
fiducial_011,Short_nuclear_domain;JDP2_HUMAN;bZIP_1;61;63,QPVKSELDEEEERRKRRREKNKVAAARCRNKKKERTEFLQRESERLELMNAELKTQIEELKQERQQLILMLNRHRPTCIV,CAGCCCGTGAAGAGCGAGCTGGACGAGGAGGAGGAGAGAAGAAAGAGAAGAAGAGAGAAGAACAAGGTGGCCGCCGCCAGATGCAGAAACAAGAAGAAGGAGAGAACCGAGTTCCTGCAGAGAGAGAGCGAGAGACTGGAGCTGATGAACGCCGAGCTGAAGACCCAGATCGAGGAGCTGAAGCAGGAGAGACAGCAGCTGATCCTGATGCTGAACAGACACAGACCCACCTGCATCGTG,alpha_herpesvirus,fiducial_control
fiducial_012,Short_nuclear_domain;HERC2_HUMAN;Cyt-b5;1207;72,TLIRKADLENHNKDGGFWTVIDGKVYDIKDFQTQSLTGNSILAQFAGEDPVVALEAALQFEDTRESMHAFCVGQYLEPDQ,ACCCTGATCAGAAAGGCCGACCTGGAGAACCACAACAAGGACGGCGGCTTCTGGACCGTGATCGACGGCAAGGTGTACGACATCAAGGACTTCCAGACCCAGAGCCTGACCGGCAACAGCATCCTGGCCCAGTTCGCCGGCGAGGACCCCGTGGTGGCCCTGGAAGCTGCTCTGCAGTTCGAGGACACCAGAGAGAGCATGCACGCCTTCTGCGTGGGCCAGTACCTGGAGCCCGACCAG,alpha_herpesvirus,fiducial_control
fiducial_013,Short_nuclear_domain;ATF1_HUMAN;bZIP_1;191;59,QTVVMTSPVTLTSQTTKTDDPQLKREIRLMKNREAARECRRKKKEYVKCLENRVAVLENQNKTLIEELKTLKDLYSNKSV,CAGACCGTGGTGATGACCAGCCCCGTGACCCTGACCAGCCAGACCACCAAGACCGACGACCCCCAGCTGAAGAGAGAGATCAGACTGATGAAGAACAGAGAGGCCGCCAGAGAGTGCAGAAGAAAGAAGAAGGAGTACGTGAAGTGCCTGGAGAACAGAGTGGCCGTGCTGGAGAACCAGAACAAGACCCTGATCGAGGAGCTGAAGACCCTGAAGGACCTGTACAGCAACAAGAGCGTG,alpha_herpesvirus,fiducial_control
fiducial_014,Short_nuclear_domain;ID2_HUMAN;HLH;15;41,SDHSLGISRSKTPVDDPMSLLYNMNDCYSKLKELVPSIPQNKKVSKMEILQHVIDYILDLQIALDSHPTIVSLHHQRPGQ,AGCGACCACAGCCTGGGCATCAGCAGAAGCAAGACCCCCGTGGACGACCCCATGAGCCTGCTGTACAACATGAACGACTGCTACAGCAAGCTGAAGGAGCTGGTGCCCAGCATCCCCCAGAACAAGAAGGTGAGCAAGATGGAGATCCTGCAGCACGTGATCGACTACATCCTGGACCTGCAGATCGCCCTGGACAGCCACCCCACCATCGTGAGCCTGCACCACCAGAGACCCGGCCAG,alpha_herpesvirus,fiducial_control
fiducial_015,Short_nuclear_domain;TERF1_HUMAN;Myb_DNA-binding;359;48,SRIPVSKSQPVTPEKHRARKRQAWLWEEDKNLRSGVRKYGEGNWSKILLHYKFNNRTSVMLKDRWRTMKKLKLISSDSED,AGCAGAATCCCCGTGAGCAAGAGCCAGCCCGTGACCCCCGAGAAGCACAGAGCCAGAAAGAGACAGGCCTGGCTGTGGGAGGAGGACAAGAACCTGAGAAGCGGCGTGAGAAAGTACGGCGAGGGCAACTGGAGCAAGATCCTGCTGCACTACAAGTTCAACAACAGAACCAGCGTGATGCTGAAGGACAGATGGAGAACCATGAAGAAGCTGAAGCTGATCAGCAGCGACAGCGAGGAC,alpha_herpesvirus,fiducial_control
fiducial_016,Short_nuclear_domain;GSX1_HUMAN;Homeodomain;136;56,VDSSSNQLPSSKRMRTAFTSTQLLELEREFASNMYLSRLRRIEIATYLNLSEKQVKIWFQNRRVKHKKEGKGSNHRGGGG,GTGGACAGCAGCAGCAACCAGCTGCCCAGCAGCAAGAGAATGAGAACCGCCTTCACCAGCACCCAGCTGCTGGAGCTGGAGAGAGAGTTCGCCAGCAACATGTACCTGAGCAGACTGAGAAGAATCGAGATCGCCACCTACCTGAACCTGAGCGAGAAGCAGGTGAAGATCTGGTTCCAGAACAGAAGAGTGAAGCACAAGAAGGAGGGCAAGGGCAGCAACCACAGAGGCGGCGGCGGC,alpha_herpesvirus,fiducial_control
fiducial_017,Short_nuclear_domain;KMT2B_HUMAN;zf-CXXC;941;47,GGTLAHTPRRSLPSHHGKKMRMARCGHCRGCLRVQDCGSCVNCLDKPKFGGPNTKKQCCVYRKCDKIEARKMERLAKKGR,GGCGGCACCCTGGCCCACACCCCCAGAAGAAGCCTGCCCAGCCACCACGGCAAGAAGATGAGAATGGCCAGATGCGGCCACTGCAGAGGCTGCCTGAGAGTGCAGGACTGCGGCAGCTGCGTGAACTGCCTGGACAAGCCCAAGTTCGGCGGCCCCAACACCAAGAAGCAGTGCTGCGTGTACAGAAAGTGCGACAAGATCGAGGCCAGAAAGATGGAGAGACTGGCCAAGAAGGGCAGA,alpha_herpesvirus,fiducial_control
fiducial_018,Short_nuclear_domain;HXA13_HUMAN;Homeodomain;308;56,VVSHPSDASSYRRGRKKRVPYTKVQLKELEREYATNKFITKDKRRRISATTNLSERQVTIWFQNRRVKEKKVINKLKTTS,GTGGTGAGCCACCCCAGCGACGCCAGCAGCTACAGAAGAGGCAGAAAGAAGAGAGTGCCCTACACCAAGGTGCAGCTGAAGGAGCTGGAGAGAGAGTACGCCACCAACAAGTTCATCACCAAGGACAAGAGAAGAAGAATCAGCGCCACCACCAACCTGAGCGAGAGACAGGTGACCATCTGGTTCCAGAACAGAAGAGTGAAGGAGAAGAAGGTGATCAACAAGCTGAAGACCACCAGC,alpha_herpesvirus,fiducial_control
fiducial_019,Short_nuclear_domain;PCGF2_HUMAN;zf-C3HC4_2;1;39,HRTTRIKITELNPHLMCALCGGYFIDATTIVECLHSFCKTCIVRYLETNKYCPMCDVQVHKTRPLLSIRSDKTLQDIVYK,CACAGAACCACCAGAATCAAGATCACCGAGCTGAACCCCCACCTGATGTGCGCCCTGTGCGGCGGCTACTTCATCGACGCCACCACCATCGTGGAGTGCCTGCACAGCTTCTGCAAGACCTGCATCGTGAGATACCTGGAGACCAACAAGTACTGCCCCATGTGCGACGTGCAGGTGCACAAGACCAGACCCCTGCTGAGCATCAGAAGCGACAAGACCCTGCAGGACATCGTGTACAAG,alpha_herpesvirus,fiducial_control
fiducial_020,Short_nuclear_domain;BIN1_HUMAN;SH3_9;513;63,RLDLPPGFMFKVQAQHDYTATDTDELQLKAGDVVLVIPFQNPEEQDEGWLMGVKESDWNQHKELEKCRGVFPENFTERVP,AGACTGGACCTGCCCCCCGGCTTCATGTTCAAGGTGCAGGCCCAGCACGACTACACCGCCACCGACACCGACGAGCTGCAGCTGAAGGCCGGCGACGTGGTGCTGGTGATCCCCTTCCAGAACCCCGAGGAGCAGGACGAGGGCTGGCTGATGGGCGTGAAGGAGAGCGACTGGAACCAGCACAAGGAGCTGGAGAAGTGCAGAGGCGTGTTCCCCGAGAACTTCACCGAGAGAGTGCCC,alpha_herpesvirus,fiducial_control
fiducial_021,Short_nuclear_domain;CHD3_HUMAN;DUF1087;1286;60,KVAQYVVREEDKIEEIEREIIKQEENVDPDYWEKLLRHHYEQQQEDLARNLGKGKRVRKQVNYNDAAQEDQDNQSEYSVG,AAGGTGGCCCAGTACGTGGTGAGAGAGGAGGACAAGATCGAGGAGATCGAGAGAGAGATCATCAAGCAGGAGGAGAACGTGGACCCCGACTACTGGGAGAAGCTGCTGAGACACCACTACGAGCAGCAGCAGGAGGACCTGGCCAGAAACCTGGGCAAGGGCAAGAGAGTGAGAAAGCAGGTGAACTACAACGACGCCGCCCAGGAGGACCAGGACAACCAGAGCGAGTACAGCGTGGGC,alpha_herpesvirus,fiducial_control
fiducial_022,Short_nuclear_domain;ZN777_HUMAN;DUF3669;181;67,EITRLAVWAAVQAVERKLEAQAMRLLTLEGRTGTNEKKIADCEKTAVEFANHLESKWVVLGTLLQEYGLLQRRLENMENL,GAGATCACCAGACTGGCCGTGTGGGCCGCCGTGCAGGCCGTGGAGAGAAAGCTGGAGGCCCAGGCCATGAGACTGCTGACCCTGGAGGGCAGAACCGGCACCAACGAGAAGAAGATCGCCGACTGCGAGAAGACCGCCGTGGAGTTCGCCAACCACCTGGAGAGCAAGTGGGTGGTGCTGGGCACCCTGCTGCAGGAGTACGGCCTGCTGCAGAGAAGACTGGAGAACATGGAGAACCTG,alpha_herpesvirus,fiducial_control
fiducial_023,Short_nuclear_domain;ZN473_HUMAN;KRAB;1;41,AEEFVTLKDVGMDFTLGDWEQLGLEQGDTFWDTALDNCQDLFLLDPPRPNLTSHPDGSEDLEPLAGGSPEATSPDVTETK,GCCGAGGAGTTCGTGACCCTGAAGGACGTGGGCATGGACTTCACCCTGGGCGACTGGGAGCAGCTGGGCCTGGAGCAGGGCGACACCTTCTGGGACACCGCCCTGGACAACTGCCAGGACCTGTTCCTGCTGGACCCCCCCAGACCCAACCTGACCAGCCACCCCGACGGCAGCGAGGACCTGGAGCCCCTGGCTGGAGGAAGCCCTGAGGCCACCAGCCCCGACGTGACCGAGACCAAG,alpha_herpesvirus,fiducial_control
fiducial_024,Short_nuclear_domain;FOXO3_HUMAN;FOXO-TAD;584;41,DSLSGSSLYSTSANLPVMGHEKFPSDLDLDMFNGSLECDMESIIRSELMDADGLDFNFDSLISTQNVVGLNVGNFTGAKQ,GACAGCCTGAGCGGCAGCAGCCTGTACAGCACCAGCGCCAACCTGCCCGTGATGGGCCACGAGAAGTTCCCCAGCGACCTGGACCTGGACATGTTCAACGGCAGCCTGGAGTGCGACATGGAGAGCATCATCAGAAGCGAGCTGATGGACGCCGACGGCCTGGACTTCAACTTCGACAGCCTGATCAGCACCCAGAACGTGGTGGGCCTGAACGTGGGCAACTTCACCGGCGCCAAGCAG,alpha_herpesvirus,fiducial_control
fiducial_025,Short_nuclear_domain;MYBA_HUMAN;LMSTEN;223;46,FYIPVQIPGYQYVSPEGNCIEHVQPTSAFIQQPFIDEDPDKEKKIKELEMLLMSAENEVRRKRIPSQPGSFSSWSGSFLM,TTCTACATCCCCGTGCAGATCCCCGGCTACCAGTACGTGAGCCCCGAGGGCAACTGCATCGAGCACGTGCAGCCCACCAGCGCCTTCATCCAGCAGCCCTTCATCGACGAGGACCCCGACAAGGAGAAGAAGATCAAGGAGCTGGAGATGCTGCTGATGAGCGCCGAGAACGAGGTGAGAAGAAAGAGAATCCCCAGCCAGCCCGGCAGCTTCAGCAGCTGGAGCGGCAGCTTCCTGATG,alpha_herpesvirus,fiducial_control
fiducial_026,Short_nuclear_domain;NCOA2_HUMAN;Nuc_rec_co-act;1054;46,PFGSSPDDLLCPHPAAESPSDEGALLDQLYLALRNFDGLEEIDRALGIPELVSQSQAVDPEQFSSQDSNIMLEQKAPVFP,CCCTTCGGCAGCAGCCCCGACGACCTGCTGTGCCCCCACCCCGCTGCTGAAAGCCCCAGCGACGAGGGCGCTCTGCTGGACCAGCTGTACCTGGCCCTGAGAAACTTCGACGGCCTGGAGGAGATCGACAGAGCCCTGGGCATCCCCGAGCTGGTGAGCCAGAGCCAGGCCGTGGACCCCGAGCAGTTCAGCAGCCAGGACAGCAACATCATGCTGGAGCAGAAGGCCCCCGTGTTCCCC,alpha_herpesvirus,fiducial_control
fiducial_027,Short_nuclear_domain;SMCA2_HUMAN;QLQ;150;34,SQPGALIPGDPQAMSQPNRGPSPFSPVQLHQLRAQILAYKMLARGQPLPETLQLAVQGKRTLPGLQQQQQQQQQQQQQQQ,AGCCAGCCCGGCGCCCTGATCCCCGGCGACCCCCAGGCTATGAGCCAACCTAACAGAGGCCCCAGCCCCTTCAGCCCCGTGCAGCTGCACCAGCTGAGAGCCCAGATCCTGGCCTACAAGATGCTGGCCAGAGGCCAGCCCCTGCCCGAGACCCTGCAGCTGGCCGTGCAAGGCAAGAGAACCCTGCCCGGCCTGCAGCAGCAGCAGCAGCAGCAGCAGCAGCAGCAGCAGCAGCAGCAG,alpha_herpesvirus,fiducial_control
fiducial_028,Short_nuclear_domain;KIBRA_HUMAN;WW;1;29,PRPELPLPEGWEEARDFDGKVYYIDHTNRTTSWIDPRDRYTKPLTFADCISDELPLGWEEAYDPQVGDYFIDHNTKTTQI,CCCAGACCCGAGCTGCCCCTGCCCGAGGGCTGGGAGGAGGCCAGAGACTTCGACGGCAAGGTGTACTACATCGACCACACCAACAGAACCACCAGCTGGATCGACCCCAGAGACAGATACACCAAGCCCCTGACCTTCGCCGACTGCATCAGCGACGAGCTGCCCCTGGGCTGGGAGGAGGCCTACGACCCCCAGGTGGGAGACTACTTCATCGACCACAACACCAAGACCACCCAGATC,alpha_herpesvirus,fiducial_control
fiducial_029,Short_nuclear_domain;ZN597_HUMAN;KRAB;1;41,ASMPPTPEAQGPILFEDLAVYFSQEECVTLHPAQRSLSKDGTKESLEDAALMGEEGKPEINQQLSLESMELDELALEKYP,GCCAGCATGCCCCCCACCCCCGAGGCCCAGGGCCCCATCCTGTTCGAGGACCTTGCTGTGTACTTCAGCCAGGAGGAGTGCGTGACCCTGCACCCCGCCCAGAGAAGCCTGAGCAAGGACGGCACCAAGGAGAGCCTGGAGGACGCCGCCCTGATGGGCGAGGAGGGCAAGCCCGAGATCAACCAGCAGCTGAGCCTGGAGAGCATGGAGCTGGACGAGCTGGCCCTGGAGAAGTACCCC,alpha_herpesvirus,fiducial_control
fiducial_030,Short_nuclear_domain;APBB1_HUMAN;WW;229;28,GSPSYGSPEDTDSFWNPNAFETDSDLPAGWMRVQDTSGTYYWHIPTGTTQWEPPGRASPSQGSSPQEESQLTWTGFAHGE,GGCAGCCCCAGCTACGGCAGCCCCGAGGACACCGACAGCTTCTGGAACCCCAACGCCTTCGAGACCGACAGCGACCTGCCCGCCGGCTGGATGAGAGTGCAGGACACCAGCGGCACCTACTACTGGCACATCCCCACCGGCACCACCCAGTGGGAGCCCCCCGGAAGAGCTAGCCCTAGCCAGGGCAGCAGCCCCCAGGAGGAGAGCCAGCTGACCTGGACCGGCTTCGCCCACGGCGAG,alpha_herpesvirus,fiducial_control
fiducial_031,DMD_control_tiles;ENSG00000198947;;31;,DPTRSPFPSQHLEAPEDKSFGSSLMESEVNLDRYQTALEEVLSWLLSAEDTLQAQGEISNDVEVVKDQFHTHEGYMMDLT,GACCCCACCAGAAGCCCCTTCCCCAGCCAGCACCTGGAGGCCCCCGAGGACAAGAGCTTCGGCAGCAGCCTGATGGAGAGCGAGGTGAACCTGGACAGATACCAGACCGCCCTGGAGGAGGTGCTGAGCTGGCTGCTGAGCGCCGAGGACACCCTGCAGGCCCAGGGCGAGATCAGCAACGACGTGGAGGTGGTGAAGGACCAGTTCCACACCCACGAGGGCTACATGATGGACCTGACC,alpha_herpesvirus,fiducial_control
fiducial_032,Short_nuclear_domain;ANM2_HUMAN;SH3_1;18;45,ECSEAGLLQEGVQPEEFVAIADYAATDETQLSFLRGEKILILRQTTADWWWGERAGCCGYIPANHVGKHVDEYDPEDTWQ,GAGTGCAGCGAGGCCGGCCTGCTGCAGGAGGGCGTGCAGCCCGAGGAGTTCGTGGCTATCGCCGACTACGCCGCCACCGACGAGACCCAGCTGAGCTTCCTGAGAGGCGAGAAGATCCTGATCCTGAGACAGACCACCGCCGACTGGTGGTGGGGCGAGAGAGCCGGCTGCTGCGGCTACATCCCCGCCAACCACGTGGGCAAGCACGTGGACGAGTACGACCCCGAGGACACCTGGCAG,alpha_herpesvirus,fiducial_control
fiducial_033,Short_nuclear_domain;CXXC1_HUMAN;PHD;12;48,AGEDSKSENGENAPIYCICRKPDINCFMIGCDNCNEWFHGDCIRITEKMAKAIREWYCRECREKDPKLEIRYRHKKSRER,GCCGGCGAGGACAGCAAGAGCGAGAACGGCGAGAACGCCCCCATCTACTGCATCTGCAGAAAGCCCGACATCAACTGCTTCATGATCGGCTGCGACAACTGCAACGAGTGGTTCCACGGCGACTGCATCAGAATCACCGAGAAGATGGCCAAGGCCATCAGAGAGTGGTACTGCAGAGAGTGCAGAGAGAAGGACCCCAAGCTGGAGATCAGATACAGACACAAGAAGAGCAGAGAGAGA,alpha_herpesvirus,fiducial_control
fiducial_034,Short_nuclear_domain;CRTC2_HUMAN;TORC_C;613;77,GPNIILTGDSSPGFSKEIAAALAGVPGFEVSAAGLELGLGLEDELRMEPLGLEGLNMLSDPCALLPDPAVEESFRSDRLQ,GGCCCCAACATCATCCTGACCGGCGACAGCAGCCCCGGCTTCAGCAAGGAGATCGCCGCCGCCCTGGCTGGCGTGCCTGGATTCGAGGTGAGCGCTGCTGGACTGGAGCTGGGCCTGGGCCTGGAGGACGAGCTGAGAATGGAGCCCCTGGGCCTGGAGGGCCTGAACATGCTGAGCGACCCCTGCGCCCTGCTGCCCGACCCCGCTGTGGAGGAGAGCTTCAGAAGCGACAGACTGCAG,alpha_herpesvirus,fiducial_control
fiducial_035,Short_nuclear_domain;NOTC2_HUMAN;Notch;1440;34,EACNSHACQWDGGDCSLTMENPWANCSSPLPCWDYINNQCDELCNTVECLFDNFECQGNSKTCKYDKYCADHFKDNHCDQ,GAGGCCTGCAACAGCCACGCCTGCCAGTGGGACGGCGGCGACTGCAGCCTGACCATGGAGAACCCCTGGGCCAACTGCAGCAGCCCCCTGCCCTGCTGGGACTACATCAACAACCAGTGCGACGAGCTGTGCAACACCGTGGAGTGCCTGTTCGACAACTTCGAGTGCCAGGGCAACAGCAAGACCTGCAAGTACGACAAGTACTGCGCCGACCACTTCAAGGACAACCACTGCGACCAG,alpha_herpesvirus,fiducial_control
fiducial_036,Short_nuclear_domain;CACO1_HUMAN;Zn-C2H2_12;611;26,SGGEEANLLLPELGSAFYDMASGFTVGTLSETSTGGPATPTWKECPICKERFPAESDKDALEDHMDGHFFFSTQDPFTFE,AGCGGCGGCGAGGAGGCCAACCTGCTGCTGCCCGAGCTGGGCAGCGCTTTCTACGACATGGCCAGCGGCTTCACCGTGGGCACCCTGAGCGAGACCAGCACCGGCGGACCCGCTACCCCCACATGGAAGGAGTGCCCCATCTGCAAGGAGAGATTCCCCGCCGAGAGCGACAAGGACGCCCTGGAGGACCACATGGACGGCCACTTCTTCTTCAGCACCCAGGACCCCTTCACCTTCGAG,alpha_herpesvirus,fiducial_control
fiducial_037,Short_nuclear_domain;PYGO1_HUMAN;PHD;330;56,RHGHSSSDPVYPCGICTNEVNDDQDAILCEASCQKWFHRICTGMTETAYGLLTAEASAVWGCDTCMADKDVQLMRTRETF,AGACACGGCCACAGCAGCAGCGACCCCGTGTACCCCTGCGGCATCTGCACCAACGAGGTGAACGACGACCAGGACGCCATCCTGTGCGAGGCCAGCTGCCAGAAGTGGTTCCACAGAATCTGCACCGGCATGACCGAGACCGCCTACGGCCTGCTGACCGCCGAGGCCAGCGCTGTGTGGGGATGCGACACCTGCATGGCCGACAAGGACGTGCAGCTGATGAGAACCAGAGAGACCTTC,alpha_herpesvirus,fiducial_control
fiducial_038,Short_nuclear_domain;IKKA_HUMAN;IKKbetaNEMObind;665;36,LVGSSLEGAVTPQTSAWLPPTSAEHDHSLSCVVTPQDGETSAQMIEENLNCLGHLSTIIHEANEEQGNSMMNLDWSWLTE,CTGGTGGGCAGCAGCCTGGAGGGCGCCGTGACCCCCCAGACAAGCGCTTGGCTGCCCCCTACCAGCGCTGAGCACGACCACAGCCTGAGCTGCGTGGTGACCCCCCAGGACGGCGAGACCAGCGCCCAGATGATCGAGGAGAACCTGAACTGCCTGGGCCACCTGAGCACCATCATCCACGAGGCCAACGAGGAGCAGGGCAACAGCATGATGAACCTGGACTGGAGCTGGCTGACCGAG,alpha_herpesvirus,fiducial_control
fiducial_039,Short_nuclear_domain;APC16_HUMAN;ANAPC16;26;79,DLAPPRKALFTYPKGAGEMLEDGSERFLCESVFSYQVASTLKQVKHDQQVARMEKLAGLVEELEADEWRFKPIEQLLGFT,GACCTGGCCCCCCCCAGAAAGGCCCTGTTCACCTACCCCAAGGGCGCCGGCGAGATGCTGGAGGACGGCAGCGAGAGATTCCTGTGCGAGAGCGTGTTCAGCTACCAGGTGGCCAGCACCCTGAAGCAGGTGAAGCACGACCAGCAGGTGGCCAGAATGGAGAAGCTGGCCGGCCTGGTGGAGGAGCTGGAGGCCGACGAGTGGAGATTCAAGCCCATCGAGCAGCTGCTGGGCTTCACC,alpha_herpesvirus,fiducial_control
fiducial_040,Short_nuclear_domain;WWP2_HUMAN;WW;381;28,AMQHFSQRFLYQSSSASTDHDPLGPLPPGWEKRQDNGRVYYVNHNTRTTQWEDPRTQGMIQEPALPPGWEMKYTSEGVRY,GCCATGCAGCACTTCAGCCAGAGATTCCTGTACCAGAGCAGCAGCGCCAGCACCGACCACGACCCCCTGGGCCCCCTTCCTCCTGGATGGGAGAAGAGACAGGACAACGGCAGAGTGTACTACGTGAACCACAACACCAGAACCACCCAGTGGGAGGACCCCAGAACCCAGGGCATGATCCAGGAGCCCGCCCTGCCCCCCGGATGGGAGATGAAGTACACCAGCGAGGGCGTGAGATAC,alpha_herpesvirus,fiducial_control
fiducial_041,Short_nuclear_domain;ZFP28_HUMAN;KRAB;209;37,LEYSLLGEHWDYDALFETQPGLVTIKNLAVDFRQQLHPAQKNFCKNGIWENNSDLGSAGHCVAKPDLVSLLEQEKEPWMV,CTGGAGTACAGCCTGCTGGGCGAGCACTGGGACTACGACGCCCTGTTCGAGACCCAGCCCGGCCTGGTGACCATCAAGAACCTGGCCGTGGACTTCAGACAGCAGCTGCACCCCGCCCAGAAGAACTTCTGCAAGAACGGCATCTGGGAGAACAACAGCGACCTGGGCAGCGCCGGCCACTGCGTGGCCAAGCCCGACCTGGTTAGCCTGCTGGAGCAGGAGAAGGAGCCCTGGATGGTG,alpha_herpesvirus,fiducial_control
fiducial_042,Short_nuclear_domain;DPY30_HUMAN;Dpy-30;19;41,EYGLTDNVERIVENEKINAEKSSKQKVDLQSLPTRAYLDQTVVPILLQGLAVLAKERPPNPIEFLASYLLKNKAQFEDRN,GAGTACGGCCTGACCGACAACGTGGAGAGAATCGTGGAGAACGAGAAGATCAACGCCGAGAAGAGCAGCAAGCAGAAGGTGGACCTGCAGAGCCTGCCCACCAGAGCCTACCTGGACCAGACCGTGGTGCCCATCCTGCTGCAGGGCCTGGCCGTGCTGGCCAAGGAGAGACCCCCCAACCCCATCGAGTTCCTGGCCAGCTACCTGCTGAAGAACAAGGCCCAGTTCGAGGACAGAAAC,alpha_herpesvirus,fiducial_control
fiducial_043,Short_nuclear_domain;KS6B2_HUMAN;Pkinase_C;329;40,HMNWDDLLAWRVDPPFRPCLQSEEDVSQFDTRFTRQTPVDSPDDTALSESANQAFLGFTYVAPSVLDSIKEGFSFQPKLR,CACATGAACTGGGACGACCTGCTGGCCTGGAGAGTGGACCCCCCCTTCAGACCCTGCCTGCAGAGCGAGGAGGACGTGAGCCAGTTCGACACCAGATTCACCAGACAGACCCCCGTGGACAGCCCCGACGACACCGCCCTGAGCGAGAGCGCCAACCAGGCCTTCCTGGGCTTCACCTACGTGGCCCCCAGCGTGCTGGACAGCATCAAGGAGGGCTTCAGCTTCCAGCCCAAGCTGAGA,alpha_herpesvirus,fiducial_control
fiducial_044,Short_nuclear_domain;U2AF4_HUMAN;RRM_1;71;59,VEVQEHYDSFFEEVFTELQEKYGEIEEMNVCDNLGDHLVGNVYVKFRREEDGERAVAELSNRWFNGQAVHGELSPVTDFR,GTGGAGGTGCAGGAGCACTACGACAGCTTCTTCGAGGAGGTGTTCACCGAGCTGCAGGAGAAGTACGGCGAGATCGAGGAGATGAACGTGTGCGACAACCTGGGCGACCACCTGGTGGGCAACGTGTACGTGAAGTTCAGAAGAGAGGAGGACGGCGAGAGAGCCGTGGCCGAGCTGAGCAACAGATGGTTCAACGGCCAGGCCGTGCACGGCGAGCTGAGCCCCGTGACCGACTTCAGA,alpha_herpesvirus,fiducial_control
fiducial_045,Short_nuclear_domain;ITCH_HUMAN;WW;302;29,SGLIIPLTISGGSGPRPLNPVTQAPLPPGWEQRVDQHGRVYYVDHVEKRTTWDRPEPLPPGWERRVDNMGRIYYVDHFTR,AGCGGCCTGATCATCCCCCTGACCATCAGCGGCGGCAGCGGCCCCAGACCCCTGAACCCCGTGACCCAAGCTCCTCTGCCCCCCGGATGGGAGCAGAGAGTGGACCAGCACGGCAGAGTGTACTACGTGGACCACGTGGAGAAGAGAACCACCTGGGACAGACCCGAGCCCCTGCCCCCCGGCTGGGAGAGAAGAGTGGACAACATGGGCAGAATCTACTACGTGGACCACTTCACCAGA,alpha_herpesvirus,fiducial_control
fiducial_046,Short_nuclear_domain;STAT2_HUMAN;STAT2_C;770;55,SQTVPEPDQGPVSQPVPEPDLPCDLRHLNTEPMEIFRNCVKIEEIMPNGDPLLAGQNTVDEVYVSRPSHFYTDGPLMPSD,AGCCAGACCGTGCCCGAGCCCGACCAGGGCCCCGTGAGCCAGCCTGTTCCTGAGCCTGACCTGCCCTGCGACCTGAGACACCTGAACACCGAGCCCATGGAGATCTTCAGAAACTGCGTGAAGATCGAGGAGATCATGCCCAACGGCGACCCCCTGCTGGCCGGCCAGAACACCGTGGACGAGGTGTACGTGAGCAGACCCAGCCACTTCTACACCGACGGCCCCCTGATGCCCAGCGAC,alpha_herpesvirus,fiducial_control
fiducial_047,Short_nuclear_domain;DPF1_HUMAN;Requiem_N;34;71,PLSLGEDFYREAIEHCRSYNARLCAERSLRLPFLDSQTGVAQNNCYIWMEKTHRGPGLAPGQIYTYPARCWRKKRRLNIL,CCCCTGAGCCTGGGCGAGGACTTCTACAGAGAGGCCATCGAGCACTGCAGAAGCTACAACGCCAGACTGTGCGCCGAGAGAAGCCTGAGACTGCCCTTCCTGGACAGCCAGACCGGCGTGGCCCAGAACAACTGCTACATCTGGATGGAGAAGACCCACAGAGGCCCCGGCCTGGCCCCCGGCCAGATCTACACCTACCCCGCTAGATGCTGGAGAAAGAAGAGAAGACTGAACATCCTG,alpha_herpesvirus,fiducial_control
fiducial_048,Short_nuclear_domain;ABL1_HUMAN;SH3_1;50;46,KENLLAGPSENDPNLFVALYDFVASGDNTLSITKGEKLRVLGYNHNGEWCEAQTKNGQGWVPSNYITPVNSLEKHSWYHG,AAGGAGAACCTGCTGGCCGGCCCCAGCGAGAACGACCCCAACCTGTTCGTGGCCCTGTACGACTTCGTGGCCAGCGGCGACAACACCCTGAGCATCACCAAGGGCGAGAAGCTGAGAGTGCTGGGCTACAACCACAACGGCGAGTGGTGCGAGGCCCAGACCAAGAACGGCCAGGGCTGGGTGCCCAGCAACTACATCACCCCCGTGAACAGCCTGGAGAAGCACAGCTGGTACCACGGC,alpha_herpesvirus,fiducial_control
fiducial_049,Short_nuclear_domain;WBP4_HUMAN;WW;139;29,YYDLISGASQWEKPEGFQGDLKKTAVKTVWVEGLSEDGFTYYYNTETGESRWEKPDDFIPHTSDLPSSKVNENSLGTLDE,TACTACGACCTGATCAGCGGCGCCAGCCAGTGGGAGAAGCCCGAGGGCTTCCAGGGCGACCTGAAGAAGACCGCCGTGAAGACCGTGTGGGTGGAGGGCCTGAGCGAGGACGGCTTCACCTACTACTACAACACCGAGACCGGCGAGAGCAGATGGGAGAAGCCCGACGACTTCATCCCCCACACCAGCGACCTGCCCAGCAGCAAGGTGAACGAGAACAGCCTGGGCACCCTGGACGAG,alpha_herpesvirus,fiducial_control
fiducial_050,Short_nuclear_domain;BTK_HUMAN;SH3_1;203;46,PEPAAAPVSTSELKKVVALYDYMPMNANDLQLRKGDEYFILEESNLPWWRARDKNGQEGYIPSNYVTEAEDSIEMYEWYS,CCCGAGCCCGCCGCCGCCCCCGTGAGCACCAGCGAGCTGAAGAAGGTGGTGGCTCTGTACGACTACATGCCCATGAACGCCAACGACCTGCAGCTGAGAAAGGGCGACGAGTACTTCATCCTGGAGGAGAGCAACCTGCCCTGGTGGAGAGCCAGAGACAAGAACGGCCAGGAGGGCTACATCCCCAGCAACTACGTGACCGAGGCCGAGGACAGCATCGAGATGTACGAGTGGTACAGC,alpha_herpesvirus,fiducial_control
fiducial_051,Short_nuclear_domain;SMRC2_HUMAN;Myb_DNA-binding;580;45,MYTKKNVPSKSKAAASATREWTEQETLLLLEALEMYKDDWNKVSEHVGSRTQDECILHFLRLPIEDPYLEDSEASLGPLA,ATGTACACCAAGAAGAACGTGCCCAGCAAGAGCAAGGCCGCCGCCAGCGCCACCAGAGAGTGGACCGAGCAGGAGACCCTGCTGCTGCTGGAGGCCCTGGAGATGTACAAGGACGACTGGAACAAGGTGAGCGAGCACGTGGGCAGCAGAACCCAGGACGAGTGCATCCTGCACTTCCTGAGACTGCCCATCGAGGACCCCTACCTGGAGGACAGCGAGGCCAGCCTGGGCCCCCTGGCC,alpha_herpesvirus,fiducial_control
fiducial_052,Short_nuclear_domain;MTA3_HUMAN;GATA;357;37,GAVNGAVGTTFQPQNPLLGRACESCYATQSHQWYSWGPPNMQCRLCAICWLYWKKYGGLKMPTQSEEEKLSPSPTTEDPR,GGCGCCGTGAACGGCGCCGTGGGCACCACCTTCCAGCCCCAGAACCCCCTGCTGGGCAGAGCCTGCGAGAGCTGCTACGCCACCCAGAGCCACCAGTGGTACAGCTGGGGCCCCCCCAACATGCAGTGCAGACTGTGCGCCATCTGCTGGCTGTACTGGAAGAAGTACGGCGGCCTGAAGATGCCCACCCAGAGCGAGGAGGAGAAGCTGAGCCCCAGCCCCACCACCGAGGACCCCAGA,alpha_herpesvirus,fiducial_control
fiducial_053,DMD_control_tiles;ENSG00000198947;;176;,NHRFAAISHRIKTGKASIPLKELEQFNSDIQKLLEPLEAEIQQGVNLKEEDFNKDMNEDNEGTVKELLQRGDNLQQRITD,AACCACAGATTCGCCGCCATCAGCCACAGAATCAAGACCGGCAAGGCCAGCATCCCCCTGAAGGAGCTGGAGCAGTTCAACAGCGACATCCAGAAGCTGCTGGAGCCCCTGGAGGCCGAGATCCAGCAGGGCGTGAACCTGAAGGAGGAGGACTTCAACAAGGACATGAACGAGGACAACGAGGGCACCGTGAAGGAGCTGCTGCAGAGAGGCGACAACCTGCAGCAGAGAATCACCGAC,alpha_herpesvirus,fiducial_control
fiducial_054,DMD_control_tiles;ENSG00000198947;;297;,LQDHLEKVKALRGEIAPLKENVSHVNDLARQLTTLGIQLSPYNLSTLEDLNTRWKLLQVAVEDRVRQLHEAHRDFGPASQ,CTGCAGGACCACCTGGAGAAGGTGAAGGCCCTGAGAGGCGAGATCGCCCCCCTGAAGGAGAACGTGAGCCACGTGAACGACCTGGCCAGACAGCTGACCACCCTGGGCATCCAGCTGAGCCCCTACAACCTGAGCACCCTGGAGGACCTGAACACCAGATGGAAGCTGCTGCAGGTGGCCGTGGAGGACAGAGTGAGGCAGCTGCACGAGGCCCACAGGGACTTCGGCCCCGCCAGCCAG,alpha_herpesvirus,fiducial_control
fiducial_055,DMD_control_tiles;ENSG00000198947;;259;,EAEQVLGQARAKLESWKEGPYTVDAIQKKITETKQLAKDLRQWQTNVDVANDLALKLLRDYSADDTRKVHMITENINASW,GAGGCCGAGCAGGTGCTGGGCCAGGCCAGAGCCAAGCTGGAGAGCTGGAAGGAGGGCCCCTACACCGTGGACGCCATCCAGAAGAAGATCACCGAGACCAAGCAGCTGGCCAAGGACCTGAGACAGTGGCAGACCAACGTGGACGTGGCCAACGACCTGGCCCTGAAGCTGCTGAGAGACTACAGCGCCGACGACACCAGAAAGGTGCACATGATCACCGAGAACATCAACGCCAGCTGG,alpha_herpesvirus,fiducial_control
fiducial_056,DMD_control_tiles;ENSG00000198947;;171;,QQKEDVLKRLKAELNDIRPKVDSTRDQAANLMANRGDHCRKLVEPQISELNHRFAAISHRIKTGKASIPLKELEQFNSDI,CAGCAGAAGGAGGACGTGCTGAAGAGACTGAAGGCCGAGCTGAACGACATCAGACCCAAGGTGGACAGCACCAGAGACCAGGCCGCCAACCTGATGGCCAACAGAGGCGACCACTGCAGGAAGCTGGTGGAGCCCCAGATCAGCGAGCTGAACCACAGATTCGCCGCCATCAGCCACAGAATCAAGACCGGCAAGGCCAGCATCCCCCTGAAGGAGCTGGAGCAGTTCAACAGCGACATC,alpha_herpesvirus,fiducial_control
fiducial_057,DMD_control_tiles;ENSG00000198947;;130;,EISEVLDSLENLMRHSEDNPNQIRILAQTLTDGGVMDELINEELETFNSRWRELHEEAVRRQKLLEQSIQSAQETEKSLH,GAGATCAGCGAGGTGCTGGACAGCCTGGAGAACCTGATGAGACACAGCGAGGACAACCCCAACCAGATCAGAATCCTGGCCCAGACCCTGACCGACGGCGGCGTGATGGACGAGCTGATCAACGAGGAGCTGGAGACCTTCAACAGCAGATGGAGGGAGCTGCACGAGGAGGCCGTGAGGAGGCAGAAGCTGCTGGAGCAGAGCATCCAGAGCGCCCAGGAGACCGAGAAGAGCCTGCAC,alpha_herpesvirus,fiducial_control
fiducial_058,DMD_control_tiles;ENSG00000198947;;182;,EGTVKELLQRGDNLQQRITDERKREEIKIKQQLLQTKHNALKDLRSQRRKKALEISHQWYQYKRQADDLLKCLDDIEKKL,GAGGGCACCGTGAAGGAGCTGCTGCAGAGAGGCGACAACCTGCAGCAGAGAATCACCGACGAGAGAAAGAGAGAGGAGATCAAGATCAAGCAGCAGCTGCTGCAGACCAAGCACAACGCCCTGAAGGACCTGAGGAGCCAGAGAAGAAAGAAGGCCCTGGAGATCAGCCACCAGTGGTACCAGTACAAGAGGCAGGCCGACGACCTGCTGAAGTGCCTGGACGACATCGAGAAGAAGCTG,alpha_herpesvirus,fiducial_control
fiducial_059,DMD_control_tiles;ENSG00000198947;;251;,IKQKATMQDLEQRRPQLEELITAAQNLKNKTSNQEARTIITDRIERIQNQWDEVQEHLQNRRQQLNEMLKDSTQWLEAKE,ATCAAGCAGAAGGCCACCATGCAGGACCTGGAGCAGAGGAGACCCCAGCTGGAGGAGCTGATCACCGCCGCCCAGAACCTGAAGAACAAGACCAGCAACCAGGAGGCCAGAACCATCATCACCGACAGAATCGAGAGAATCCAGAACCAGTGGGACGAGGTGCAGGAGCACCTGCAGAACAGAAGGCAGCAGCTGAACGAGATGCTGAAGGACAGCACCCAGTGGCTGGAGGCCAAGGAG,alpha_herpesvirus,fiducial_control
fiducial_060,DMD_control_tiles;ENSG00000198947;;255;,TDRIERIQNQWDEVQEHLQNRRQQLNEMLKDSTQWLEAKEEAEQVLGQARAKLESWKEGPYTVDAIQKKITETKQLAKDL,ACCGACAGAATCGAGAGAATCCAGAACCAGTGGGACGAGGTGCAGGAGCACCTGCAGAACAGAAGGCAGCAGCTGAACGAGATGCTGAAGGACAGCACCCAGTGGCTGGAGGCCAAGGAGGAGGCCGAGCAGGTGCTGGGCCAGGCCAGAGCCAAGCTGGAGAGCTGGAAGGAGGGCCCCTACACCGTGGACGCCATCCAGAAGAAGATCACCGAGACCAAGCAGCTGGCCAAGGACCTG,alpha_herpesvirus,fiducial_control
fiducial_061,DMD_control_tiles;ENSG00000198947;;357;,RLEARMQILEDHNKQLESQLHRLRQLLEQPQAEAKVNGTTVSSPSTSLQRSDSSQPMLLRVVGSQTSDSMGEEDLLSPPQ,AGACTGGAGGCCAGGATGCAGATCCTGGAGGACCACAACAAGCAGCTGGAGAGCCAGCTGCACAGGCTGAGGCAGCTGCTGGAGCAGCCCCAGGCCGAGGCCAAGGTGAACGGCACCACCGTGAGCAGCCCCAGCACCAGCCTGCAGAGGAGCGACAGCAGCCAGCCCATGCTGCTGAGAGTGGTGGGCAGCCAGACCAGCGACAGCATGGGCGAGGAGGACCTGCTGAGCCCCCCCCAG,alpha_herpesvirus,fiducial_control
fiducial_062,DMD_control_tiles;ENSG00000198947;;131;,NLMRHSEDNPNQIRILAQTLTDGGVMDELINEELETFNSRWRELHEEAVRRQKLLEQSIQSAQETEKSLHLIQESLTFID,AACCTGATGAGACACAGCGAGGACAACCCCAACCAGATCAGAATCCTGGCCCAGACCCTGACCGACGGCGGCGTGATGGACGAGCTGATCAACGAGGAGCTGGAGACCTTCAACAGCAGATGGAGGGAGCTGCACGAGGAGGCCGTGAGGAGGCAGAAGCTGCTGGAGCAGAGCATCCAGAGCGCCCAGGAGACCGAGAAGAGCCTGCACCTGATCCAGGAGAGCCTGACCTTCATCGAC,alpha_herpesvirus,fiducial_control
fiducial_063,Random_control;;;124;,TSAKQSQTAPLHRFHGDACVSTGILSHAMMTVDRPRDKHIAEARAKEARATRLPVPILKVHGVRDPPRKPLERSALPGGT,ACCAGTGCTAAGCAGTCTCAAACTGCCCCCCTGCATAGGTTCCATGGGGACGCCTGCGTCAGCACCGGAATCCTGTCCCACGCAATGATGACAGTGGATCGTCCTAGAGATAAACACATTGCAGAGGCGAGAGCGAAGGAGGCTCGCGCCACGCGGCTTCCCGTTCCCATACTTAAAGTTCACGGCGTGCGTGACCCGCCTCGGAAGCCGCTAGAGCGCAGCGCGCTTCCCGGAGGCACT,alpha_herpesvirus,fiducial_control
fiducial_064,Random_control;;;257;,QRLDDSNAMAIIDREFSFPLTLLREMTPGGLGLACRARDDVYTRPLSICAPFRLIPRSQFTPERLSTRGSHAKLCTRSRS,CAAAGACTGGACGATTCCAACGCAATGGCTATAATTGACCGCGAGTTTTCTTTTCCTCTGACGCTGCTCAGGGAGATGACACCCGGTGGACTTGGTTTGGCGTGCCGAGCCCGGGACGATGTTTATACTAGGCCATTGTCAATCTGCGCGCCCTTCCGTCTAATCCCGCGATCACAGTTCACCCCTGAAAGACTAAGTACCCGAGGATCACACGCCAAGCTTTGTACACGAAGCCGTTCA,alpha_herpesvirus,fiducial_control
fiducial_065,Random_control;;;297;,NTGCLIKPAEQGSEKLTGPPLGCCLAVAMRGRSDKPLRQAGITVEATREVIKGRKIGRPSFCSPGTLSPTSTENHTGGCV,AACACCGGGTGCCTGATTAAGCCTGCAGAACAGGGCTCCGAAAAACTCACAGGTCCACCTTTGGGATGCTGTCTGGCCGTTGCTATGCGGGGCCGCTCTGACAAGCCCCTTCGTCAAGCCGGCATCACTGTCGAGGCTACTCGTGAGGTGATCAAAGGACGAAAGATAGGGAGACCATCGTTCTGTAGCCCGGGTACTTTATCGCCCACGTCGACAGAGAACCATACAGGAGGTTGTGTG,alpha_herpesvirus,fiducial_control
fiducial_066,Random_control;;;89;,PRGSCHCELYSDSLQGRSLNDDPLYYDRLKIRAFSGASGSRIDPKINVDDIRSTTARLRMLCLEPCYKAVVRTDHRANGH,CCTCGCGGGAGTTGCCACTGTGAACTGTACTCAGACTCTTTACAGGGCAGATCCCTGAACGATGACCCACTGTATTATGATAGGCTCAAAATAAGGGCATTCTCGGGAGCCAGCGGTAGCAGAATTGATCCGAAGATCAATGTGGACGACATCCGGTCGACTACTGCGCGACTTCGAATGCTTTGCTTGGAGCCCTGTTATAAAGCTGTCGTGCGAACAGATCACAGGGCTAACGGACAT,alpha_herpesvirus,fiducial_control
fiducial_067,Random_control;;;372;,NYPEPLGVRSEKRKETLTLQSWMRKSESAAPRWARYPLDSPPYDVIKRAVGISSRLRTHHTTITGHSPETCTPKERRLHP,AACTATCCGGAGCCACTGGGAGTGCGTTCAGAGAAAAGGAAAGAGACTCTCACCCTGCAGTCCTGGATGAGAAAGAGCGAATCTGCAGCGCCAAGATGGGCTCGGTACCCCTTGGACAGCCCTCCTTACGACGTTATAAAGCGAGCAGTCGGTATTTCTTCCCGCTTGAGGACACATCACACCACGATCACAGGCCACAGTCCCGAAACTTGCACCCCTAAGGAACGAAGACTTCACCCC,alpha_herpesvirus,fiducial_control
fiducial_068,Random_control;;;385;,YTFTPESRNEDDLLQDSQQCWTRHVKNAIPRKHSRYRGTHTDRWSTEDFPRESYRHTPTSRLTLINPAKKAFGRRELAES,TACACATTTACGCCCGAATCTCGAAACGAGGATGATCTGCTGCAGGACTCCCAGCAATGCTGGACAAGGCACGTGAAGAATGCGATACCACGCAAACATAGTAGATATCGCGGGACCCATACCGACCGCTGGAGTACCGAGGACTTCCCCCGCGAAAGCTATCGGCACACTCCTACCTCGAGACTCACTTTGATTAATCCGGCTAAAAAGGCGTTCGGTAGACGCGAGCTGGCAGAGTCT,alpha_herpesvirus,fiducial_control
fiducial_069,Random_control;;;205;,SVIADASLIQQTTKRVQSVPTRVLTTAARRRFWGSQNSGDCSPILTGQPTYQFPSDVRWPGAVALWEQRLNGLRPLRPRP,AGTGTTATCGCGGACGCCTCCCTGATTCAGCAGACAACAAAGAGAGTGCAGAGCGTCCCTACGCGGGTGCTCACTACCGCAGCCCGACGACGTTTTTGGGGCTCGCAGAACTCGGGGGATTGCTCTCCTATACTTACCGGTCAACCTACCTATCAATTTCCTTCAGACGTACGCTGGCCAGGAGCAGTGGCTCTTTGGGAGCAGAGGCTGAATGGCCTTCGGCCCCTGCGACCTAGGCCC,alpha_herpesvirus,fiducial_control
fiducial_070,Random_control;;;410;,SRSSPSSSSLCFRQAHTTAQNIAREDATRNSPISPSQDTTDGIIDTPVTGVAIFWPAPARNAQCTRARNPFPFESTVLVT,AGTCGTAGCTCTCCAAGCTCCTCGTCACTGTGTTTCAGACAGGCCCACACTACTGCCCAGAACATCGCCAGGGAAGACGCTACGCGCAATTCTCCCATTTCCCCAAGTCAAGACACCACCGACGGTATTATTGATACACCCGTTACCGGGGTGGCGATCTTTTGGCCTGCACCGGCTCGAAATGCACAATGCACACGGGCAAGAAACCCTTTTCCTTTCGAGTCAACAGTCCTGGTGACC,alpha_herpesvirus,fiducial_control
fiducial_071,Random_control;;;411;,LCHKSEELNPHFQSLSPRVAEKASQWCSRGSENLCLRDNKLPQSSASAASDMFPSHGAGEKVCSLVGLSQNSRSSPSSSS,CTGTGTCACAAATCTGAGGAGCTGAATCCACACTTCCAGTCCCTGTCCCCCAGAGTCGCTGAGAAGGCTAGCCAGTGGTGTAGCAGGGGCAGCGAAAACTTGTGCCTTCGCGACAACAAGTTACCGCAGTCATCGGCCAGTGCAGCGTCAGATATGTTTCCGTCGCATGGCGCCGGTGAAAAAGTGTGCAGTTTGGTGGGGCTCAGTCAAAATAGTCGTAGCTCTCCAAGCTCCTCGTCA,alpha_herpesvirus,fiducial_control
fiducial_072,Random_control;;;21;,DAARSLNDFLRPSATIPQVFMSPPRGLRSLIDPGSQVVTLRTTQSSTHFHPSWVRSGERKVQHDFHLPNSSGLCGICATS,GACGCCGCACGCAGTCTCAACGACTTCCTGAGACCATCCGCTACCATCCCTCAGGTGTTCATGAGCCCACCTCGGGGATTACGTTCCCTTATTGATCCCGGTAGCCAGGTCGTGACTTTACGTACTACACAATCGTCAACTCACTTTCATCCCTCATGGGTTCGATCTGGAGAGAGGAAGGTTCAGCACGATTTTCATCTGCCGAATTCTTCAGGACTTTGTGGCATTTGTGCCACCAGC,alpha_herpesvirus,fiducial_control
fiducial_073,Silencer_tiles;ENSG00000069812;10,VARLARVLPACRVLEPAVSARLLEHLWRRAASATLDGGRAGDSSGPSAPAPAPASAPEPASAPVPSPPSPPCGPGLWRPW,GTTGCTCGTTTGGCTCGTGTTTTGCCTGCTTGTCGTGTTTTGGAGCCTGCTGTTTCTGCTCGTTTGTTGGAGCATTTGTGGCGTCGTGCTGCTTCTGCTACTTTGGATGGTGGTCGTGCTGGTGATTCTTCTGGTCCTTCTGCTCCTGCTCCTGCTCCTGCTTCTGCTCCTGAGCCTGCTTCTGCTCCTGTTCCTTCTCCTCCTTCTCCTCCTTGTGGTCCTGGTTTGTGGCGTCCTTGG,alpha_herpesvirus,fiducial_control
fiducial_074,Silencer_tiles;ENSG00000163602;11,TKPKSDILKDPPSEANSIQSANATTKTSETNHTSRPRLKNVDRSTAQQLAVTVGNVTVIITDFKEKTRSSSTSSSTVTSS,ACTAAGCCTAAGTCTGATATTTTGAAGGATCCTCCTTCTGAGGCTAATTCTATTCAGTCTGCTAATGCTACTACTAAGACTTCTGAGACTAATCATACTTCTCGTCCTCGTTTGAAGAATGTTGATCGTTCTACTGCTCAGCAGTTGGCTGTTACTGTTGGTAATGTTACTGTTATTATTACTGATTTTAAGGAGAAGACTCGTTCTTCTTCTACTTCTTCTTCTACTGTTACTTCTTCT,alpha_herpesvirus,fiducial_control
fiducial_075,Silencer_tiles;ENSG00000130706;26,PIQLSDLQSILATMNVPAGPAGGQQVDLASVLTPEIMAPILANADVQERLLPYLPSGESLPQTADEIQNTLTSPQFQQAL,CCTATTCAGTTGTCTGATTTGCAGTCTATTTTGGCTACTATGAATGTTCCTGCTGGTCCTGCTGGTGGTCAGCAGGTTGATTTGGCTTCTGTTTTGACTCCTGAGATTATGGCTCCTATTTTGGCTAATGCTGATGTTCAGGAGCGTTTGTTGCCTTATTTGCCTTCTGGTGAGTCTTTGCCTCAGACTGCTGATGAGATTCAGAATACTTTGACTTCTCCTCAGTTTCAGCAGGCTTTG,alpha_herpesvirus,fiducial_control
fiducial_076,Silencer_tiles;ENSG00000102974;12,PVTVPVATTSVEELQGAYENEVSKEGLAESEPMICHTLPLPEGFQVVKVGANGEVETLEQGELPPQEDPSWQKDPDYQPP,CCTGTTACTGTTCCTGTTGCTACTACTTCTGTTGAGGAGTTGCAGGGTGCTTATGAGAATGAGGTTTCTAAGGAGGGTTTGGCTGAGTCTGAGCCTATGATTTGTCATACTTTGCCTTTGCCTGAGGGTTTTCAGGTTGTTAAGGTTGGTGCTAATGGTGAGGTTGAGACTTTGGAGCAGGGTGAGTTGCCTCCTCAGGAGGATCCTTCTTGGCAGAAGGATCCTGATTATCAGCCTCCT,alpha_herpesvirus,fiducial_control
fiducial_077,Silencer_tiles;ENSG00000179833;22,LMDSLPGNFEITTSTGFLTDLTLDDILFADIDTSMYDFDPCTSSSGTASKMAPVSADDLLKTLAPYSSQPVTPSQPFKMD,TTGATGGATTCTTTGCCTGGTAATTTTGAGATTACTACTTCTACTGGTTTTTTGACTGATTTGACTTTGGATGATATTTTGTTTGCTGATATTGATACTTCTATGTATGATTTTGATCCTTGTACTTCTTCTTCTGGTACTGCTTCTAAGATGGCTCCTGTTTCTGCTGATGATTTGTTGAAGACTTTGGCTCCTTATTCTTCTCAGCCTGTTACTCCTTCTCAGCCTTTTAAGATGGAT,alpha_herpesvirus,fiducial_control
fiducial_078,Silencer_tiles;ENSG00000174197;238,SCTHISADEKAAERSRKAPPIPLKLKPDYWSDKLQKEAEAFAYYRRTHTANERRRRGEMRDLFEKLKITLGLLHSSKVSK,TCTTGTACTCATATTTCTGCTGATGAGAAGGCTGCTGAGCGTTCTCGTAAGGCTCCTCCTATTCCTTTGAAGTTGAAGCCTGATTATTGGTCTGATAAGTTGCAGAAGGAGGCTGAGGCTTTTGCTTATTATCGTCGTACTCATACTGCTAATGAGCGTCGTCGTCGTGGTGAGATGCGTGATTTGTTTGAGAAGTTGAAGATTACTTTGGGTTTGTTGCATTCTTCTAAGGTTTCTAAG,alpha_herpesvirus,fiducial_control
fiducial_079,Silencer_tiles;ENSG00000084093;101,IHSHEGSDLSDNMSEGSDDSGLHGARPVPQESSRKNAKEALAVKAAKGDFVCIFCDRSFRKGKDYSKHLNRHLVNVYYLE,ATTCATTCTCATGAGGGTTCTGATTTGTCTGATAATATGTCTGAGGGTTCTGATGATTCTGGTTTGCATGGTGCTCGTCCTGTTCCTCAGGAGTCTTCTCGTAAGAATGCTAAGGAGGCTTTGGCTGTTAAGGCTGCTAAGGGTGATTTTGTTTGTATTTTTTGTGATCGTTCTTTTCGTAAGGGTAAGGATTATTCTAAGCATTTGAATCGTCATTTGGTTAATGTTTATTATTTGGAG,alpha_herpesvirus,fiducial_control
fiducial_080,Silencer_tiles;ENSG00000061273;33,PFHFAQSLMTTERLSGSGLHWPLSRTRSEPLPPSATAPPPPGPMQPRLEQLKTHVQVIKRSAKPSEKPRLRQIPSAEDLE,CCTTTTCATTTTGCTCAGTCTTTGATGACTACTGAGCGTTTGTCTGGTTCTGGTTTGCATTGGCCTTTGTCTCGTACTCGTTCTGAGCCTTTGCCTCCTTCTGCTACTGCTCCTCCTCCTCCTGGTCCTATGCAGCCTCGTTTGGAGCAGTTGAAGACTCATGTTCAGGTTATTAAGCGTTCTGCTAAGCCTTCTGAGAAGCCTCGTTTGCGTCAGATTCCTTCTGCTGAGGATTTGGAG,alpha_herpesvirus,fiducial_control
fiducial_081,Silencer_tiles;ENSG00000168769;132,FARSKIPRKFKLLGDDPKEEEKLESHLQNLSTLMAPTYKKLAPDAYNNQIEYEHRAPECRLGLKEGRPFSGVTACLDFCA,TTTGCTCGTTCTAAGATTCCTCGTAAGTTTAAGTTGTTGGGTGATGATCCTAAGGAGGAGGAGAAGTTGGAGTCTCATTTGCAGAATTTGTCTACTTTGATGGCTCCTACTTATAAGAAGTTGGCTCCTGATGCTTATAATAATCAGATTGAGTATGAGCATCGTGCTCCTGAGTGTCGTTTGGGTTTGAAGGAGGGTCGTCCTTTTTCTGGTGTTACTGCTTGTTTGGATTTTTGTGCT,alpha_herpesvirus,fiducial_control
fiducial_082,Silencer_tiles;ENSG00000025156;13,SSAQKVQIKQETIESRLSELKSENESLWKEVSELRAKHAQQQQVIRKIVQFIVTLVQNNQLVSLKRKRPLLLNTNGAQKK,TCTTCTGCTCAGAAGGTTCAGATTAAGCAGGAGACTATTGAGTCTCGTTTGTCTGAGTTGAAGTCTGAGAATGAGTCTTTGTGGAAGGAGGTTTCTGAGTTGCGTGCTAAGCATGCTCAGCAGCAGCAGGTTATTCGTAAGATTGTTCAGTTTATTGTTACTTTGGTTCAGAATAATCAGTTGGTTTCTTTGAAGCGTAAGCGTCCTTTGTTGTTGAATACTAATGGTGCTCAGAAGAAG,alpha_herpesvirus,fiducial_control
fiducial_083,Silencer_tiles;ENSG00000076108;118,GQDSEQPQAQLQPEAQLHAPAQPQPQLQLQLQSHKGFLEQEGSPLSLGQSQHDLSQSAFLSWLSQTQSHSSLLSSSVLTP,GGTCAGGATTCTGAGCAGCCTCAGGCTCAGTTGCAGCCTGAGGCTCAGTTGCATGCTCCTGCTCAGCCTCAGCCTCAGTTGCAGTTGCAGTTGCAGTCTCATAAGGGTTTTTTGGAGCAGGAGGGTTCTCCTTTGTCTTTGGGTCAGTCTCAGCATGATTTGTCTCAGTCTGCTTTTTTGTCTTGGTTGTCTCAGACTCAGTCTCATTCTTCTTTGTTGTCTTCTTCTGTTTTGACTCCT,alpha_herpesvirus,fiducial_control
fiducial_084,Silencer_tiles;ENSG00000085224;242,RLQQQYNQQQQQQMTYQQATLGHLMMPKPPNLIMNPSNYQQIDMRGMYQPVAGGMQPPPLQRAPPPMRSKNPGPSQGKSM,CGTTTGCAGCAGCAGTATAATCAGCAGCAGCAGCAGCAGATGACTTATCAGCAGGCTACTTTGGGTCATTTGATGATGCCTAAGCCTCCTAATTTGATTATGAATCCTTCTAATTATCAGCAGATTGATATGCGTGGTATGTATCAGCCTGTTGCTGGTGGTATGCAGCCTCCTCCTTTGCAGCGTGCTCCTCCTCCTATGCGTTCTAAGAATCCTGGTCCTTCTCAGGGTAAGTCTATG,alpha_herpesvirus,fiducial_control
fiducial_085,Silencer_tiles;ENSG00000141644;47,GPVAASTEALLQEAQCSGLSWVVALPQVKQEKADTQDEWTPGTAVLTSPVLVPGCPSKAVDPGLPSVKQEPPDPEEDKEE,GGTCCTGTTGCTGCTTCTACTGAGGCTTTGTTGCAGGAGGCTCAGTGTTCTGGTTTGTCTTGGGTTGTTGCTTTGCCTCAGGTTAAGCAGGAGAAGGCTGATACTCAGGATGAGTGGACTCCTGGTACTGCTGTTTTGACTTCTCCTGTTTTGGTTCCTGGTTGTCCTTCTAAGGCTGTTGATCCTGGTTTGCCTTCTGTTAAGCAGGAGCCTCCTGATCCTGAGGAGGATAAGGAGGAG,alpha_herpesvirus,fiducial_control
fiducial_086,Silencer_tiles;ENSG00000155090;12,SLSDTAKPHIAAPFKEEEKSPVSAPKLPKAQATSVIRHTADAQLCNHQTCPMKAASILNYQNNSFRRRTHLNVEAARKNI,TCTTTGTCTGATACTGCTAAGCCTCATATTGCTGCTCCTTTTAAGGAGGAGGAGAAGTCTCCTGTTTCTGCTCCTAAGTTGCCTAAGGCTCAGGCTACTTCTGTTATTCGTCATACTGCTGATGCTCAGTTGTGTAATCATCAGACTTGTCCTATGAAGGCTGCTTCTATTTTGAATTATCAGAATAATTCTTTTCGTCGTCGTACTCATTTGAATGTTGAGGCTGCTCGTAAGAATATT,alpha_herpesvirus,fiducial_control
fiducial_087,Silencer_tiles;ENSG00000170604;0,MASVQASRRQWCYLCDLPKMPWAMVWDFSEAVCRGCVNFEGADRIELLIDAARQLKRSHVLPEGRSPGPPALKHPATKDL,ATGGCTTCTGTTCAGGCTTCTCGTCGTCAGTGGTGTTATTTGTGTGATTTGCCTAAGATGCCTTGGGCTATGGTTTGGGATTTTTCTGAGGCTGTTTGTCGTGGTTGTGTTAATTTTGAGGGTGCTGATCGTATTGAGTTGTTGATTGATGCTGCTCGTCAGTTGAAGCGTTCTCATGTTTTGCCTGAGGGTCGTTCTCCTGGTCCTCCTGCTTTGAAGCATCCTGCTACTAAGGATTTG,alpha_herpesvirus,fiducial_control
fiducial_088,Silencer_tiles;ENSG00000111642;38,EIILCDTCPRAYHMVCLDPDMEKAPEGKWSCPHCEKEGIQWEAKEDNSEGEEILEEVGGDLEEEDDHHMEFCRVCKDGGE,GAGATTATTTTGTGTGATACTTGTCCTCGTGCTTATCATATGGTTTGTTTGGATCCTGATATGGAGAAGGCTCCTGAGGGTAAGTGGTCTTGTCCTCATTGTGAGAAGGAGGGTATTCAGTGGGAGGCTAAGGAGGATAATTCTGAGGGTGAGGAGATTTTGGAGGAGGTTGGTGGTGATTTGGAGGAGGAGGATGATCATCATATGGAGTTTTGTCGTGTTTGTAAGGATGGTGGTGAG,alpha_herpesvirus,fiducial_control
fiducial_089,Silencer_tiles;ENSG00000188779;4,EALTTQLGPGREGSSSPNSKQELQPYSGSSALKPNQVGETSLYGVPIVSLVIDGQERLCLAQISNTLLKNYSYNEIHNRR,GAGGCTTTGACTACTCAGTTGGGTCCTGGTCGTGAGGGTTCTTCTTCTCCTAATTCTAAGCAGGAGTTGCAGCCTTATTCTGGTTCTTCTGCTTTGAAGCCTAATCAGGTTGGTGAGACTTCTTTGTATGGTGTTCCTATTGTTTCTTTGGTTATTGATGGTCAGGAGCGTTTGTGTTTGGCTCAGATTTCTAATACTTTGTTGAAGAATTATTCTTATAATGAGATTCATAATCGTCGT,alpha_herpesvirus,fiducial_control
fiducial_090,Silencer_tiles;ENSG00000127124;78,GSGSESGKERRTTSKEISVIQHTSSFEKSDSLEQPSGLEGEDKPLAQFPSPPPAPHGRSAHSLQPKLVRQPNIQVPEILV,GGTTCTGGTTCTGAGTCTGGTAAGGAGCGTCGTACTACTTCTAAGGAGATTTCTGTTATTCAGCATACTTCTTCTTTTGAGAAGTCTGATTCTTTGGAGCAGCCTTCTGGTTTGGAGGGTGAGGATAAGCCTTTGGCTCAGTTTCCTTCTCCTCCTCCTGCTCCTCATGGTCGTTCTGCTCATTCTTTGCAGCCTAAGTTGGTTCGTCAGCCTAATATTCAGGTTCCTGAGATTTTGGTT,alpha_herpesvirus,fiducial_control
fiducial_091,Silencer_tiles;ENSG00000102098;62,KQGFSKDPSTWSVDEVIQFMKHTDPQISGPLADLFRQHEIDGKALFLLKSDVMMKYMGLKLGPALKLCYYIEKLKEGKYS,AAGCAGGGTTTTTCTAAGGATCCTTCTACTTGGTCTGTTGATGAGGTTATTCAGTTTATGAAGCATACTGATCCTCAGATTTCTGGTCCTTTGGCTGATTTGTTTCGTCAGCATGAGATTGATGGTAAGGCTTTGTTTTTGTTGAAGTCTGATGTTATGATGAAGTATATGGGTTTGAAGTTGGGTCCTGCTTTGAAGTTGTGTTATTATATTGAGAAGTTGAAGGAGGGTAAGTATTCT,alpha_herpesvirus,fiducial_control
fiducial_092,Silencer_tiles;ENSG00000205571;13,GNREEQNLSDLLSPICEVANNIEQNAQENENESQVSTDESENSRSPGNKSDNIKPKSAPWNSFLPPPPPMPGPRLGPGKP,GGTAATCGTGAGGAGCAGAATTTGTCTGATTTGTTGTCTCCTATTTGTGAGGTTGCTAATAATATTGAGCAGAATGCTCAGGAGAATGAGAATGAGTCTCAGGTTTCTACTGATGAGTCTGAGAATTCTCGTTCTCCTGGTAATAAGTCTGATAATATTAAGCCTAAGTCTGCTCCTTGGAATTCTTTTTTGCCTCCTCCTCCTCCTATGCCTGGTCCTCGTTTGGGTCCTGGTAAGCCT,alpha_herpesvirus,fiducial_control
fiducial_093,Silencer_tiles;ENSG00000100307;18,LFLQEPPAPDVLQAAGEWEPAAQPPEEEADADLAEGPPPWTPALPSSEVTVTDITANSITVTFREAQAAEGFFRDRSGKF,TTGTTTTTGCAGGAGCCTCCTGCTCCTGATGTTTTGCAGGCTGCTGGTGAGTGGGAGCCTGCTGCTCAGCCTCCTGAGGAGGAGGCTGATGCTGATTTGGCTGAGGGTCCTCCTCCTTGGACTCCTGCTTTGCCTTCTTCTGAGGTTACTGTTACTGATATTACTGCTAATTCTATTACTGTTACTTTTCGTGAGGCTCAGGCTGCTGAGGGTTTTTTTCGTGATCGTTCTGGTAAGTTT,alpha_herpesvirus,fiducial_control
fiducial_094,Silencer_tiles;ENSG00000088305;10,PAVRTRNNNSVSSRERHRPSPRSTRGRQGRNHVDESPVEFPATRSLRRRATASAGTPWPSPPSSYLTIDLTDDTEDTHGT,CCTGCTGTTCGTACTCGTAATAATAATTCTGTTTCTTCTCGTGAGCGTCATCGTCCTTCTCCTCGTTCTACTCGTGGTCGTCAGGGTCGTAATCATGTTGATGAGTCTCCTGTTGAGTTTCCTGCTACTCGTTCTTTGCGTCGTCGTGCTACTGCTTCTGCTGGTACTCCTTGGCCTTCTCCTCCTTCTTCTTATTTGACTATTGATTTGACTGATGATACTGAGGATACTCATGGTACT,alpha_herpesvirus,fiducial_control
fiducial_095,Silencer_tiles;ENSG00000174197;34,ALSEVPQLKQEISECLIASSFEDDSRVASPLDQNGSFNVVIKEEPLDDYDYELGECPEGVTVKQEETDEETDVYSNSDDD,GCTTTGTCTGAGGTTCCTCAGTTGAAGCAGGAGATTTCTGAGTGTTTGATTGCTTCTTCTTTTGAGGATGATTCTCGTGTTGCTTCTCCTTTGGATCAGAATGGTTCTTTTAATGTTGTTATTAAGGAGGAGCCTTTGGATGATTATGATTATGAGTTGGGTGAGTGTCCTGAGGGTGTTACTGTTAAGCAGGAGGAGACTGATGAGGAGACTGATGTTTATTCTAATTCTGATGATGAT,alpha_herpesvirus,fiducial_control
fiducial_096,Human_KRAB_variant;M0QYP0;367,RAPTQVTVSPETHMDLTKGCVTFEDIAIYFSQDEWGLLDEAQRLLYLEVMLENFALVASLGCGHGTEDEETPSDQNVSVG,AGAGCCCCCACCCAGGTGACCGTGAGCCCCGAGACCCACATGGACCTGACCAAGGGCTGCGTGACCTTCGAGGACATCGCCATCTACTTCAGCCAGGACGAGTGGGGCCTGCTGGACGAGGCCCAGAGACTGCTGTACCTGGAGGTGATGCTGGAGAACTTCGCCCTGGTGGCCAGCCTGGGCTGCGGCCACGGCACCGAGGACGAAGAGACCCCTAGCGACCAGAACGTGAGCGTGGGC,alpha_herpesvirus,fiducial_control
fiducial_097,Human_KRAB_variant;P21506;146,DAKSLTAWSRTLVTFKDVFVDFTREEWKLLDTAQQIVYRNVMLENYKNLVSLGYQLTKPDVILRLEKGEEPWLVEREIHQ,GACGCCAAGAGCCTGACCGCCTGGAGCAGAACCCTGGTGACCTTCAAGGACGTGTTCGTGGACTTCACCAGAGAGGAGTGGAAGCTGCTGGACACCGCCCAGCAGATCGTGTACAGAAACGTGATGCTGGAGAACTACAAGAACCTGGTGAGCCTGGGCTACCAGCTGACCAAGCCCGACGTGATCCTGAGACTGGAGAAGGGCGAGGAGCCCTGGCTGGTGGAGAGAGAGATCCACCAG,alpha_herpesvirus,fiducial_control
fiducial_098,Human_KRAB_variant;Q3KP31;676,VAFEDVSVSFSQEEWALLAPSQKKLYRDVMQETFKNLASIGEKWEDPNVEDQHKNQGRNLRSHTGERLCEGKEGSQCAEN,GTGGCGTTTGAAGATGTGAGCGTGAGCTTTAGCCAGGAAGAATGGGCGCTGCTGGCGCCGAGCCAGAAAAAACTGTATCGCGATGTGATGCAGGAAACCTTTAAAAACCTGGCGAGCATTGGCGAAAAATGGGAAGATCCGAACGTGGAAGATCAGCATAAAAACCAGGGCCGCAACCTGCGCAGCCATACCGGCGAACGCCTGTGCGAAGGCAAAGAAGGCAGCCAGTGCGCGGAAAAC,alpha_herpesvirus,fiducial_control
fiducial_099,NIZP1_KRAB,QEENVRDTQQVTTLQLPPSRVSPFKDMILCFSEEDWSLLDPAQTGFYGEFIIGEDYGVSMPPNDLAAQPDLSQGEENEPR,CAGGAGGAGAACGTGAGAGACACCCAGCAGGTGACCACCCTGCAGCTGCCCCCCAGCAGAGTGAGCCCCTTCAAGGACATGATCCTGTGCTTCAGCGAGGAGGACTGGAGCCTGCTGGACCCCGCCCAGACCGGCTTCTACGGCGAGTTCATCATCGGCGAGGACTACGGCGTGAGCATGCCCCCCAACGACCTGGCCGCCCAGCCCGACCTTAGCCAGGGCGAGGAGAACGAGCCCAGA,alpha_herpesvirus,fiducial_control
fiducial_100,NIZP1_C2HR,SYVCPNCGKIFRWRVNFIRHLRSRREQEKPHECSVCGELFSDSEDLDGHLESHEAQKPYRCGACGKSFRLNSHLLSHRRI,AGCTATGTGTGCCCGAACTGCGGCAAAATTTTTCGCTGGCGCGTGAACTTTATTCGCCATCTGCGCAGCCGCCGCGAACAGGAAAAACCGCATGAATGCAGCGTGTGCGGCGAACTGTTTAGCGATAGCGAAGATCTGGATGGCCATCTGGAAAGCCATGAAGCGCAGAAACCGTATCGCTGCGGCGCGTGCGGCAAAAGCTTTCGCCTGAACAGCCATCTGCTGAGCCATCGCCGCATT,alpha_herpesvirus,fiducial_control
