Tile ID,Tile Start,Tile End,Virus Abbreviation,Protein,Tile Sequence,DNA Sequence,Activation,Repression,Control
P09246_109,1081,1160,VZV,DBP,AQHMAFDDWLSLTDDEFLARDLEELHDQIIQTLETPWTVEGALEAVKILDEKTTAGDGETPTNLAFNFDSCEPSHDTTSN,GCCCAACACATGGCATTCGACGACTGGCTTTCACTGACTGACGACGAGTTCCTGGCTAGGGACCTGGAAGAGTTGCACGATCAGATTATCCAGACCCTCGAGACCCCATGGACCGTGGAAGGGGCGCTGGAAGCCGTCAAAATACTCGATGAGAAGACAACAGCTGGAGATGGCGAAACCCCCACGAACTTGGCCTTTAACTTTGATTCCTGCGAGCCTAGCCATGATACAACTTCTAAT,5.987029151,0.660629931,HHV tile
P12977_074,731,810,EBV,EBNA3,PEQWMFPGAALSQSVRPGVAQSQYFDLPLTQPINHGAPAAHFLHQPPMEGPWVPEQWMFQGAPPSQGTDVVQHQLDALGY,CCAGAGCAGTGGATGTTCCCTGGGGCAGCATTGTCCCAGAGCGTCAGGCCCGGAGTAGCCCAATCACAATACTTTGACCTGCCACTGACACAACCTATCAACCACGGAGCCCCCGCTGCCCACTTTCTCCATCAGCCACCTATGGAGGGGCCGTGGGTTCCCGAACAGTGGATGTTCCAGGGCGCGCCCCCTTCTCAGGGTACCGACGTGGTGCAGCATCAGCTTGATGCTCTGGGCTAT,7.321095275,0.941379814,HHV tile
P10220_182,1811,1890,HSV1,LTP,RDYERLPAKYQGVLGAKSAERAGAVEELGGRVAQHADLSARLRDEVVPRVAWEMNFDTLGGLLAEFDAVAGDLAPWAVEE,CGGGACTACGAAAGACTCCCAGCTAAATATCAGGGGGTGCTTGGCGCCAAGTCTGCAGAGAGGGCTGGTGCGGTTGAGGAGCTGGGAGGGCGCGTTGCCCAACACGCAGATCTGAGCGCCAGGCTGAGAGATGAAGTGGTCCCTCGAGTGGCTTGGGAAATGAACTTTGACACCCTGGGCGGACTTCTCGCTGAGTTCGATGCAGTAGCCGGCGACTTGGCCCCCTGGGCCGTCGAGGAA,6.085847517,0.376423337,HHV tile
P08392_008,71,150,HSV1,ICP4,AGEDAGDAVSPRQLALLASMVEEAVRTIPTPDPAASPPRTPAFRADDDDGDEYDDAADAAGDRAPARGREREAPLRGAYP,GCCGGTGAGGATGCCGGCGATGCCGTTTCCCCAAGACAGCTGGCCCTTCTGGCTTCTATGGTGGAGGAGGCCGTCCGCACTATCCCAACACCTGATCCGGCAGCCAGCCCCCCTCGCACTCCAGCCTTCAGGGCTGACGATGACGACGGAGATGAATATGATGACGCAGCTGACGCGGCAGGCGACCGGGCTCCTGCAAGAGGACGAGAAAGGGAAGCACCCCTCCGGGGGGCTTACCCC,5.4646004,-0.61568519,HHV tile
P52339_106,1051,1130,HHV7,DBP,DGREPLAKSVMNKIQHLTDLNVHDFSLSTLLSVFEEQVEDSAAIYDFSELLVEGNEQGFGILKCEETEHENEEPSLKKAR,GACGGGAGAGAGCCCCTGGCAAAATCCGTAATGAATAAAATTCAGCATCTCACAGATCTGAATGTCCACGATTTCTCCCTGAGTACTTTGTTGTCTGTGTTTGAGGAACAAGTGGAGGACTCAGCTGCCATCTACGACTTCAGCGAGCTGCTTGTTGAAGGTAACGAGCAGGGCTTTGGAATACTCAAGTGCGAGGAGACCGAGCACGAAAACGAAGAACCTAGCCTTAAGAAGGCCAGG,5.916692589,1.157976511,HHV tile
P12978_040,391,470,EBV,EBNA2,LHQGQGAGDSPTPGPSNAAPVCRNSHTATPNVSPIHEPESHNSPEAPILFPDDWYPPSIDPADLDESWDYIFETTESPSS,CTTCATCAGGGTCAAGGAGCTGGCGATAGCCCAACCCCAGGGCCTTCCAATGCAGCTCCCGTCTGCAGGAATTCACACACCGCCACGCCTAACGTGTCACCCATACACGAACCTGAGAGTCATAACAGTCCGGAAGCCCCAATTCTCTTCCCAGACGATTGGTATCCCCCCTCTATCGACCCGGCGGATCTGGACGAATCTTGGGACTACATCTTTGAGACAACTGAGTCCCCTAGCAGC,8.87737418,0.106418945,HHV tile
P03186_123,1221,1300,EBV,LTP,TFYTIDNYIASFEESIDHLYRDLPVLDPEVQDGIDRILDPMVSEALHTFEMGNRLTLEPARLVALQNFATHSTLKETAAA,ACCTTTTACACAATCGATAACTATATCGCATCATTCGAAGAGAGCATAGACCATCTTTACAGGGATCTGCCTGTGTTGGACCCAGAGGTGCAAGACGGCATTGACCGGATTCTCGATCCGATGGTCTCCGAAGCACTGCACACATTCGAGATGGGGAACAGACTCACGCTGGAACCCGCTCGCCTTGTTGCGCTGCAGAATTTTGCCACCCACTCTACTTTGAAGGAGACTGCTGCCGCC,5.873405066,1.197564188,HHV tile
P03186_304,3031,3110,EBV,LTP,YPAPFQALSFSQSVASPAPSSDQTTLLWNTPSVVTQFLSIEDIIREVVTGGSTSGDLVVPSGSPSSLSTAAPEQDLRYSL,TATCCTGCCCCATTCCAGGCACTGTCCTTCAGTCAGTCTGTGGCTAGTCCTGCCCCGTCATCCGATCAAACAACTCTCCTGTGGAACACCCCCTCCGTGGTCACACAGTTTCTGTCAATCGAGGATATAATTAGAGAGGTAGTCACCGGCGGATCTACGAGCGGGGACCTGGTGGTTCCAAGCGGTTCTCCCAGCTCACTCAGCACTGCGGCTCCCGAACAGGACTTGAGGTACTCCCTT,6.361502273,-0.101934878,HHV tile
P06492_042,411,490,HSV1,VP16,STAPPTDVSLGDELHLDGEDVAMAHADALDDFDLDMLGDGDSPGPGFTPHDSAPYGALDMADFEFEQMFTDALGIDEYGG,TCCACTGCACCACCAACAGATGTCTCTCTCGGGGACGAACTGCACCTCGATGGAGAAGATGTGGCCATGGCCCATGCCGATGCTCTTGACGACTTCGACCTGGACATGCTGGGTGATGGTGACTCACCCGGCCCTGGCTTTACCCCCCACGATAGCGCACCTTACGGGGCGTTGGACATGGCCGACTTTGAGTTCGAGCAGATGTTCACGGACGCTCTGGGGATCGATGAGTATGGAGGC,9.339976975,0.39691365,HHV tile
Q69022_036,351,430,EBV,EBNA2,QLSPVVSLHQGQGPENSPTPGPSTAGPVCRVTPSATPDISPIHEPESSDSEEPPFLFPSDWYPPTLEPAELDESWEGIFE,CAATTGAGTCCAGTGGTCAGTCTTCACCAGGGGCAGGGACCAGAGAACTCCCCAACACCCGGTCCTAGCACAGCCGGCCCTGTGTGCAGGGTTACCCCGAGCGCAACCCCTGATATCTCTCCTATACATGAACCAGAATCTAGCGATTCCGAGGAGCCTCCCTTCCTCTTTCCCTCAGACTGGTATCCCCCCACTCTGGAACCGGCTGAGCTGGACGAGTCATGGGAAGGCATTTTCGAG,7.313721592,-0.137265522,HHV tile
P03220_006,51,130,EBV,ECP,SNILPQDNRPWHEARSSGRVAEDDYDFSSLALELLPLNPRLPEEWQFGGQGWSSRMEPSQPEMGMGLCFEVFDGDLMRIA,TCTAATATCTTGCCGCAGGACAACAGGCCCTGGCACGAGGCACGATCAAGCGGTCGCGTCGCCGAGGATGATTACGACTTTTCCAGCCTCGCCCTGGAACTTCTGCCACTCAACCCTCGGCTGCCAGAGGAATGGCAGTTCGGAGGGCAAGGGTGGTCTAGTAGAATGGAACCCTCCCAGCCTGAGATGGGAATGGGCCTGTGCTTTGAGGTGTTCGATGGCGACTTGATGAGGATTGCT,5.37480709,1.424348842,HHV tile
Q69138_070,691,770,EBV,EBNA3,INQGASAAHFLPQQPMEGPLVPERWMFQGATLSQSVRPGVAQSQYFDLPLTQPINHGAPAAHFLHQPPMEGPWVPEQWMF,ATTAATCAGGGGGCATCAGCCGCCCACTTCTTGCCTCAGCAGCCAATGGAGGGCCCCCTCGTCCCGGAAAGGTGGATGTTCCAAGGCGCTACCCTGTCCCAGTCTGTGAGACCAGGGGTTGCTCAGAGCCAGTACTTTGACCTTCCACTGACACAACCCATCAACCATGGAGCGCCAGCCGCACACTTCCTGCATCAACCCCCTATGGAGGGTCCTTGGGTGCCCGAACAGTGGATGTTT,6.692531606,1.369003513,HHV tile
P04296_109,1081,1160,HSV1,DBP,QQLQIEDWLALLEDEYLSEEMMELTARALERGNGEWSTDAALEVAHEAEALVSQLGNAGEVFNFGDFGCEDDNATPFGGP,CAGCAGCTTCAAATCGAGGACTGGCTCGCCCTGCTGGAAGATGAGTACCTCTCTGAGGAAATGATGGAGCTGACAGCAAGGGCGTTGGAAAGAGGCAACGGCGAGTGGTCCACCGACGCCGCCCTTGAAGTCGCTCACGAGGCTGAAGCCCTGGTTAGCCAGTTGGGTAACGCAGGAGAGGTGTTCAATTTTGGAGATTTCGGGTGCGAGGACGATAATGCTACTCCTTTTGGCGGGCCC,6.187997021,1.653370107,HHV tile
P11870_107,1061,1140,SuHV1,DBP,ARTQHLEPDDWRAIVDDEFLAAALAEINGRVADRDGRWSVEAAAELVRDLEGQTGADGGEETAFDFGACGAGGDVAGLAP,GCACGAACACAACACCTGGAGCCTGATGATTGGAGGGCAATTGTCGATGACGAGTTCCTTGCTGCTGCTCTCGCCGAGATCAACGGTCGCGTGGCCGACAGGGATGGTAGATGGAGCGTTGAGGCTGCCGCCGAACTGGTACGGGACCTGGAAGGTCAGACCGGAGCCGATGGGGGCGAGGAAACTGCCTTTGACTTCGGCGCGTGTGGCGCAGGAGGGGACGTGGCAGGATTGGCGCCC,7.647589959,0.920438188,HHV tile
Q2HR73_032,311,390,KSHV,VIRF4,CFPWGDLPVTGWWPQGASGLPEKVHPPTTGQFDPLSPRWTYTGIPSSQLNPAAPSWIPPHAQAGTFVGEFSQGAPLAPQG,TGCTTTCCCTGGGGGGACCTGCCCGTAACAGGTTGGTGGCCTCAAGGGGCGTCTGGTCTCCCGGAGAAGGTCCACCCACCCACGACCGGCCAATTTGATCCTTTGAGCCCCAGGTGGACCTACACTGGCATCCCTTCAAGTCAGCTTAACCCAGCTGCCCCGAGCTGGATTCCACCACATGCCCAGGCCGGAACATTCGTGGGGGAATTCTCCCAGGGAGCACCTCTGGCTCCCCAGGGC,6.185088795,0.53159391,HHV tile
Q2HR73_062,611,690,KSHV,VIRF4,LERRECVCPGSGERPRVPLVSTYAGDRYAVGGYGPEQSLVPPPLGLPLTLSNLQGEDICTWEEGLGNILSELQEEPSSST,CTTGAGAGAAGGGAGTGCGTTTGTCCTGGGTCCGGTGAGCGCCCCCGGGTACCACTGGTGAGCACCTATGCTGGAGATCGATACGCCGTGGGCGGCTATGGCCCAGAACAATCTCTGGTCCCCCCGCCACTGGGGCTGCCTCTGACGCTCTCCAACCTTCAGGGAGAAGACATCTGCACTTGGGAGGAGGGATTGGGTAATATTTTGTCTGAACTCCAGGAAGAGCCCAGCTCAAGTACA,8.970479692,-0.470143328,HHV tile
P03209_054,526,605,EBV,RTA,VIPQKEEAAICGQMDLSHPPPRGHLDELTTTLESMTEDLNLDSPLTPELNEILDTFLNDECLLHAMHISTGLSIFDTSLF,GTGATCCCTCAAAAGGAGGAGGCCGCTATTTGCGGCCAGATGGATTTGAGCCATCCCCCACCAAGGGGACATCTCGATGAACTTACTACAACCCTTGAGTCTATGACCGAAGACCTCAACCTGGACAGCCCCCTGACACCTGAGCTGAATGAGATCCTCGACACTTTCTTGAACGATGAATGTCTGTTGCACGCAATGCACATTTCCACGGGGCTGAGTATATTCGACACCTCACTGTTT,8.585619295,3.053970682,HHV tile
P09265_001,1,80,VZV,VP16,MECNLGTEHPSTDTWNRSKTEQAVVDAFDESLFGDVASDIGFETSLYSHAVKTAPSPPWVASPKILYQQLIRDLDFSEGP,ATGGAATGCAACCTGGGAACCGAACATCCTTCCACAGATACCTGGAATAGGAGCAAGACGGAGCAGGCGGTGGTGGACGCCTTCGATGAGAGTCTCTTTGGCGACGTTGCTTCCGACATAGGGTTCGAAACTAGCCTGTATTCTCACGCCGTCAAGACAGCACCCTCACCCCCATGGGTAGCCTCTCCAAAAATCTTGTACCAGCAACTTATTAGAGATCTGGACTTTTCAGAGGGCCCT,7.863219076,0.240379424,HHV tile
Q2HRD3_107,1053,1132,KSHV,DBP,EVLSLLSTVGQAGVPWTAEGVASVIQDIIDDCELQFVGPEEPCLIQGQSVVEELFPSPGVPSLTVGKKRKIASLLSDLDL,GAAGTACTGTCTCTGTTGTCAACAGTTGGGCAGGCCGGAGTGCCTTGGACTGCCGAAGGTGTCGCTTCCGTGATACAGGACATCATTGACGATTGTGAGCTTCAGTTTGTTGGCCCTGAGGAGCCCTGCCTCATCCAAGGGCAGAGCGTCGTGGAAGAGCTGTTCCCAAGTCCCGGAGTGCCATCTCTTACCGTGGGCAAGAAGAGAAAAATTGCATCCTTGCTGAGCGATCTGGACCTC,5.601944011,0.372719768,HHV tile
P68336_008,71,150,HSV2,VP16,AGPALCTMLDTWNEDLFSGFPTNADMYRECKFLSTLPSDVIDWGDAHVPERSPIDIRAHGDVAFPTLPATRDELPSYYEA,GCCGGGCCAGCCCTGTGCACAATGCTCGATACCTGGAATGAAGACCTGTTCAGTGGATTTCCAACAAACGCAGATATGTACAGGGAGTGTAAGTTTCTGTCTACTTTGCCTTCAGACGTGATTGACTGGGGCGACGCCCACGTACCGGAGCGGAGCCCCATCGATATACGCGCTCATGGTGACGTCGCATTCCCCACGCTTCCCGCTACCAGAGATGAACTCCCTTCCTACTATGAGGCG,7.581438718,1.319632282,HHV tile
P68336_038,371,450,HSV2,VP16,YGSTIEGLLDLPDDDDAPAEAGLVAPRMSFLSAGQRPRRLSTTAPITDVSLGDELRLDGEEVDMTPADALDDFDLEMLGD,TACGGGAGTACGATTGAGGGCCTGCTTGATCTCCCAGACGACGACGACGCTCCCGCAGAAGCAGGTCTGGTGGCCCCTCGGATGTCATTTTTGAGCGCCGGGCAGAGACCTCGACGCCTTTCCACCACCGCTCCCATCACAGACGTGTCTCTGGGAGATGAGTTGAGGCTCGACGGCGAAGAGGTCGACATGACTCCAGCCGATGCGCTCGATGACTTCGATCTGGAAATGCTGGGAGAT,9.301965747,-0.122169385,HHV tile
Q77PU6_001,1,80,HHV6B,IE1,MESAKDTTSTSMFILGKPSGNNMESNEERMQNYHPDPVVEESIKEILEESLKCDVSFESLLFPELEAFDLFIPESSNDIA,ATGGAATCTGCAAAGGATACCACAAGTACTAGCATGTTTATTCTGGGGAAGCCCAGTGGCAACAACATGGAGTCTAATGAAGAGAGGATGCAGAACTACCACCCAGACCCGGTGGTCGAGGAGAGCATAAAAGAGATTCTCGAAGAGAGCTTGAAATGCGACGTTTCATTCGAGTCCCTGCTTTTCCCTGAACTCGAGGCTTTTGACCTGTTCATCCCCGAATCATCCAATGATATCGCC,10.09150184,0.118464383,HHV tile
P33479_001,1,80,SuHV1,ICP4,MADDLFDFIETEGNFSQLLAAAAAAEEEGIASGPDGGSQGSRRRGSSGEDLLFGPGGLFSDDAAEAEAAVLAAAAGATRP,ATGGCAGATGATCTTTTTGACTTCATCGAGACCGAGGGCAACTTTTCCCAACTGCTGGCGGCTGCCGCGGCAGCTGAGGAAGAAGGCATTGCCAGCGGACCTGACGGGGGATCTCAGGGCAGTCGAAGGCGGGGTTCATCCGGTGAGGACCTCCTGTTCGGGCCAGGCGGGCTTTTCAGCGATGACGCAGCCGAAGCTGAGGCCGCAGTTTTGGCAGCCGCTGCCGGAGCCACAAGACCC,9.795911745,-0.107800981,HHV tile
Q69567_001,1,80,HHV6A,IE1,MEPAKPSGNNMGSNDERMQDYRPDPMMEESIKEILEESLMCDTSFDDLIIPGLESFGLIIPESSNNIESNNVEEGSDGEL,ATGGAGCCAGCCAAACCTTCCGGGAACAACATGGGGTCAAATGACGAAAGGATGCAGGACTACAGACCAGACCCTATGATGGAGGAGTCCATAAAGGAGATTCTCGAGGAAAGTCTGATGTGCGATACCAGCTTCGACGATCTGATCATCCCCGGTCTGGAATCTTTTGGACTTATCATTCCCGAGAGCTCAAACAATATTGAATCTAATAACGTGGAGGAAGGCAGTGATGGCGAGTTG,8.05539343,0.002618408,HHV tile
F5HIC6_027,261,340,KSHV,VIRF3,MDMLMRAMCDEDLFDLLGIPEDVIATSQPGGDTDASGVVTEGSIAASAVGAGVEDVYLAGALEAQNVAGEYVLEISDEEV,ATGGACATGCTGATGAGGGCAATGTGCGATGAGGATTTGTTCGACCTGCTCGGTATTCCCGAAGACGTCATCGCTACATCTCAACCTGGCGGTGATACTGATGCATCCGGCGTCGTTACCGAGGGAAGCATCGCCGCGTCAGCCGTAGGGGCTGGAGTGGAAGACGTATACCTCGCCGGCGCTCTTGAGGCACAGAACGTGGCCGGGGAATATGTGCTGGAAATAAGTGACGAGGAGGTG,7.873526115,1.358887532,HHV tile
P09310_002,11,90,VZV,ICP4,PQRAGSPDTLELMDLLDAAAAAAEHRARVVTSSQPDDLLFGENGVMVGREHEIVSIPSVSGLQPEPRTEDVGEELTQDDY,CCTCAAAGGGCGGGGAGCCCAGACACGTTGGAGCTCATGGATCTCCTGGATGCTGCCGCTGCCGCAGCCGAGCATCGCGCACGGGTTGTGACTTCTTCACAGCCTGACGACCTGCTGTTCGGCGAAAACGGCGTGATGGTCGGTAGAGAGCACGAGATCGTATCCATTCCCAGCGTGAGTGGGCTTCAGCCAGAACCCCGAACCGAGGACGTCGGAGAAGAACTGACACAGGATGATTAC,6.844482156,-0.381964902,HHV tile
P03169_002,11,90,HCMV,IE1,PDNPDEGPSSKVPRPETPVTKATTFLQTMLRKEVNSQLSLGDPLFPELAEESLKTFERVTEDCNENPEKDVLAELVKQIK,CCCGACAACCCTGATGAGGGCCCCTCATCCAAGGTGCCACGGCCGGAGACTCCTGTAACAAAAGCCACAACGTTCCTTCAGACCATGCTTAGAAAAGAAGTGAACAGTCAGCTCAGCCTGGGGGACCCTCTGTTTCCAGAACTGGCAGAAGAGTCTCTCAAGACTTTCGAAAGGGTCACCGAGGATTGCAATGAAAATCCCGAGAAAGACGTTTTGGCTGAGCTGGTGAAGCAAATCAAG,7.629990567,-1.068930754,HHV tile
F5HCV3_058,571,650,KSHV,RTA,SEAQPPLLSLPPPLDVDQSLFALLDEAGPETWDVGSPLSPTDDALLSSILQGLYQLDTPPPLRSPSPASFGPESPADIPS,AGCGAGGCTCAGCCACCCCTTCTGTCTTTGCCCCCTCCTCTGGATGTGGACCAATCATTGTTTGCTCTTCTCGATGAAGCCGGCCCAGAAACTTGGGATGTCGGGTCACCACTCAGCCCAACCGACGACGCGCTGCTGTCTTCCATTCTGCAGGGTCTCTACCAGCTGGATACACCGCCGCCCCTTAGGAGTCCTTCCCCTGCATCCTTCGGACCTGAGAGCCCCGCCGACATCCCCAGT,10.91612574,,HHV tile
P03179_056,551,630,EBV,MTP,LNFVNDLASPVSTAEMMDDFSPFFTVEFPPIQEEGASSPVPLDVDESMDISPSYELPWLSLESCLTSILSHPTVGSKEHL,CTGAATTTTGTCAACGATTTGGCATCACCAGTGTCAACCGCTGAGATGATGGACGATTTCAGTCCCTTCTTCACGGTGGAGTTTCCACCCATTCAGGAAGAGGGGGCCTCTAGCCCTGTTCCCCTCGACGTGGATGAATCTATGGACATATCCCCTTCCTACGAGCTTCCGTGGCTGAGCCTGGAATCCTGCCTTACTTCTATCCTCAGTCACCCTACAGTAGGCAGCAAGGAGCATCTG,7.322433823,2.225948228,HHV tile
P36384_109,1081,1160,HSV2,DBP,QQLQIEDWLALLEDEYLSEEMMEFTTRALERGHGEWSTDAALEVAHEAEALVSQLGAAGEVFNFGDFGDADDHAASFGGL,CAGCAACTGCAGATCGAAGACTGGCTTGCCCTCCTGGAGGATGAATACTTGTCCGAAGAGATGATGGAGTTCACCACAAGGGCCCTGGAGAGAGGCCACGGCGAGTGGTCTACTGATGCTGCCTTGGAGGTTGCACACGAGGCAGAAGCCCTCGTCAGCCAGCTTGGAGCCGCAGGCGAAGTGTTCAACTTCGGAGACTTTGGGGACGCTGACGATCATGCGGCTTCATTTGGTGGGCTG,5.99465074,1.886076551,HHV tile
Q89882_001,1,80,HHV6A,U95,MSAHPDDLFWQQILNMDPTELLSDDVISSTCDENTAAGTDIMQPLCVDMSVQPTTSGCHTGAMMSDSYFSNDTPDQNCQS,ATGAGTGCTCATCCCGACGATCTCTTTTGGCAGCAAATCCTTAATATGGACCCAACGGAGCTGTTGAGCGACGACGTTATATCATCAACTTGCGATGAAAATACCGCAGCCGGGACAGACATTATGCAGCCCCTGTGTGTGGACATGAGTGTCCAGCCTACTACAAGCGGATGCCACACCGGCGCCATGATGTCCGATTCCTACTTCTCTAACGATACCCCGGATCAAAACTGTCAGTCT,8.290824561,2.570742443,HHV tile
P19893_004,31,110,HCMV,IE2,KATTFLQTMLRKEVNSQLSLGDPLFPELAEESLKTFEQVTEDCNENPEKDVLAELGDILAQAVNHAGIDSSSTGPTLTTH,AAGGCCACAACGTTCTTGCAGACTATGCTGAGGAAGGAGGTGAACAGCCAACTTTCCCTGGGGGACCCCCTGTTTCCTGAGCTCGCTGAGGAAAGTCTCAAAACTTTCGAGCAGGTTACAGAAGACTGCAATGAAAACCCGGAGAAAGATGTGCTTGCTGAACTGGGAGACATTTTGGCCCAGGCAGTCAATCATGCGGGTATCGATAGCTCATCTACCGGCCCAACACTGACCACCCAC,9.268958444,-0.763215832,HHV tile
Q2HRC9_014,131,210,KSHV,ORF10,REMTTYVFKGGDLPPGAEEPETLHSAEAPLPSRETLVTGQLRSTSPRTYTGYFHSPVPLSFLDLLTFESMGCENVEGDPE,AGAGAAATGACGACCTACGTGTTTAAGGGGGGCGACCTGCCCCCCGGCGCTGAAGAACCTGAGACACTGCATTCCGCCGAGGCACCTCTCCCTTCACGCGAGACTCTGGTCACCGGACAGCTTCGGAGCACATCTCCAAGGACATACACTGGTTATTTCCACAGCCCAGTGCCCCTGAGTTTTTTGGATTTGCTCACCTTCGAGTCCATGGGATGCGAAAACGTTGAGGGGGACCCGGAG,7.185906719,-0.606677204,HHV tile
P89460_096,951,1030,HSV2,ITP,FASSADQRTAAIQEVMAHATEDAPPSPAADLVVLTNRHDLGAWGDYSLGPLGQPTVVPDSVDLSPQGLAATLSMDWLLIN,TTCGCATCTTCAGCTGACCAGAGAACAGCCGCAATCCAGGAGGTAATGGCCCACGCCACCGAAGACGCACCGCCAAGTCCCGCTGCCGATCTTGTTGTGCTGACCAACAGGCATGACCTGGGCGCTTGGGGAGATTACTCCTTGGGTCCTCTGGGGCAGCCTACGGTCGTGCCCGATTCCGTGGATCTGAGCCCACAAGGCCTTGCGGCCACTTTGAGCATGGACTGGCTCCTCATTAAT,5.677893361,-0.229024311,HHV tile
Q9QJ12_001,1,80,HHV6B,U95,MSSNLEDLLWQQILSMDPAELLSDNAISSTCDENIAAGHHFTQSPHVEMSVQSTTSAGHTGVMTTQSQFSNGVRDQNRES,ATGTCTTCAAACTTGGAGGACCTGCTGTGGCAGCAGATACTTTCAATGGACCCCGCAGAGCTCCTGTCCGATAATGCCATCAGTAGCACCTGCGACGAGAACATTGCTGCGGGCCACCATTTCACTCAGTCCCCTCATGTGGAAATGTCTGTCCAAAGTACCACGTCCGCCGGTCACACAGGGGTTATGACTACACAGTCTCAGTTTAGCAACGGAGTGAGGGATCAAAATAGAGAAAGC,7.595415155,2.625517422,HHV tile
Q77Z83_002,11,90,HHV6A,IE2,MGSNDERMQDYRPDPMMEESIKEILEESLMCDTSFDDLIIPGLESFGLIIPESSNNIESNNVEEGSDGELKTLAEQKCKQ,ATGGGATCCAATGACGAAAGGATGCAAGACTACAGACCTGACCCGATGATGGAGGAATCAATAAAAGAGATTTTGGAGGAATCACTGATGTGTGATACAAGCTTCGACGATCTGATCATCCCAGGCCTCGAGTCTTTTGGCCTCATCATTCCCGAGTCCAGTAACAACATTGAATCTAATAACGTGGAGGAGGGGAGCGATGGTGAACTTAAAACCCTGGCCGAGCAGAAGTGCAAGCAG,8.179664852,-0.402201826,HHV tile
Q3KSV2_036,351,430,EBV,EBNA2,PVLGLHQGQGAGDSPTPGPSNAAPVCRNSHTATPNVSPIHEPESHNSPEAPILFPDDWYPPSIDPADLDESWDYIFETTE,CCGGTGCTTGGCCTCCACCAGGGCCAAGGAGCCGGTGATTCTCCGACCCCAGGGCCTTCAAATGCGGCTCCAGTCTGCAGGAATTCTCACACAGCAACCCCAAACGTTTCCCCTATACATGAGCCTGAAAGCCATAACAGCCCTGAAGCCCCCATTCTGTTCCCCGATGACTGGTACCCACCCAGTATCGACCCCGCTGACCTGGATGAGTCCTGGGACTATATCTTTGAAACTACGGAG,8.846633515,0.179751269,HHV tile
Q2HR71_031,301,380,KSHV,VIRF2,SHVSGLDDCLPMVDHIEGCLLDLLSDVGQELPDLGDLGELLCETASPQGPMQSEGGEEGSTESVSVLPATHPLESSAPGA,AGCCATGTGTCCGGACTTGATGACTGCCTCCCGATGGTAGACCACATCGAGGGCTGCTTGCTGGACCTGCTGTCCGATGTGGGGCAAGAGTTGCCAGATCTGGGCGACCTCGGTGAACTGCTTTGTGAGACCGCCAGTCCCCAGGGTCCTATGCAGAGTGAAGGCGGAGAAGAGGGGTCAACAGAGTCTGTTTCAGTCCTCCCAGCCACTCACCCCCTGGAATCTAGCGCTCCTGGGGCA,10.39664028,2.661039112,HHV tile
P06763_009,81,160,HSV2,gB,ANATVAAGHATLRAHLREIKVENADAQFYVCPPPTGATVVQFEQPRRCPTRPEGQNYTEGIAVVFKENIAPYKFKATMYY,GCCAACGCTACTGTGGCCGCTGGGCACGCAACACTGAGAGCCCATCTCCGGGAGATCAAGGTAGAGAACGCTGACGCACAGTTTTACGTTTGTCCACCCCCAACAGGTGCCACCGTCGTCCAATTCGAACAGCCGAGGCGCTGCCCCACTCGACCTGAGGGACAGAATTATACCGAAGGCATTGCCGTGGTGTTCAAAGAAAATATAGCACCTTACAAATTTAAGGCGACGATGTATTAC,-0.502755201,3.212801949,HHV tile
P06437_010,91,170,HSV1,gB,AAGHATLREHLRDIKAENTDANFYVCPPPTGATVVQFEQPRRCPTRPEGQNYTEGIAVVFKENIAPYKFKATMYYKDVTV,GCCGCTGGACATGCGACCCTCCGAGAACACCTGCGGGACATCAAGGCCGAGAATACAGATGCAAATTTCTACGTTTGTCCGCCCCCTACAGGCGCTACTGTCGTACAGTTTGAACAACCTCGCAGATGCCCAACCAGGCCAGAAGGTCAGAACTATACTGAGGGGATTGCCGTCGTGTTTAAGGAGAACATAGCACCCTACAAATTCAAAGCCACGATGTATTACAAGGACGTGACCGTG,-4.521109239,2.304961744,HHV tile
Q9PX32_003,21,100,HHV6B,DR3,VCMGVICGDCQRWWRRRCARWGRVGPRVLDGGAWRVRSGDGARSVSRTCETERAPSAARSPVYSPPFVLVSSSSSSSCSS,GTCTGCATGGGCGTGATCTGTGGGGACTGTCAGCGATGGTGGAGGCGGAGATGTGCCCGCTGGGGAAGGGTCGGTCCAAGGGTACTGGATGGAGGGGCTTGGCGAGTACGGTCAGGTGACGGTGCCCGGTCCGTGAGTCGCACCTGCGAAACAGAGAGAGCGCCGTCTGCTGCAAGATCCCCCGTGTACAGCCCTCCCTTCGTGCTCGTTTCATCTAGCAGTAGCAGTTCCTGCTCATCT,-2.250786339,3.927162054,HHV tile
P12977_083,821,900,EBV,EBNA3,PVSPAVNQYHLSQAAFGLPIDEDESGEGSDTSEPCEALDLSIHGRPCPQAPEWPVQEEGGQDATEVLDLSIHGRPRPRTP,CCAGTTTCCCCCGCTGTGAACCAGTACCATTTGTCCCAGGCGGCCTTCGGACTTCCCATAGATGAGGACGAAAGCGGCGAGGGTTCAGACACTAGCGAGCCATGCGAGGCTCTGGATCTGTCTATCCACGGGAGGCCTTGTCCACAAGCCCCTGAATGGCCTGTGCAGGAAGAGGGAGGGCAGGATGCAACAGAAGTCCTCGACCTGAGTATTCACGGCCGGCCCCGCCCGAGAACCCCC,-2.719775562,2.638298322,HHV tile
P10220_172,1711,1790,HSV1,LTP,WLEHAQRTFETHPLSAASGDGPGLLTRQGARLQALFDTRRRVEALRRSLEEAEAEWDEVWGRFGRVRGGAWKSPEGFRAA,TGGCTGGAGCACGCTCAGAGAACTTTTGAGACCCATCCACTCAGCGCCGCATCAGGCGATGGTCCTGGGCTCCTGACAAGACAAGGCGCCCGCCTGCAGGCTTTGTTCGACACGCGGAGGCGGGTGGAAGCACTTCGCAGATCCCTGGAGGAAGCCGAGGCTGAGTGGGACGAAGTTTGGGGCAGGTTCGGTAGGGTCCGGGGAGGAGCGTGGAAGAGTCCCGAAGGGTTTCGAGCCGCA,-0.982121099,2.147895103,HHV tile
P89439_015,141,220,HSV2,CEP2,TLAFGHLEAASPPEETPDPAAEQLADEPVAHELDGAYLVPTDTAPESGACCALGPGAWWHLPGGRIYCWAMDDDLGSLCP,ACTCTCGCCTTCGGCCATTTGGAGGCCGCAAGCCCACCTGAGGAGACCCCGGATCCTGCGGCTGAACAGCTGGCAGACGAGCCCGTGGCTCACGAACTGGACGGAGCCTACCTGGTCCCCACGGACACAGCCCCAGAATCCGGGGCATGTTGCGCCCTTGGTCCTGGGGCTTGGTGGCACCTCCCAGGTGGCAGGATCTATTGTTGGGCTATGGATGATGACCTGGGATCTCTTTGCCCC,-1.947974956,2.465321184,HHV tile
Q9J3N2_006,51,130,VZV,UNG,DPPTFKLNNMSHHYDTETFTPVSSQLDSVEVFSKFNISPEWYDLLSDELKEPYAKGIFLEYNRLLNSGEEILPSTGDIFA,GACCCACCCACCTTCAAATTGAATAACATGTCACATCACTATGATACGGAGACCTTTACTCCAGTGTCTTCTCAGCTTGATAGTGTCGAGGTTTTCAGCAAGTTCAACATCTCCCCTGAATGGTATGACCTGCTGTCAGATGAGCTCAAAGAGCCCTACGCTAAGGGAATCTTTTTGGAGTACAACAGGCTCCTGAATAGCGGCGAAGAAATACTGCCTTCCACAGGGGACATTTTTGCC,2.958379537,2.184044889,HHV tile
P03222_042,411,490,EBV,CVC1,APKTPDACLWIDSHPLYEEGASAWGKVIDSRPPGGLVGAASQLVALGTDGHCVHLATTSDGQAFLVLPGGFVIKGQLALT,GCCCCCAAGACCCCAGACGCTTGTCTGTGGATTGATAGCCACCCACTGTACGAGGAAGGTGCCAGTGCATGGGGGAAAGTGATAGACTCAAGACCTCCTGGAGGCTTGGTGGGGGCGGCCTCTCAGCTGGTGGCTTTGGGCACCGATGGACACTGCGTACATCTTGCCACAACGTCCGACGGGCAAGCTTTTCTTGTTCTCCCCGGCGGATTCGTCATCAAGGGTCAGCTCGCACTGACT,-0.848959174,3.142314005,HHV tile
P12978_010,91,170,EBV,EBNA2,PPPPPPPPPPQRRDAWTQEPSPLDRDPLGYDVGHGPLASAMRMLWMANYIVRQSRGDRGLILPQGPQTAPQARLVQPHVP,CCTCCCCCTCCCCCTCCTCCCCCACCACCTCAAAGACGCGACGCATGGACCCAGGAGCCATCTCCTCTGGATAGAGACCCCCTGGGCTATGATGTGGGACATGGGCCCCTCGCTAGCGCCATGCGGATGCTCTGGATGGCTAACTACATTGTCAGGCAGTCCCGAGGCGACCGGGGGCTTATCTTGCCACAGGGTCCCCAGACAGCGCCACAGGCCAGGCTGGTTCAACCGCACGTGCCG,-0.341959033,4.309964462,HHV tile
F5HGH5_001,1,80,KSHV,VPK,MRWKRMERRPPLTPLRRSRTQSSGGGLTICPRCALKLPKATRISERPWASTWQLNQHIQVSKTKKATAYLKAPREWGQCT,ATGAGGTGGAAGAGAATGGAGAGGCGACCTCCACTGACGCCTTTGCGGCGGAGCAGAACCCAGAGCAGTGGGGGAGGCCTCACCATTTGCCCAAGGTGTGCCCTGAAGCTCCCCAAGGCGACTCGCATCTCTGAACGCCCCTGGGCTTCCACCTGGCAACTGAACCAGCACATACAGGTGTCAAAAACAAAAAAGGCTACAGCCTACCTTAAAGCACCGAGAGAGTGGGGTCAGTGCACT,-2.894136033,3.256558909,HHV tile
Q3KST0_047,461,540,EBV,EBNA6,TVEPAHPTPVEMPMVILHQPPPVPKPVPVKPTPPPSRRRRGACVVYDDDVIEVIDVETTEDSSSVSQPNKPHRKHQDGFQ,ACAGTCGAACCAGCCCACCCCACGCCTGTGGAGATGCCTATGGTGATTCTGCACCAGCCTCCGCCCGTTCCAAAACCAGTCCCTGTTAAGCCGACCCCACCCCCCTCCAGGCGAAGACGGGGAGCATGCGTAGTGTACGACGACGATGTCATCGAGGTGATAGATGTGGAGACTACCGAAGACTCATCTAGCGTGAGTCAGCCCAACAAGCCTCATCGCAAACATCAGGATGGCTTCCAA,,3.300042972,HHV tile
P28277_014,131,210,HSV2,HELI,KLSGAFLSRPINTIFHEFGFRGNHVQAQLGQHPYTLASSPASLEDLQRRDLTYYWEVILDITKRALAAHGGEDARNEFHA,AAACTGTCTGGCGCCTTTTTGAGTCGACCAATCAACACCATTTTCCACGAATTCGGTTTTCGGGGGAACCACGTCCAGGCTCAGCTGGGCCAGCATCCCTACACGCTTGCATCAAGCCCTGCTTCCCTGGAGGACTTGCAACGCAGGGACCTCACTTATTACTGGGAGGTGATCCTCGATATAACAAAGAGGGCCCTGGCGGCCCATGGAGGGGAGGATGCCAGAAATGAATTCCACGCA,-1.321454876,4.263314238,HHV tile
P10228_019,181,260,HSV1,gC,NITAPPGGLLVYDSAPNLTDPHVLWAEGAGPGADPPLYSVTGPLPTQRLIIGEVTPATQGMYYLAWGRMDSPHEYGTWVR,AACATCACAGCGCCCCCTGGAGGCCTGCTGGTATACGATAGCGCCCCCAATCTGACTGATCCACACGTGCTCTGGGCTGAGGGTGCCGGACCAGGGGCAGACCCTCCTTTGTACTCTGTCACCGGCCCCCTTCCCACGCAAAGGCTCATAATTGGCGAAGTTACTCCGGCAACACAGGGGATGTATTATCTGGCTTGGGGTCGGATGGACTCCCCACATGAGTACGGGACCTGGGTGAGA,-0.429518822,2.067083378,HHV tile
P52529_034,331,410,HHV6A,U79,LIKNECADVTGPSKCLSKTKHIEPKKQIVFSDCVRPVPVCEIKPFIDVRLFETARSPRRLRQRTRTIVGSTDGAIEQQRV,CTCATCAAGAACGAGTGTGCAGATGTCACCGGCCCAAGCAAGTGCCTTTCAAAAACAAAGCACATTGAACCAAAAAAACAGATCGTCTTCTCCGACTGTGTGAGGCCCGTGCCTGTATGCGAGATTAAGCCTTTCATTGATGTGCGCCTGTTTGAGACTGCCCGCTCTCCCAGGCGGCTGCGACAGCGGACGAGAACCATCGTGGGAAGTACAGACGGGGCTATAGAACAGCAAAGAGTT,-1.83330624,2.210027156,HHV tile
Q69138_004,31,110,EBV,EBNA3,GDWENVLIEISDSSSEEEAEDAHLEPSQRGKKRKRVDDDAGGSAPAQHVPPPQLDHPGREAILYRFPLDLRRFIQAIGAA,GGTGATTGGGAAAACGTCCTGATCGAGATCTCCGACAGTAGCTCTGAGGAGGAAGCCGAGGACGCTCACCTCGAGCCCAGCCAGCGAGGGAAGAAGAGAAAAAGGGTGGATGATGATGCCGGGGGCTCAGCCCCTGCCCAGCATGTTCCGCCACCCCAATTGGACCACCCTGGAAGGGAAGCAATTCTTTACCGGTTTCCACTGGACCTGCGCAGATTCATTCAGGCAATAGGCGCTGCG,-1.261091276,4.98669171,HHV tile
Q69138_081,801,880,EBV,EBNA3,VPVSPAVNQYHFSQAAFGLPIDEDESGERSDTSEPYEALDLSIHGRPCPQAPEWPVQGEGGQDATEVLDLSIHGRPRPRT,GTGCCCGTCAGTCCTGCGGTAAACCAGTATCACTTTTCACAGGCTGCCTTCGGGCTTCCTATAGATGAGGATGAGAGCGGAGAGAGAAGCGACACATCCGAACCCTACGAGGCCCTCGACTTGTCCATTCATGGTAGGCCATGCCCGCAGGCACCAGAGTGGCCAGTGCAAGGCGAAGGAGGCCAGGACGCAACCGAAGTTCTGGATCTGTCTATCCACGGGCGACCCCGGCCTCGCACT,-1.89758397,2.218753931,HHV tile
P16769_005,41,120,HCMV,UNG,PDHDTVLLRDTVAAVEGARQLEMVYPAPEHVHRWSYLCPPEQVRVVIVGQDPYCDGSASGLAFGTLAGRPPPPSLNNVFR,CCCGATCACGACACCGTGCTCCTGAGGGACACTGTTGCCGCAGTTGAGGGAGCGCGGCAACTGGAGATGGTGTACCCCGCTCCAGAACATGTCCACCGATGGTCATATCTGTGTCCTCCGGAACAGGTGAGAGTGGTAATCGTCGGCCAGGACCCTTACTGCGATGGATCTGCCTCCGGCCTTGCTTTCGGGACATTGGCCGGTCGCCCACCCCCACCTAGCCTCAATAACGTGTTTAGA,-1.38748648,2.147824838,HHV tile
P24433_039,381,460,HHV6A,SCAF,PAALHGYRQSKTLKKRHFQSDSEDELSFPGDPEYTKKRRRHRVDNDDDKEMAREKNDLRELVDMIGMLRQEISALKHVRA,CCAGCGGCTCTCCATGGATACCGGCAGAGTAAAACACTTAAGAAACGGCATTTTCAGTCAGACAGCGAGGATGAGTTGTCTTTCCCCGGCGACCCTGAATATACCAAGAAGCGACGCAGACACCGCGTGGATAATGATGACGATAAAGAGATGGCAAGGGAGAAGAACGACCTGAGAGAACTGGTCGACATGATTGGGATGCTCAGGCAAGAAATCTCCGCCCTGAAGCACGTTAGAGCC,-2.185394919,2.400273492,HHV tile
P09277_080,791,870,VZV,ITP,DLADAVGHIVGTIQGIRTQMRVGISSLRTIMADASSALRECENLMTKTSTSAIGPLFSTMASRYARFTQDQMDILMRVDK,GACCTTGCTGACGCCGTTGGCCACATTGTCGGTACAATCCAGGGCATACGGACCCAGATGAGGGTGGGAATCTCTTCCTTGAGGACGATTATGGCAGATGCCAGCTCTGCTCTGCGCGAGTGCGAAAACCTCATGACTAAAACCTCCACAAGTGCCATTGGGCCCCTGTTCTCAACTATGGCGAGCAGATACGCACGATTTACCCAAGACCAGATGGATATCCTGATGAGAGTGGATAAG,-3.178993367,2.154436017,HHV tile
P06726_040,391,470,HCMV,UL82,LFPRSNVMRGAVSEFLPQSPGLPPTEEEEEEEEEDDEDDLSSTPTPTPLSEAMFAGFEEASGDEDSDTQAGLSPALILTG,CTCTTTCCCAGATCAAACGTCATGAGGGGCGCTGTGTCAGAGTTCTTGCCTCAGTCTCCAGGGCTGCCCCCCACAGAAGAGGAGGAGGAAGAAGAGGAAGAGGATGACGAAGATGACCTCTCCAGCACCCCTACCCCGACTCCACTGTCTGAGGCCATGTTCGCAGGATTTGAAGAGGCTTCCGGCGATGAGGACAGCGACACGCAAGCCGGGCTGAGTCCTGCGCTGATCCTTACAGGT,-2.585073812,3.818779417,HHV tile
Q89730_031,301,380,HSV2,gC,TSAAVGGQGPPRTFTCQLTWHRDSVSFSRRNASGTASVLPRPTITMEFTGDHAVCTAGCVPEGVTFAWFLGDDSSPAEKV,ACTTCTGCCGCGGTAGGGGGCCAGGGCCCACCCCGAACATTTACCTGCCAATTGACCTGGCATAGGGATAGCGTGTCCTTCTCTCGGCGCAACGCTAGCGGAACAGCCAGTGTCCTGCCTAGACCTACCATCACGATGGAGTTCACAGGAGACCACGCAGTTTGCACCGCAGGTTGTGTGCCCGAGGGGGTCACTTTCGCTTGGTTTCTCGGCGACGATTCCTCACCAGCCGAAAAGGTG,-2.17955371,2.954238147,HHV tile
Q2HR73_052,511,590,KSHV,VIRF4,TPSAGAPPTPEVAERQEPSSSGIPYVCQGDNMATGYRRVTTSSGALEVEIIDLTGDSDTPSTTVASTPLPVSGPRVFQPT,ACACCAAGTGCTGGCGCCCCGCCAACCCCCGAAGTGGCAGAACGCCAAGAGCCTTCTTCTAGCGGAATACCTTATGTGTGCCAGGGAGATAACATGGCCACCGGCTACAGAAGGGTCACCACGTCAAGCGGGGCGCTTGAGGTCGAGATTATCGACCTGACAGGTGATTCCGACACACCAAGTACTACCGTGGCTTCCACTCCCCTCCCCGTATCAGGGCCTCGGGTTTTCCAGCCCACT,-4.552938211,2.45119432,HHV tile
P09265_008,71,150,VZV,VP16,IRDLDFSEGPRLLSCLETWNEDLFSCFPINEDLYSDMMVLSPDPDDVISTVSTKDHVEMFNLTTRGSVRLPSPPKQPTGL,ATCCGGGACTTGGACTTCTCTGAGGGCCCCCGCCTTCTCAGTTGCCTGGAAACCTGGAACGAGGATTTGTTTTCATGTTTCCCCATTAATGAAGATCTTTACAGCGATATGATGGTGCTGTCCCCGGACCCTGACGATGTAATATCCACGGTCTCAACTAAAGACCACGTGGAGATGTTTAACCTGACAACCAGAGGAAGCGTTAGGCTGCCATCTCCCCCAAAGCAGCCTACAGGGCTC,6.875394808,1.061514602,HHV tile
P52549_031,301,380,HHV6B,gO,KVVKRSDFPRPMYTPTDIPTLTIRRNATIKTEQNTENPTENPKSPPKPTNFENTTIRIPETFESTTVATNTTQKLESTTF,AAGGTGGTTAAGAGAAGCGATTTCCCTAGGCCCATGTACACTCCAACTGACATTCCAACCCTCACAATACGACGGAATGCCACTATTAAAACTGAGCAGAACACAGAAAACCCTACAGAGAATCCAAAATCACCGCCCAAGCCTACAAATTTTGAAAACACCACCATCCGCATCCCCGAAACCTTTGAGTCTACTACCGTCGCTACAAACACCACGCAAAAACTGGAGTCCACGACCTTC,-3.886714738,2.217623593,HHV tile
P08355_027,261,340,SuHV1,gB,NDTYTKIGAAGFYHTGTSVNCIVEEVEARSVYPYDSFALSTGDIVYMSPFYGLREGAHGEHIGYAPGRFQQVEHYYPIDL,AATGACACCTATACGAAGATTGGGGCGGCTGGGTTTTATCACACAGGCACCAGCGTAAACTGCATCGTCGAGGAAGTGGAGGCTAGAAGTGTGTACCCATATGATTCTTTTGCCCTCTCAACTGGAGACATCGTTTACATGTCCCCGTTCTACGGCCTGAGGGAAGGTGCCCATGGCGAACATATAGGATACGCACCTGGTCGGTTCCAACAGGTGGAGCACTACTATCCCATTGATTTG,-0.417313489,2.190530162,HHV tile
F5HDE4_027,261,340,KSHV,ORF45,FTDARHFSHQPPSSEEDGEDQGEVLSQRIGLMDVGQKRKRQSTASSGSEDVVRCQRQPNLSRKAVASVIIISSGSDTDEE,TTTACCGATGCAAGACATTTCTCACACCAGCCCCCTAGTAGCGAGGAAGACGGCGAGGATCAAGGTGAAGTGCTCTCCCAGCGAATCGGATTGATGGACGTAGGGCAGAAAAGGAAGAGGCAGTCTACAGCTAGCTCAGGCAGTGAGGACGTTGTCCGCTGCCAAAGACAGCCAAACCTGTCTCGGAAGGCCGTGGCCTCTGTGATAATCATTTCCTCCGGGAGCGATACTGACGAGGAA,-2.273951383,2.160986466,HHV tile
F5HF23_003,16,95,HCMV,RL5A,TVDDRRRFSIGWETWDDGGESLYDVTNNGTTVINTTACVSSCSHTSLVLCNMTQQTDSLYGVGHRLNDEEDGELWRVSVS,ACCGTGGATGATAGGCGACGCTTCAGCATCGGTTGGGAGACTTGGGACGATGGCGGAGAGTCACTCTACGACGTCACGAACAATGGCACCACAGTGATTAACACCACAGCCTGCGTGAGTTCATGCTCTCATACCAGCTTGGTACTGTGTAATATGACTCAACAGACAGATTCCCTGTATGGGGTCGGGCACCGGCTTAACGACGAAGAGGACGGAGAACTGTGGAGAGTTTCTGTGTCC,-0.898808095,3.032371965,HHV tile
P03203_063,621,700,EBV,EBNA4,PRQWPMPLRPIPMRPLRMQPIPFNHPVGPTPHQTPQVEITPYKPTWAQIGHIPYQPTPTGPATMLLRQWAPATMQTPPRA,CCTCGCCAGTGGCCAATGCCACTGAGGCCCATACCCATGAGGCCGCTCCGAATGCAACCTATTCCATTCAACCACCCCGTGGGACCTACTCCACATCAGACCCCACAGGTCGAGATCACTCCATACAAGCCGACATGGGCTCAGATTGGCCACATCCCCTATCAGCCTACCCCCACAGGGCCTGCAACAATGCTGTTGAGACAGTGGGCGCCCGCCACCATGCAAACGCCTCCCCGGGCC,-4.083083724,3.995393488,HHV tile
F5HGB6_038,371,450,KSHV,TRM3,LNVVSYVCADHREDFHLQDALVSCPCYRLHIPTYITIDESIKTTTNLFMEGAFDTELMGEGAASSNATLYRVVGDAALTQ,CTCAATGTCGTTAGCTACGTGTGTGCCGATCACCGGGAAGACTTCCATCTTCAAGACGCGCTGGTGTCATGCCCCTGCTATAGGCTCCACATACCTACTTACATCACCATTGATGAGAGTATCAAGACCACGACAAACCTGTTCATGGAGGGCGCCTTTGACACAGAGCTGATGGGTGAAGGAGCTGCATCTTCCAACGCTACTTTGTATAGAGTGGTAGGGGATGCAGCCCTGACCCAG,-2.405612074,3.236877063,HHV tile
P28284_066,651,730,HSV2,ICP0,PRAAAPRGPRKCARKTRHAEGGPEPGARDPAPGLTRYLPIAGVSSVVALAPYVNKTVTGDCLPVLDMETGHIGAYVVLVD,CCCCGAGCCGCCGCTCCAAGAGGCCCCAGGAAATGCGCCAGAAAGACCCGCCATGCAGAGGGTGGACCTGAACCAGGAGCGCGGGACCCTGCACCAGGGCTTACTAGGTACCTGCCGATCGCAGGCGTAAGCTCCGTGGTGGCCCTCGCTCCCTATGTTAACAAGACCGTCACAGGCGATTGTCTGCCTGTGCTGGACATGGAGACAGGGCACATTGGTGCTTACGTCGTGTTGGTTGAT,-3.121690829,2.974063752,HHV tile
P36320_029,281,360,HHV6B,gB,EIKEENESVCMLKHWTTVTHGLRAETDETYHFISKELTAAFVASKESLNLTDPKQTCIKNEFEKIITDVYMSDYNDAYSM,GAGATCAAGGAGGAGAACGAATCAGTGTGTATGCTGAAACACTGGACTACCGTCACACACGGCCTGAGGGCGGAAACCGATGAAACATATCATTTCATCTCTAAGGAGCTTACAGCCGCCTTTGTTGCTAGCAAGGAGAGCTTGAACCTCACCGACCCCAAACAGACTTGCATTAAGAATGAGTTCGAAAAAATAATTACGGATGTGTATATGTCCGACTACAATGACGCATACAGTATG,-2.26216259,2.47914102,HHV tile
P06024_007,61,140,SuHV1,gC,AGAVSTPPVPPPSVSRRKPPRNNNRTRVHGDKATAHGRKRIVCRERLFSARVGDAVSFGCAVFPRAGETFEVRFYRRGRF,GCGGGCGCCGTGTCAACACCACCCGTTCCTCCGCCTAGTGTGTCCAGACGGAAACCACCCCGGAATAACAACAGGACTCGCGTCCACGGGGACAAGGCTACCGCTCATGGAAGAAAGAGAATCGTATGTCGGGAACGACTGTTCTCTGCCCGAGTCGGAGATGCAGTGAGCTTTGGTTGCGCCGTGTTCCCCCGCGCAGGCGAGACCTTTGAGGTTCGCTTCTACAGGAGAGGGAGGTTT,-0.289254389,2.142259837,HHV tile
P06434_001,1,80,HCMV,IE2,MLPLIKQEDIKPEPDFTIQYRNKIIDTAGCIVISDSEEEQGEEVETRGATASSPSTGSGTPRVTSPTHPLSQMNHPPLPD,ATGTTGCCTCTGATCAAACAAGAAGACATTAAGCCCGAACCGGACTTCACCATTCAGTACCGGAACAAGATCATCGATACCGCTGGATGCATTGTCATAAGTGATTCCGAGGAGGAGCAGGGTGAGGAGGTGGAAACTAGGGGCGCAACCGCCTCTAGCCCCTCTACGGGCTCCGGGACACCTAGAGTTACTAGCCCCACACACCCACTCTCACAGATGAATCATCCACCACTGCCTGAC,-1.805093543,4.064971451,HHV tile
P52534_006,51,130,HHV7,U84,PEKINSEINISKSEMLLKADKYTNAIYKHSKLRKIFKAVKENLSTTNFATKSKGIVHSNFNDSKPIHSPEIKNYTDFNCD,CCAGAAAAGATCAACTCAGAGATTAACATCAGTAAATCTGAAATGCTGCTCAAAGCTGATAAGTACACTAACGCCATCTATAAACACTCCAAGTTGAGGAAAATCTTCAAGGCCGTCAAGGAGAATCTGTCAACCACGAATTTCGCAACCAAATCCAAAGGCATAGTGCACAGCAATTTTAACGACAGCAAGCCCATTCATTCTCCTGAGATTAAGAACTACACAGATTTTAATTGCGAC,-3.076164152,4.900162611,HHV tile
Q9QR71_025,241,320,KSHV,LANA1,ESPIYVGSSSDGDTPPRQPPTSPISIGSSSPSEGSWGDDTAMLVLLAEIAEEASKNEKECSENNQAGEDNGDNEISKESQ,GAGAGTCCTATCTACGTCGGCTCCTCATCCGACGGAGATACACCCCCAAGGCAACCACCCACTTCCCCTATTAGCATTGGCAGTTCATCCCCGAGCGAAGGGTCTTGGGGCGACGATACCGCCATGCTGGTGCTTCTCGCCGAAATAGCGGAAGAGGCTTCTAAGAATGAGAAAGAATGCTCTGAAAATAACCAGGCAGGTGAGGATAACGGGGACAACGAGATCAGCAAGGAGAGCCAG,-3.215695711,3.094764454,HHV tile
C0H677_035,341,420,HCMV,UL29,DRSSLYEANPELRLPFKKRRLVVGYFDSLSSLYLRGQPKFSSIWRGLRDAWTHKRPKPRERASGVHLQRYVRATAGRWLP,GACAGATCCTCTTTGTATGAAGCAAACCCTGAGCTCCGGCTCCCTTTCAAGAAAAGAAGACTGGTTGTCGGCTACTTCGACTCACTGTCCAGCCTGTACCTTAGGGGACAGCCCAAGTTTAGCTCTATCTGGCGAGGCTTGCGCGATGCGTGGACACACAAGAGGCCCAAACCACGGGAGCGGGCTAGTGGGGTGCATCTGCAAAGGTATGTGCGAGCCACCGCCGGTCGCTGGCTTCCA,-1.632089145,4.712676983,HHV tile
Q77PU6_080,791,870,HHV6B,IE1,IIDKSMLEKTIKSEPNSESSSESDDCTSEDNYLHLSDYDKVINNGHCQSKGFPSPVFTIPIRSMPGTHDIRNKFVPKKHW,ATTATTGACAAGAGCATGCTTGAGAAGACTATTAAATCTGAGCCCAATTCCGAATCCAGCAGTGAAAGTGACGACTGTACCTCAGAGGATAACTACCTGCACCTCTCTGACTATGATAAAGTTATCAACAATGGACACTGCCAGAGCAAGGGCTTTCCTTCACCAGTCTTCACGATACCTATCAGGTCCATGCCCGGGACACATGATATCAGAAACAAGTTCGTGCCAAAGAAACATTGG,-0.827410427,3.314365365,HHV tile
Q69567_066,651,730,HHV6A,IE1,GDNIIGNSILIKAIKSESDSESSSESNDCTSEHKQLHLSDYDEVTNNGHCPSYGFPTPVFTIPIRSMQGTGGIKSKFIPK,GGCGATAACATCATCGGGAATTCTATACTGATCAAGGCCATCAAAAGCGAATCCGACAGTGAGTCATCCAGCGAGAGCAACGATTGTACATCTGAACACAAGCAGCTCCACCTTAGTGACTACGACGAGGTGACTAATAACGGCCATTGCCCGTCCTATGGGTTCCCCACCCCCGTCTTTACGATTCCTATAAGGTCAATGCAAGGAACCGGTGGAATTAAATCTAAGTTCATTCCAAAA,-4.522537816,2.800741285,HHV tile
Q2HR82_021,201,280,KSHV,KbZIP,PVFVSLKAEVCDQSHSPTRKQGRYGRVSSKAYTRQLQQALEEKDAQLCFLAARLEAHKEQIIFLRDMLMRMCQQPASPTD,CCGGTGTTCGTTTCACTTAAAGCTGAAGTCTGCGATCAGTCTCATAGTCCAACAAGAAAGCAGGGCAGGTACGGGCGCGTGAGCTCCAAAGCATATACTCGACAGCTGCAGCAGGCCCTGGAAGAGAAGGACGCTCAGCTGTGTTTCCTGGCCGCAAGATTGGAGGCCCACAAGGAGCAAATCATTTTTCTCAGGGACATGCTCATGCGGATGTGCCAGCAACCCGCGAGCCCTACCGAT,-4.247105229,4.112703085,HHV tile
P52533_004,31,110,HHV6B,U84,RKKNVTTKTTIRNNRLQNNLSSQTVQTDKPVDSATARAFPQHTSPDIKFNKEKYRNNAIYAHSKLRKISNAVFHQDKEIN,AGGAAAAAGAACGTCACTACCAAAACTACAATCCGAAATAATCGGCTGCAGAACAATCTTAGCAGTCAGACCGTGCAGACAGACAAGCCTGTGGATTCCGCCACGGCTAGAGCGTTCCCACAACATACCTCACCCGATATTAAGTTCAACAAGGAAAAGTATAGGAATAACGCTATCTACGCACACTCTAAGCTCCGCAAAATTAGCAATGCCGTTTTTCACCAGGACAAAGAGATAAAC,-1.11787725,3.526194255,HHV tile
F5HIC6_025,241,320,KSHV,VIRF3,DLTLLDKESACALMYHVGQEMDMLMRAMCDEDLFDLLGIPEDVIATSQPGGDTDASGVVTEGSIAASAVGAGVEDVYLAG,GATCTTACCCTCCTGGATAAGGAGAGTGCCTGCGCTCTCATGTACCACGTGGGTCAGGAAATGGATATGCTGATGAGGGCGATGTGTGACGAGGATCTTTTCGACTTGCTGGGGATACCCGAAGACGTGATTGCTACATCTCAACCTGGTGGAGATACGGACGCAAGCGGCGTGGTAACTGAGGGATCAATCGCTGCCTCCGCCGTTGGGGCCGGCGTCGAAGACGTCTATCTGGCAGGC,2.948578483,3.635706834,HHV tile
P03179_055,541,620,EBV,MTP,VLGSTVPLGGLNFVNDLASPVSTAEMMDDFSPFFTVEFPPIQEEGASSPVPLDVDESMDISPSYELPWLSLESCLTSILS,GTTCTTGGGTCCACCGTGCCGCTTGGTGGACTCAATTTCGTCAACGATCTGGCCAGCCCTGTGTCCACAGCTGAAATGATGGATGACTTCAGTCCCTTCTTTACGGTCGAGTTTCCACCTATTCAGGAGGAGGGCGCAAGCTCACCTGTGCCACTGGACGTAGATGAATCAATGGACATCTCTCCCAGTTACGAATTGCCCTGGTTGAGCCTCGAGTCTTGCCTGACTTCCATACTGTCT,7.135532475,2.404403908,HHV tile
P03179_123,1221,1300,EBV,MTP,YVLQNAHQIACHFHSNGTDAWRFAMNYPRNPTEQGNIAGLCSRDGRHLALLCDPSLCTDFWQWEHIPPAFGHPTGCSPWT,TACGTGCTTCAGAATGCCCATCAGATTGCTTGCCACTTTCACTCTAACGGGACCGATGCCTGGCGGTTCGCAATGAATTATCCCCGCAACCCGACCGAGCAGGGGAACATAGCTGGTTTGTGCTCCAGGGATGGAAGACACCTCGCCCTGCTGTGTGACCCTTCACTGTGCACAGACTTTTGGCAATGGGAACATATCCCCCCAGCGTTCGGCCATCCTACTGGCTGTAGCCCATGGACG,-0.672267295,2.15999445,HHV tile
P36384_108,1071,1150,HSV2,DBP,ATVKSLGPRTQQLQIEDWLALLEDEYLSEEMMEFTTRALERGHGEWSTDAALEVAHEAEALVSQLGAAGEVFNFGDFGDA,GCCACTGTTAAGTCCCTTGGGCCCAGAACGCAGCAACTGCAGATCGAGGACTGGCTGGCACTCCTTGAAGATGAGTACCTGAGCGAGGAGATGATGGAGTTTACCACCCGGGCGTTGGAAAGGGGTCATGGAGAATGGTCTACAGACGCTGCACTGGAGGTGGCCCACGAGGCCGAAGCCTTGGTGTCACAGCTCGGAGCTGCTGGCGAAGTCTTCAACTTTGGCGATTTCGGGGACGCA,5.440756017,1.965282882,HHV tile
P29129_007,61,140,SuHV1,ICP0,PCMHKFCLDCIQRWTLTSTACPLCNARVTSILHHVDSDASFVETPVEGATDVDGEEDEPVGGGFAVIWGEDYTEEVRHEE,CCTTGCATGCATAAGTTCTGTTTGGATTGTATCCAGCGGTGGACCCTGACGTCAACTGCCTGCCCCCTCTGCAACGCAAGGGTCACTAGCATTCTGCATCACGTGGATTCTGACGCCTCCTTCGTCGAAACACCGGTGGAAGGCGCGACAGACGTAGACGGGGAGGAGGATGAGCCAGTGGGAGGCGGGTTTGCTGTGATATGGGGTGAAGACTACACCGAGGAAGTTAGACACGAGGAG,-1.191470583,3.966988438,HHV tile
Q1HVG4_063,621,700,EBV,EBNA4,PRQWPMPLRPIPLHPLRMQPISFNPAVRPTPHQPPQVEPTFYQSTWVKPPQQYQPQMGHIPYQPRPTGHSTMLRPQWAPT,CCCAGGCAGTGGCCAATGCCTCTTAGACCCATACCCCTCCATCCGCTGCGAATGCAGCCTATCTCCTTCAACCCAGCCGTTAGGCCGACGCCCCATCAACCACCTCAGGTGGAGCCAACCTTTTACCAGAGCACTTGGGTCAAGCCACCTCAACAGTATCAACCCCAGATGGGCCACATTCCTTACCAGCCACGCCCTACAGGGCACTCTACAATGCTGCGGCCCCAGTGGGCTCCCACC,-2.795954129,3.776137505,HHV tile
P19893_017,161,240,HCMV,IE2,KPPVPPAPIMLPLIKQEDIKPEPDFTIQYRNKIIDTAGCIVISDSEEEQGEEVETRGATASSPSTGSGTPRVTSPTHPLS,AAACCCCCTGTCCCCCCTGCACCAATTATGTTGCCACTGATCAAGCAAGAAGACATCAAGCCCGAACCTGACTTCACGATACAGTACAGGAACAAAATTATCGATACTGCTGGCTGCATCGTGATTTCAGATTCTGAGGAAGAGCAGGGGGAGGAGGTTGAGACAAGAGGCGCCACCGCCTCTTCCCCCTCCACTGGAAGTGGTACCCCACGGGTGACCAGCCCGACACACCCTCTCAGC,-3.054822051,4.248520744,HHV tile
P08560_008,71,150,HCMV,UL18,WMANVSAAYPTYLDGERAKGDLIFNQTEQNLLELEIALGYRSQSVLTWTHECNTTENGSFVAGYEGFGWDGETLMELKDN,TGGATGGCTAACGTGTCCGCCGCCTACCCCACCTATCTGGACGGTGAGAGGGCAAAGGGAGATCTTATCTTTAATCAGACCGAACAAAATCTCCTGGAGCTCGAGATTGCTCTGGGATATAGATCTCAGAGCGTTCTGACGTGGACTCACGAATGCAACACTACAGAGAACGGCTCATTCGTCGCGGGGTACGAAGGGTTCGGCTGGGACGGCGAGACATTGATGGAACTTAAAGATAAT,-2.277583781,4.004786384,HHV tile
Q9QJ12_059,581,660,HHV6B,U95,LRAIKKLNFDYDDRGENIGFPSKLAALLSMGENMSKMDNPCYGTSLAQFEESHQQNASEGKISIADLEFSEEDDVLSSAA,CTGAGAGCAATAAAGAAGTTGAACTTTGATTATGACGACAGGGGCGAAAATATCGGTTTCCCCAGCAAGCTCGCCGCCCTGCTTTCAATGGGGGAGAACATGTCCAAAATGGATAACCCTTGCTACGGAACCTCACTGGCTCAGTTTGAGGAAAGCCACCAGCAAAATGCGAGTGAGGGCAAAATCAGTATTGCTGACCTGGAATTCTCTGAGGAGGATGACGTGCTCTCCTCTGCAGCC,-4.205167465,2.53374805,HHV tile
P04413_030,291,370,HSV1,US3,SAVDYIHRQGIIHRDIKTENIFINTPEDICLGDFGAACFVQGSRSSPFPYGIAGTIDTNAPEVLAGDPYTTTVDIWSAGL,TCCGCCGTGGACTACATCCATAGGCAAGGAATCATCCACCGGGATATTAAGACGGAGAACATTTTTATCAACACTCCCGAGGATATATGCCTGGGCGATTTCGGGGCTGCCTGTTTTGTGCAGGGCAGTAGATCTAGCCCATTCCCTTATGGTATCGCTGGAACCATAGACACAAATGCACCCGAAGTCCTCGCGGGGGACCCGTACACAACCACTGTTGACATTTGGTCAGCCGGCTTG,-1.49238963,2.378622272,HHV tile
Q3KSV2_007,61,140,EBV,EBNA2,PPPPPPQRRDAWTQEPSPLDWDPLGYDVGHGPLASAMRMLWMANYIVRQSRGDRGLILPQGPQTAPQAMLVQPHVPPLRP,CCTCCACCGCCCCCTCCACAGAGAAGAGATGCCTGGACCCAAGAGCCCAGCCCTCTGGATTGGGACCCCCTCGGGTACGATGTGGGACACGGCCCACTGGCCTCCGCTATGAGGATGCTTTGGATGGCTAACTATATCGTGCGCCAATCTCGGGGCGACCGAGGTCTGATTTTGCCTCAGGGGCCACAGACAGCGCCCCAGGCAATGCTCGTCCAGCCGCATGTTCCTCCACTGAGGCCC,-2.10528582,2.359919387,HHV tile
P52523_007,61,140,HHV7,U8,WLRLAQPVDVAGYSEQQLAELNDHYQGFKENLCLIGAIQIGRKDVPIFVGKSSRIFCHDLEDDVLYYIAEDFDKFVRFGI,TGGCTGAGGCTTGCACAGCCCGTAGATGTGGCCGGGTACAGCGAGCAGCAGCTGGCCGAGCTCAACGATCATTATCAAGGTTTCAAGGAGAATTTGTGCCTGATAGGCGCTATTCAGATCGGACGCAAAGACGTGCCTATCTTTGTGGGGAAATCCTCTCGGATCTTCTGTCACGATCTGGAAGACGATGTCCTCTATTACATTGCGGAAGACTTTGACAAGTTTGTTAGATTCGGCATT,-1.859017751,4.288637273,HHV tile
P30005_034,331,410,HHV6A,gO,IVKRSDFPRPMYTPTDIPTLTIRLNATIKTEQNTENPKSPPKPTNFENTTIRIPKTFESATVTTNATQKIESTTFTTIGI,ATAGTCAAGCGGTCAGATTTTCCGAGGCCTATGTACACCCCCACAGACATTCCCACCCTCACCATCAGACTGAACGCCACTATAAAAACAGAGCAAAATACCGAGAACCCTAAAAGCCCACCTAAACCAACCAACTTCGAGAATACGACCATCCGCATTCCCAAGACTTTCGAATCCGCAACCGTGACAACTAATGCTACGCAGAAGATCGAATCTACAACTTTTACAACTATTGGCATC,-1.674342789,2.823023037,HHV tile
Q9PWX1_032,311,390,HHV6B,DR1,HLTRGRRDCGRSLQGEEPSAAEDFARCRPLLDELCGEGGWLPFAFLTASPHVCLILTEGGPVLALDLNDTSLWRIADDLE,CACCTGACACGAGGTAGACGGGACTGCGGGAGATCTCTGCAGGGGGAGGAACCCAGCGCTGCAGAGGACTTTGCCAGGTGTCGCCCCCTGCTCGACGAACTCTGCGGAGAAGGAGGCTGGCTGCCGTTCGCGTTCCTTACTGCCTCCCCACATGTGTGTTTGATTCTGACGGAGGGCGGCCCTGTCCTTGCTCTGGATCTCAACGATACCTCATTGTGGAGGATCGCCGACGATTTGGAG,-0.436837268,2.195494194,HHV tile
Q2HR71_028,271,350,KSHV,VIRF2,PVIFPHETQGLLAPPAGQSQTPFSPEGPVPSHVSGLDDCLPMVDHIEGCLLDLLSDVGQELPDLGDLGELLCETASPQGP,CCCGTGATTTTCCCACACGAGACACAGGGGCTTCTGGCCCCGCCTGCTGGTCAGTCACAGACTCCATTTAGCCCTGAAGGCCCCGTTCCCTCTCACGTAAGTGGACTCGACGATTGTCTGCCAATGGTCGACCATATCGAGGGGTGCTTGCTTGACTTGCTCAGCGATGTGGGTCAGGAACTCCCTGATCTGGGAGACCTGGGCGAGCTGCTGTGCGAAACCGCATCCCCCCAAGGCCCT,9.754727775,2.855355659,HHV tile
P52351_041,401,480,HHV7,SCAF,TKKKKRYREDDDRELTKDKNDIKELVDAIGMLRHEISALKYIRSQSPQRQHCTAVDTMPTIEEKNVASPKPSVVNASLTP,ACGAAAAAGAAAAAGCGGTACCGCGAGGATGATGACCGAGAGCTGACTAAGGACAAGAACGACATTAAAGAACTCGTGGATGCAATCGGCATGCTGAGGCATGAAATAAGCGCTTTGAAGTATATTAGGAGCCAAAGTCCGCAGAGACAGCACTGCACCGCCGTAGACACAATGCCAACAATCGAAGAGAAGAACGTGGCGTCACCCAAACCTTCTGTTGTCAATGCCTCCCTTACCCCC,-3.921454515,2.38087528,HHV tile
P10201_006,51,130,HSV1,CVC1,GTAANFQVEIQTRAHATGDCTPWCTAFAAYVPADAVGELLAPVVPAHPGLLPRASSAGGLFVSLPVVCDAQGVYDPYAVA,GGCACCGCTGCCAACTTCCAGGTGGAGATCCAGACAAGGGCACATGCCACGGGGGATTGTACTCCCTGGTGCACCGCATTTGCCGCGTACGTTCCTGCCGACGCGGTCGGCGAACTGTTGGCACCAGTTGTGCCCGCTCACCCTGGTCTGCTCCCCAGAGCCTCCTCTGCCGGAGGACTGTTCGTGAGCCTTCCGGTCGTATGCGATGCTCAAGGGGTGTATGACCCATACGCTGTGGCA,-1.426072018,2.192719492,HHV tile
P03206_001,1,80,EBV,BZLF1,MMDPNSTSEDVKFTPDPYQVPFVQAFDQATRVYQDLGGPSQAPLPCVLWPVLPEPLPQGQLTAYHVSTAPTGSWFSAPQP,ATGATGGATCCAAACAGCACATCAGAAGACGTGAAGTTCACGCCAGACCCTTACCAGGTCCCCTTTGTTCAGGCTTTCGACCAGGCAACCAGGGTATATCAGGATCTTGGAGGCCCTTCCCAAGCGCCACTGCCGTGCGTCTTGTGGCCAGTGCTGCCCGAGCCTCTGCCTCAAGGGCAGCTCACCGCTTACCACGTGAGTACAGCCCCCACTGGTTCTTGGTTTAGCGCCCCGCAGCCC,-2.809531463,2.644107679,HHV tile
P03206_015,141,220,EBV,BZLF1,LADIGVPQPAPVAAPARRTRKPQQPESLEECDSELEIKRYKNRVASRKCRAKFKQLLQHYREVAAAKSSENDRLRLLLKQ,TTGGCCGATATTGGCGTGCCCCAGCCTGCTCCAGTAGCTGCACCAGCGAGGAGAACCCGGAAGCCCCAACAGCCTGAGTCATTGGAAGAATGTGACTCCGAGCTGGAGATCAAAAGATACAAGAATCGAGTGGCAAGTCGAAAGTGCCGGGCCAAATTCAAGCAGCTGCTCCAACACTATAGGGAAGTCGCTGCCGCCAAGAGCTCTGAGAACGACCGCCTGCGCCTCCTGCTTAAACAG,-2.772597404,2.189652226,HHV tile
F5HCV3_060,591,670,RTA,KSHV,FALLDEAGPETWDVGSPLSPTDDALLSSILQGLYQLDTPPPLRSPSPASFGPESPADIPSPSGGEYTQLQPVRATSATPA,TTCGCCCTGCTTGACGAAGCTGGTCCTGAAACATGGGATGTCGGGTCCCCTCTGTCACCAACCGATGACGCACTGTTGTCCAGTATCCTTCAGGGCCTCTATCAGTTGGATACGCCACCCCCACTCAGAAGCCCGTCACCTGCCTCTTTTGGCCCCGAGTCTCCAGCCGACATTCCTAGCCCGAGCGGAGGGGAGTACACTCAGCTGCAACCCGTGAGGGCAACCAGTGCGACACCCGCT,9.868061887,2.179166374,HHV tile
